date,ticker,company_name,market_sector,open,high,low,close,adj_close,volume,run_date
19/01/2026,A,"Agilent Technologies, Inc.",Healthcare,144.1999969,144.8800049,139.4900055,139.6399994,139.6399994,2603400,2026-01-25 21:27:44 UTC
23/01/2026,A,"Agilent Technologies, Inc.",Healthcare,138,138.3699951,133.9600067,135.0500031,135.0500031,1811600,2026-01-25 21:27:44 UTC
19/01/2026,AAPL,Apple Inc.,Technology,257.8999939,258.8999939,254.9299927,255.5299988,255.5299988,72142800,2026-01-25 21:27:44 UTC
23/01/2026,AAPL,Apple Inc.,Technology,247.3200073,249.4100037,244.6799927,248.0399933,248.0399933,41625700,2026-01-25 21:27:44 UTC
19/01/2026,ABBV,AbbVie Inc.,Healthcare,215.6100006,217.3500061,213.8800049,214.3500061,214.3500061,8649700,2026-01-25 21:27:44 UTC
23/01/2026,ABBV,AbbVie Inc.,Healthcare,217.2599945,219.8200073,215.8800049,219.2599945,219.2599945,5816400,2026-01-25 21:27:44 UTC
19/01/2026,ABNB,"Airbnb, Inc.",Consumer Cyclical,132.6000061,132.7599945,129.8500061,130.6600037,130.6600037,5061700,2026-01-25 21:27:44 UTC
23/01/2026,ABNB,"Airbnb, Inc.",Consumer Cyclical,133.2100067,134.8200073,131.7100067,132.1499939,132.1499939,4302400,2026-01-25 21:27:44 UTC
19/01/2026,ABT,Abbott Laboratories,Healthcare,123.2300034,123.4899979,121.5400009,121.7600021,121.7600021,10418200,2026-01-25 21:27:44 UTC
23/01/2026,ABT,Abbott Laboratories,Healthcare,108.2699966,110.0500031,106.0800018,107.4199982,107.4199982,21810200,2026-01-25 21:27:44 UTC
19/01/2026,ACGL,Arch Capital Group Ltd.,Financial Services,90.80999756,90.91999817,89.94000244,90.65000153,90.65000153,7704400,2026-01-25 21:27:44 UTC
23/01/2026,ACGL,Arch Capital Group Ltd.,Financial Services,92.01999664,93.26999664,91.44000244,92.95999908,92.95999908,1686600,2026-01-25 21:27:44 UTC
19/01/2026,ACN,Accenture plc,Technology,285.4299927,289.1600037,280.7399902,286.2099915,286.2099915,5702500,2026-01-25 21:27:44 UTC
23/01/2026,ACN,Accenture plc,Technology,284.3399963,285.9400024,279.6799927,281.0700073,281.0700073,2565300,2026-01-25 21:27:44 UTC
19/01/2026,ADBE,Adobe Inc.,Technology,304.5599976,304.8800049,295.4200134,296.1199951,296.1199951,8534400,2026-01-25 21:27:44 UTC
23/01/2026,ADBE,Adobe Inc.,Technology,301.4599915,303.8399963,299.2000122,301.0700073,301.0700073,4366200,2026-01-25 21:27:44 UTC
19/01/2026,ADI,"Analog Devices, Inc.",Technology,307.5299988,309.1799927,299.6900024,300.25,300.25,4261100,2026-01-25 21:27:44 UTC
23/01/2026,ADI,"Analog Devices, Inc.",Technology,310.4899902,313.5400085,303.1600037,305.6000061,305.6000061,2907000,2026-01-25 21:27:44 UTC
19/01/2026,ADM,Archer-Daniels-Midland Company,Consumer Defensive,66,66.52999878,64.95999908,65.18000031,65.18000031,3660600,2026-01-25 21:27:44 UTC
23/01/2026,ADM,Archer-Daniels-Midland Company,Consumer Defensive,67.58999634,68.05999756,66.69000244,67.51000214,67.51000214,3013600,2026-01-25 21:27:44 UTC
19/01/2026,ADP,"Automatic Data Processing, Inc.",Technology,260.019989,261.0899963,257.5700073,260.4400024,260.4400024,2880300,2026-01-25 21:27:44 UTC
23/01/2026,ADP,"Automatic Data Processing, Inc.",Technology,258.1300049,260.6499939,256.8800049,257.8699951,257.8699951,2114200,2026-01-25 21:27:44 UTC
19/01/2026,ADSK,"Autodesk, Inc.",Technology,262.7200012,266.3999939,260.7200012,265.6900024,265.6900024,3839400,2026-01-25 21:27:44 UTC
23/01/2026,ADSK,"Autodesk, Inc.",Technology,269.4100037,271.2900085,266.8699951,270,270,1493400,2026-01-25 21:27:44 UTC
19/01/2026,AEE,Ameren Corporation,Utilities,102.8899994,104.1399994,102.5299988,104,104,1874900,2026-01-25 21:27:44 UTC
23/01/2026,AEE,Ameren Corporation,Utilities,102.5500031,102.8099976,101.5699997,102.3199997,102.3199997,1195200,2026-01-25 21:27:44 UTC
19/01/2026,AEP,"American Electric Power Company, Inc.",Utilities,119.0199966,120.1399994,118.2200012,119.9599991,119.9599991,4044500,2026-01-25 21:27:44 UTC
23/01/2026,AEP,"American Electric Power Company, Inc.",Utilities,116.9300003,117.1699982,115.5599976,116.6299973,116.6299973,2525300,2026-01-25 21:27:44 UTC
19/01/2026,AES,The AES Corporation,Utilities,14.31999969,14.80000019,14.14000034,14.18999958,14.18999958,10519600,2026-01-25 21:27:44 UTC
23/01/2026,AES,The AES Corporation,Utilities,14.56999969,14.61999989,14.14999962,14.25,14.25,6831700,2026-01-25 21:27:44 UTC
19/01/2026,AFL,Aflac Incorporated,Financial Services,109.2799988,109.9100037,108.9899979,109.5100021,109.5100021,6139900,2026-01-25 21:27:44 UTC
23/01/2026,AFL,Aflac Incorporated,Financial Services,108.2699966,108.5800018,106.3199997,107.0899963,107.0899963,1859200,2026-01-25 21:27:44 UTC
19/01/2026,AIG,"American International Group, Inc.",Financial Services,73.59999847,73.98000336,72.80000305,72.93000031,72.93000031,5744600,2026-01-25 21:27:44 UTC
23/01/2026,AIG,"American International Group, Inc.",Financial Services,71.81999969,72.43000031,71.25,72.31999969,72.31999969,3858600,2026-01-25 21:27:44 UTC
19/01/2026,AIZ,"Assurant, Inc.",Financial Services,238.1799927,238.1799927,233.2700043,234,234,406800,2026-01-25 21:27:44 UTC
23/01/2026,AIZ,"Assurant, Inc.",Financial Services,236.0899963,236.8800049,231.3999939,233.3899994,233.3899994,259200,2026-01-25 21:27:44 UTC
19/01/2026,AJG,Arthur J. Gallagher & Co.,Financial Services,255.2299957,258.5899963,253.3899994,258.519989,258.519989,2126400,2026-01-25 21:27:44 UTC
23/01/2026,AJG,Arthur J. Gallagher & Co.,Financial Services,248.5800018,253.7200012,248.5800018,253.2100067,253.2100067,1504800,2026-01-25 21:27:44 UTC
19/01/2026,AKAM,"Akamai Technologies, Inc.",Technology,93.13999939,95.04000092,92.56999969,93.48999786,93.48999786,4081100,2026-01-25 21:27:44 UTC
23/01/2026,AKAM,"Akamai Technologies, Inc.",Technology,96.52999878,96.98999786,94.88999939,95.08000183,95.08000183,2934100,2026-01-25 21:27:44 UTC
19/01/2026,ALB,Albemarle Corporation,Basic Materials,166.1999969,166.4799957,161.7599945,163.0399933,163.0399933,4817600,2026-01-25 21:27:44 UTC
23/01/2026,ALB,Albemarle Corporation,Basic Materials,188.6799927,191.9700012,185.2100067,189.5099945,189.5099945,3021100,2026-01-25 21:27:44 UTC
19/01/2026,ALGN,"Align Technology, Inc.",Healthcare,171,174.6699982,171,171.4900055,171.4900055,1371000,2026-01-25 21:27:44 UTC
23/01/2026,ALGN,"Align Technology, Inc.",Healthcare,168.1999969,169.8699951,167.5700073,168.7299957,168.7299957,408000,2026-01-25 21:27:44 UTC
19/01/2026,ALL,The Allstate Corporation,Financial Services,195.0500031,195.7299957,191.8000031,192.2799988,192.2799988,2401300,2026-01-25 21:27:44 UTC
23/01/2026,ALL,The Allstate Corporation,Financial Services,194.3399963,194.8399963,191.6300049,193.6499939,193.6499939,1460100,2026-01-25 21:27:44 UTC
19/01/2026,ALLE,Allegion plc,Industrials,163.6100006,166.1000061,162.5299988,164.9900055,164.9900055,987700,2026-01-25 21:27:44 UTC
23/01/2026,ALLE,Allegion plc,Industrials,166.4400024,168.8000031,166.3099976,166.8000031,166.8000031,1255500,2026-01-25 21:27:44 UTC
19/01/2026,AMAT,"Applied Materials, Inc.",Technology,325.7200012,330.1900024,320.1700134,327.0100098,327.0100098,11399300,2026-01-25 21:27:44 UTC
23/01/2026,AMAT,"Applied Materials, Inc.",Technology,318.980011,323.6400146,311.0700073,322.3800049,322.3800049,6197200,2026-01-25 21:27:44 UTC
19/01/2026,AMCR,Amcor plc,Consumer Cyclical,43.88000107,43.88999939,40.84999847,40.93999863,40.93999863,10280300,2026-01-25 21:27:44 UTC
23/01/2026,AMCR,Amcor plc,Consumer Cyclical,42.59999847,44.40000153,42.50999832,44.27999878,44.27999878,15260600,2026-01-25 21:27:44 UTC
19/01/2026,AMD,"Advanced Micro Devices, Inc.",Technology,234.3000031,234.4900055,228.8600006,231.8300018,231.8300018,42545600,2026-01-25 21:27:44 UTC
23/01/2026,AMD,"Advanced Micro Devices, Inc.",Technology,261.1799927,266.9599915,256.25,259.6799927,259.6799927,47426900,2026-01-25 21:27:44 UTC
19/01/2026,AME,"AMETEK, Inc.",Industrials,214.9400024,215.8500061,213.0599976,215.6499939,215.6499939,1318600,2026-01-25 21:27:44 UTC
23/01/2026,AME,"AMETEK, Inc.",Industrials,223.9100037,224.3699951,219.6399994,220.7400055,220.7400055,2177900,2026-01-25 21:27:44 UTC
19/01/2026,AMGN,Amgen Inc.,Healthcare,328.7000122,333.0299988,326.8999939,330.4100037,330.4100037,4033700,2026-01-25 21:27:44 UTC
23/01/2026,AMGN,Amgen Inc.,Healthcare,346.1799927,349.230011,341.8200073,344.75,344.75,2024900,2026-01-25 21:27:44 UTC
19/01/2026,AMP,"Ameriprise Financial, Inc.",Financial Services,507.1499939,512.6199951,504.7099915,509.3200073,509.3200073,647500,2026-01-25 21:27:44 UTC
23/01/2026,AMP,"Ameriprise Financial, Inc.",Financial Services,504.4599915,506.5400085,491.0400085,496.6000061,496.6000061,772000,2026-01-25 21:27:44 UTC
19/01/2026,AMT,American Tower Corporation,Real Estate,179.6799927,184.1699982,178.6499939,183.5700073,183.5700073,4130800,2026-01-25 21:27:44 UTC
23/01/2026,AMT,American Tower Corporation,Real Estate,176.3800049,179.6999969,175.1499939,178.75,178.75,2869700,2026-01-25 21:27:44 UTC
19/01/2026,AMZN,"Amazon.com, Inc.",Consumer Cyclical,239.0899963,239.5700073,236.4100037,239.1199951,239.1199951,45888300,2026-01-25 21:27:44 UTC
23/01/2026,AMZN,"Amazon.com, Inc.",Consumer Cyclical,234.9600067,240.4499969,234.5700073,239.1600037,239.1600037,33744100,2026-01-25 21:27:44 UTC
19/01/2026,ANET,"Arista Networks, Inc.",Technology,132.1799927,132.9400024,129.3300018,129.8300018,129.8300018,5987000,2026-01-25 21:27:44 UTC
23/01/2026,ANET,"Arista Networks, Inc.",Technology,138.3699951,138.8999939,134.8600006,136.3399963,136.3399963,8053100,2026-01-25 21:27:44 UTC
19/01/2026,AON,Aon plc,Financial Services,343.2799988,344.3900146,340.6000061,343.8599854,343.8599854,882900,2026-01-25 21:27:44 UTC
23/01/2026,AON,Aon plc,Financial Services,336.1400146,338.8399963,333.8500061,338.6900024,338.6900024,1053400,2026-01-25 21:27:44 UTC
19/01/2026,AOS,A. O. Smith Corporation,Industrials,71.91999817,72.55000305,71.62999725,72.48000336,72.48000336,1153800,2026-01-25 21:27:44 UTC
23/01/2026,AOS,A. O. Smith Corporation,Industrials,73.05000305,73.19000244,71.98000336,72.45999908,72.45999908,943500,2026-01-25 21:27:44 UTC
19/01/2026,APA,APA Corporation,Energy,26.04000092,26.13999939,25.54000092,25.78000069,25.53715897,3594900,2026-01-25 21:27:44 UTC
23/01/2026,APA,APA Corporation,Energy,26.21999931,26.59000015,25.70000076,25.79999924,25.79999924,6905900,2026-01-25 21:27:44 UTC
19/01/2026,APD,"Air Products and Chemicals, Inc.",Basic Materials,264,267.8500061,264,267.5299988,267.5299988,1459800,2026-01-25 21:27:44 UTC
23/01/2026,APD,"Air Products and Chemicals, Inc.",Basic Materials,264.0700073,264.2099915,259.6000061,261.3500061,261.3500061,1294800,2026-01-25 21:27:44 UTC
19/01/2026,APH,Amphenol Corporation,Technology,155,155,151.6199951,154.3899994,154.3899994,9602100,2026-01-25 21:27:44 UTC
23/01/2026,APH,Amphenol Corporation,Technology,151.25,151.8000031,147.8999939,150.9900055,150.9900055,7333300,2026-01-25 21:27:44 UTC
19/01/2026,APO,"Apollo Global Management, Inc.",Financial Services,143.2299957,146.1999969,143.2299957,143.8800049,143.8800049,2295600,2026-01-25 21:27:44 UTC
23/01/2026,APO,"Apollo Global Management, Inc.",Financial Services,138.9700012,139.6900024,135.7700043,136.3099976,136.3099976,3502800,2026-01-25 21:27:44 UTC
19/01/2026,APP,AppLovin Corporation,Communication Services,615.2650146,615.2650146,559.8200073,568.7600098,568.7600098,8576800,2026-01-25 21:27:44 UTC
23/01/2026,APP,AppLovin Corporation,Communication Services,521.5,535.7000122,509.0400085,524.4099731,524.4099731,4824900,2026-01-25 21:27:44 UTC
19/01/2026,APTV,Aptiv PLC,Consumer Cyclical,82.63999939,83.01000214,77.44999695,78.61000061,78.61000061,4573200,2026-01-25 21:27:44 UTC
23/01/2026,APTV,Aptiv PLC,Consumer Cyclical,77.16999817,77.88999939,76.04000092,76.47000122,76.47000122,1507800,2026-01-25 21:27:44 UTC
19/01/2026,ARE,"Alexandria Real Estate Equities, Inc.",Real Estate,56.95999908,58.22000122,56.79000092,57.88999939,57.88999939,2688800,2026-01-25 21:27:44 UTC
23/01/2026,ARE,"Alexandria Real Estate Equities, Inc.",Real Estate,57.86999893,59.75999832,57.84999847,59.68999863,59.68999863,1922100,2026-01-25 21:27:44 UTC
19/01/2026,ARM,Arm Holdings plc,Technology,106.6600037,107.9599991,105.1900024,105.7799988,105.7799988,5291100,2026-01-25 21:27:44 UTC
23/01/2026,ARM,Arm Holdings plc,Technology,120.8799973,121.8499985,114.5800018,116.0699997,116.0699997,6798000,2026-01-25 21:27:44 UTC
19/01/2026,ASML,ASML Holding N.V.,Technology,1355.709961,1375.369995,1338.23999,1358.569946,1358.569946,2469100,2026-01-25 21:27:44 UTC
23/01/2026,ASML,ASML Holding N.V.,Technology,1376.319946,1393.359985,1363.27002,1389.040039,1389.040039,1554200,2026-01-25 21:27:44 UTC
19/01/2026,ATO,Atmos Energy Corporation,Utilities,169.3699951,170.6699982,169.1300049,170.4700012,170.4700012,1372900,2026-01-25 21:27:44 UTC
23/01/2026,ATO,Atmos Energy Corporation,Utilities,165.2599945,165.5299988,163.5700073,165.3399963,165.3399963,2542700,2026-01-25 21:27:44 UTC
19/01/2026,AVB,"AvalonBay Communities, Inc.",Real Estate,180.1499939,183,178.1600037,182.4199982,182.4199982,1642400,2026-01-25 21:27:44 UTC
23/01/2026,AVB,"AvalonBay Communities, Inc.",Real Estate,175.3699951,178.8300018,175.0800018,178.7700043,178.7700043,1198800,2026-01-25 21:27:44 UTC
19/01/2026,AVGO,Broadcom Inc.,Technology,346.269989,354.5100098,344.0499878,351.7099915,351.7099915,31291200,2026-01-25 21:27:44 UTC
23/01/2026,AVGO,Broadcom Inc.,Technology,319.2999878,321.9899902,314.1099854,320.0499878,320.0499878,30224400,2026-01-25 21:27:44 UTC
19/01/2026,AVY,Avery Dennison Corporation,Consumer Cyclical,188.0099945,188.8099976,185.7799988,188.6499939,188.6499939,767100,2026-01-25 21:27:44 UTC
23/01/2026,AVY,Avery Dennison Corporation,Consumer Cyclical,185.3800049,187.4700012,184.6600037,187.4299927,187.4299927,495100,2026-01-25 21:27:44 UTC
19/01/2026,AWK,"American Water Works Company, Inc.",Utilities,132.6900024,133.7299957,132.3200073,133.3399963,133.3399963,1532000,2026-01-25 21:27:44 UTC
23/01/2026,AWK,"American Water Works Company, Inc.",Utilities,131.5599976,131.8800049,129.2700043,129.7100067,129.7100067,1184600,2026-01-25 21:27:44 UTC
19/01/2026,AXON,"Axon Enterprise, Inc.",Industrials,641.0900269,649.2999878,633.0900269,636.039978,636.039978,678400,2026-01-25 21:27:44 UTC
23/01/2026,AXON,"Axon Enterprise, Inc.",Industrials,608.7999878,622.3900146,605,613.1400146,613.1400146,423000,2026-01-25 21:27:44 UTC
19/01/2026,AXP,American Express Company,Financial Services,361.1499939,369.3999939,359.8999939,364.7900085,364.7900085,3555100,2026-01-25 21:27:44 UTC
23/01/2026,AXP,American Express Company,Financial Services,362.730011,363.75,358.25,361.6900024,361.6900024,2801800,2026-01-25 21:27:44 UTC
19/01/2026,AZN,AstraZeneca PLC,Healthcare,94.47000122,94.68000031,93.51000214,94.38999939,94.38999939,55050500,2026-01-25 21:27:44 UTC
23/01/2026,AZN,AstraZeneca PLC,Healthcare,92.05999756,92.98999786,91.44000244,92.94999695,92.94999695,4322800,2026-01-25 21:27:44 UTC
19/01/2026,AZO,"AutoZone, Inc.",Consumer Cyclical,3456.629883,3528.399902,3410.719971,3522.02002,3522.02002,192100,2026-01-25 21:27:44 UTC
23/01/2026,AZO,"AutoZone, Inc.",Consumer Cyclical,3711.52002,3731.659912,3652.379883,3700,3700,173800,2026-01-25 21:27:44 UTC
19/01/2026,BA,The Boeing Company,Industrials,247.75,248.1900024,244.9600067,247.6799927,247.6799927,5944200,2026-01-25 21:27:44 UTC
23/01/2026,BA,The Boeing Company,Industrials,252.7400055,253.7700043,249.0200043,252.1499939,252.1499939,7073100,2026-01-25 21:27:44 UTC
19/01/2026,BAC,Bank of America Corporation,Financial Services,52.68999863,53.38000107,52.25,52.97000122,52.97000122,52178400,2026-01-25 21:27:44 UTC
23/01/2026,BAC,Bank of America Corporation,Financial Services,52.11000061,52.20000076,51.38000107,51.72000122,51.72000122,34532500,2026-01-25 21:27:44 UTC
19/01/2026,BALL,Ball Corporation,Consumer Cyclical,55.63999939,56.20999908,55.25999832,56.08000183,56.08000183,2401000,2026-01-25 21:27:44 UTC
23/01/2026,BALL,Ball Corporation,Consumer Cyclical,56.38000107,57.5,56.27000046,57.36000061,57.36000061,1736600,2026-01-25 21:27:44 UTC
19/01/2026,BAX,Baxter International Inc.,Healthcare,20.20000076,20.40999985,20.05999947,20.11000061,20.11000061,7638900,2026-01-25 21:27:44 UTC
23/01/2026,BAX,Baxter International Inc.,Healthcare,19.87999916,20.02000046,19.43000031,19.84000015,19.84000015,7414000,2026-01-25 21:27:44 UTC
19/01/2026,BBY,"Best Buy Co., Inc.",Consumer Cyclical,67.5,67.77999878,66,67.76000214,67.76000214,6554500,2026-01-25 21:27:44 UTC
23/01/2026,BBY,"Best Buy Co., Inc.",Consumer Cyclical,66.80000305,67.44000244,66.38999939,67.05000305,67.05000305,3154300,2026-01-25 21:27:44 UTC
19/01/2026,BDX,"Becton, Dickinson and Company",Healthcare,207.0800018,209.1199951,206.6499939,207.1100006,207.1100006,1590400,2026-01-25 21:27:44 UTC
23/01/2026,BDX,"Becton, Dickinson and Company",Healthcare,205.5,205.5200043,195.6300049,201.7899933,201.7899933,3433300,2026-01-25 21:27:44 UTC
19/01/2026,BEN,"Franklin Resources, Inc.",Financial Services,25.95999908,26.25,25.82999992,26,26,4395100,2026-01-25 21:27:44 UTC
23/01/2026,BEN,"Franklin Resources, Inc.",Financial Services,25.62999916,25.70000076,25.29999924,25.30999947,25.30999947,3460800,2026-01-25 21:27:44 UTC
19/01/2026,BF-B,Brown-Forman Corporation,Consumer Defensive,26.96999931,27.09000015,26.12000084,26.39999962,26.39999962,3950200,2026-01-25 21:27:44 UTC
23/01/2026,BF-B,Brown-Forman Corporation,Consumer Defensive,27.67000008,27.81999969,27.23999977,27.56999969,27.56999969,4131900,2026-01-25 21:27:44 UTC
19/01/2026,BG,Bunge Global SA,Consumer Defensive,107.6399994,108.8300018,106.9599991,107.8099976,107.8099976,1976500,2026-01-25 21:27:44 UTC
23/01/2026,BG,Bunge Global SA,Consumer Defensive,113.4199982,114,111.6200027,113.5999985,113.5999985,1486600,2026-01-25 21:27:44 UTC
19/01/2026,BIIB,Biogen Inc.,Healthcare,168.8699951,169.3399963,163.7400055,164.4199982,164.4199982,1816100,2026-01-25 21:27:44 UTC
23/01/2026,BIIB,Biogen Inc.,Healthcare,173.1699982,173.8999939,170.0399933,171.5899963,171.5899963,1250500,2026-01-25 21:27:44 UTC
19/01/2026,BK,The Bank of New York Mellon Corporation,Financial Services,123.7799988,124.3499985,121.2699966,121.3300018,120.7949295,4721000,2026-01-25 21:27:44 UTC
23/01/2026,BK,The Bank of New York Mellon Corporation,Financial Services,119.1500015,119.5199966,117.3499985,117.6100006,117.6100006,3861800,2026-01-25 21:27:44 UTC
19/01/2026,BKNG,Booking Holdings Inc.,Consumer Cyclical,5193.060059,5228,5103.560059,5115.910156,5115.910156,373100,2026-01-25 21:27:44 UTC
23/01/2026,BKNG,Booking Holdings Inc.,Consumer Cyclical,5067.240234,5129.830078,5067.240234,5098.5,5098.5,207700,2026-01-25 21:27:44 UTC
19/01/2026,BKR,Baker Hughes Company,Energy,52.02000046,52.33000183,51.13999939,51.75,51.75,8595500,2026-01-25 21:27:44 UTC
23/01/2026,BKR,Baker Hughes Company,Energy,55.31000137,55.31000137,53.79999924,53.91999817,53.91999817,15013700,2026-01-25 21:27:44 UTC
19/01/2026,BLDR,"Builders FirstSource, Inc.",Industrials,128.5,131.5,126.7900009,126.7900009,126.7900009,2466500,2026-01-25 21:27:44 UTC
23/01/2026,BLDR,"Builders FirstSource, Inc.",Industrials,124.9199982,125.4199982,122.2799988,122.3600006,122.3600006,1699200,2026-01-25 21:27:44 UTC
19/01/2026,BLK,"BlackRock, Inc.",Financial Services,1159.5,1181.359985,1159,1163.170044,1163.170044,1125600,2026-01-25 21:27:44 UTC
23/01/2026,BLK,"BlackRock, Inc.",Financial Services,1133.910034,1136.48999,1121,1129.910034,1129.910034,730400,2026-01-25 21:27:44 UTC
19/01/2026,BMY,Bristol-Myers Squibb Company,Healthcare,56.45999908,56.56000137,55.09999847,55.25999832,55.25999832,13702900,2026-01-25 21:27:44 UTC
23/01/2026,BMY,Bristol-Myers Squibb Company,Healthcare,54.97999954,55.18000031,54.22999954,54.65000153,54.65000153,9701700,2026-01-25 21:27:44 UTC
19/01/2026,BR,"Broadridge Financial Solutions, Inc.",Technology,218.5299988,220.0099945,216.6499939,218.6399994,218.6399994,696400,2026-01-25 21:27:44 UTC
23/01/2026,BR,"Broadridge Financial Solutions, Inc.",Technology,207.6900024,209.1199951,204.6100006,207.5399933,207.5399933,836900,2026-01-25 21:27:44 UTC
19/01/2026,BRK-B,Berkshire Hathaway Inc.,Financial Services,491.6700134,495.1600037,490.8999939,493.2900085,493.2900085,4807400,2026-01-25 21:27:44 UTC
23/01/2026,BRK-B,Berkshire Hathaway Inc.,Financial Services,482.2600098,483.4200134,478.4400024,478.9700012,478.9700012,5433600,2026-01-25 21:27:44 UTC
19/01/2026,BRO,"Brown & Brown, Inc.",Financial Services,79.40000153,80.20999908,79,80.01000214,80.01000214,1978900,2026-01-25 21:27:44 UTC
23/01/2026,BRO,"Brown & Brown, Inc.",Financial Services,77.98999786,79.33999634,77.98999786,79.18000031,79.18000031,2734400,2026-01-25 21:27:44 UTC
19/01/2026,BSX,Boston Scientific Corporation,Healthcare,90.01999664,90.01999664,88.04000092,88.06999969,88.06999969,17377000,2026-01-25 21:27:44 UTC
23/01/2026,BSX,Boston Scientific Corporation,Healthcare,91.5,92.59999847,90.88999939,92.51000214,92.51000214,13613100,2026-01-25 21:27:44 UTC
19/01/2026,BX,Blackstone Inc.,Financial Services,160.8099976,165.1399994,160.6499939,163.5,163.5,4126600,2026-01-25 21:27:44 UTC
23/01/2026,BX,Blackstone Inc.,Financial Services,154.4700012,154.6499939,149.3500061,150.4799957,150.4799957,4131500,2026-01-25 21:27:44 UTC
19/01/2026,BXP,"BXP, Inc.",Real Estate,66.91000366,68.01999664,66.43000031,67.94999695,67.94999695,2207300,2026-01-25 21:27:44 UTC
23/01/2026,BXP,"BXP, Inc.",Real Estate,65.09999847,65.68000031,64.69000244,65.48999786,65.48999786,1629700,2026-01-25 21:27:44 UTC
19/01/2026,C,Citigroup Inc.,Financial Services,117.8000031,119.3499985,117,118.0400009,118.0400009,17153800,2026-01-25 21:27:44 UTC
23/01/2026,C,Citigroup Inc.,Financial Services,114.9700012,115.6299973,113.1999969,113.5899963,113.5899963,12158800,2026-01-25 21:27:44 UTC
19/01/2026,CAG,"Conagra Brands, Inc.",Consumer Defensive,17.22999954,17.29999924,16.94000053,16.95999908,16.95999908,11734100,2026-01-25 21:27:44 UTC
23/01/2026,CAG,"Conagra Brands, Inc.",Consumer Defensive,17.45999908,17.59000015,17.29000092,17.5,17.5,9791700,2026-01-25 21:27:44 UTC
19/01/2026,CAH,"Cardinal Health, Inc.",Healthcare,213.6199951,214.5200043,212,212.4499969,212.4499969,1331400,2026-01-25 21:27:44 UTC
23/01/2026,CAH,"Cardinal Health, Inc.",Healthcare,207.0399933,210.75,206.6699982,208.3300018,208.3300018,2159100,2026-01-25 21:27:44 UTC
19/01/2026,CARR,Carrier Global Corporation,Industrials,55.27000046,56.34999847,54.625,56.18999863,55.95000076,8978700,2026-01-25 21:27:44 UTC
23/01/2026,CARR,Carrier Global Corporation,Industrials,57.54999924,57.70999908,56.70999908,57.29999924,57.29999924,8858900,2026-01-25 21:27:44 UTC
19/01/2026,CAT,Caterpillar Inc.,Industrials,651.9699707,655.6799927,641.0100098,646.8900146,645.3800049,2554900,2026-01-25 21:27:44 UTC
23/01/2026,CAT,Caterpillar Inc.,Industrials,644.1199951,646.5,623.5700073,626.6199951,626.6199951,2264200,2026-01-25 21:27:44 UTC
19/01/2026,CB,Chubb Limited,Financial Services,300.0299988,301.4599915,299.0299988,300.769989,300.769989,1745200,2026-01-25 21:27:44 UTC
23/01/2026,CB,Chubb Limited,Financial Services,300.3900146,302.9200134,298.519989,300.9100037,300.9100037,1767000,2026-01-25 21:27:44 UTC
19/01/2026,CBOE,"Cboe Global Markets, Inc.",Financial Services,269.480011,276.4700012,268.1799927,273.5499878,273.5499878,923200,2026-01-25 21:27:44 UTC
23/01/2026,CBOE,"Cboe Global Markets, Inc.",Financial Services,277.1000061,277.7200012,273.8099976,276.3900146,276.3900146,570200,2026-01-25 21:27:44 UTC
19/01/2026,CBRE,"CBRE Group, Inc.",Real Estate,170.2700043,173.0500031,170.1100006,171.5899963,171.5899963,1451100,2026-01-25 21:27:44 UTC
23/01/2026,CBRE,"CBRE Group, Inc.",Real Estate,168.8000031,170.1900024,166.6000061,169.2299957,169.2299957,1067100,2026-01-25 21:27:44 UTC
19/01/2026,CCEP,Coca-Cola Europacific Partners PLC,Consumer Defensive,89.27999878,89.34999847,88.44999695,89.29000092,89.29000092,1970500,2026-01-25 21:27:44 UTC
23/01/2026,CCEP,Coca-Cola Europacific Partners PLC,Consumer Defensive,89.02999878,89.87999725,88.69999695,89.84999847,89.84999847,836600,2026-01-25 21:27:44 UTC
19/01/2026,CCI,Crown Castle Inc.,Real Estate,89.54000092,91.25,89.48000336,90.87000275,90.87000275,3155500,2026-01-25 21:27:44 UTC
23/01/2026,CCI,Crown Castle Inc.,Real Estate,85.80999756,87.05000305,85.26000214,86.59999847,86.59999847,2553100,2026-01-25 21:27:44 UTC
19/01/2026,CCL,Carnival Corporation & plc,Consumer Cyclical,29.44000053,29.48999977,28.79999924,28.92000008,28.92000008,16310400,2026-01-25 21:27:44 UTC
23/01/2026,CCL,Carnival Corporation & plc,Consumer Cyclical,28.35000038,28.87000084,28.19000053,28.54999924,28.54999924,18883400,2026-01-25 21:27:44 UTC
19/01/2026,CDNS,"Cadence Design Systems, Inc.",Technology,321.8299866,322.4700012,314.5,317.4500122,317.4500122,2092000,2026-01-25 21:27:44 UTC
23/01/2026,CDNS,"Cadence Design Systems, Inc.",Technology,315.5,323.5400085,312.0100098,318.3200073,318.3200073,1466800,2026-01-25 21:27:44 UTC
19/01/2026,CDW,CDW Corporation,Technology,132.4900055,133.1499939,131.4499969,131.75,131.75,1495500,2026-01-25 21:27:44 UTC
23/01/2026,CDW,CDW Corporation,Technology,127.75,127.9499969,125.7300034,126,126,1758300,2026-01-25 21:27:44 UTC
19/01/2026,CEG,Constellation Energy Corporation,Utilities,322.4500122,323.0499878,300.4100037,307.7099915,307.7099915,9206900,2026-01-25 21:27:44 UTC
23/01/2026,CEG,Constellation Energy Corporation,Utilities,287.4400024,292.25,285.4400024,289.0599976,289.0599976,3781400,2026-01-25 21:27:44 UTC
19/01/2026,CF,"CF Industries Holdings, Inc.",Basic Materials,84.80000305,87.34999847,84.70999908,86.75,86.75,2844600,2026-01-25 21:27:44 UTC
23/01/2026,CF,"CF Industries Holdings, Inc.",Basic Materials,90.19999695,92.88999939,89.91000366,92.37999725,92.37999725,1965200,2026-01-25 21:27:44 UTC
19/01/2026,CFG,"Citizens Financial Group, Inc.",Financial Services,60.5,61.34000015,60.45000076,60.81999969,60.81999969,6552400,2026-01-25 21:27:44 UTC
23/01/2026,CFG,"Citizens Financial Group, Inc.",Financial Services,63.88000107,63.97999954,62.22000122,62.63999939,62.63999939,5204900,2026-01-25 21:27:44 UTC
19/01/2026,CHD,"Church & Dwight Co., Inc.",Consumer Defensive,89.98000336,91.12999725,88.91999817,90.61000061,90.61000061,2497000,2026-01-25 21:27:44 UTC
23/01/2026,CHD,"Church & Dwight Co., Inc.",Consumer Defensive,93.05999756,94.18000031,92.05999756,92.43000031,92.43000031,1800800,2026-01-25 21:27:44 UTC
19/01/2026,CHRW,"C.H. Robinson Worldwide, Inc.",Industrials,174.7299957,176.1699982,173.2200012,175.7700043,175.7700043,2072000,2026-01-25 21:27:44 UTC
23/01/2026,CHRW,"C.H. Robinson Worldwide, Inc.",Industrials,179.0099945,179.7700043,175.5299988,176.6600037,176.6600037,1569900,2026-01-25 21:27:44 UTC
19/01/2026,CHTR,"Charter Communications, Inc.",Communication Services,194.6499939,195.6799927,187.8500061,189.7599945,189.7599945,2292300,2026-01-25 21:27:44 UTC
23/01/2026,CHTR,"Charter Communications, Inc.",Communication Services,191.8099976,192.1900024,188.3300018,191.6900024,191.6900024,1423500,2026-01-25 21:27:44 UTC
19/01/2026,CI,The Cigna Group,Healthcare,276.3200073,276.9599915,270.769989,272.2099915,272.2099915,1702700,2026-01-25 21:27:44 UTC
23/01/2026,CI,The Cigna Group,Healthcare,279.9899902,281.0299988,277.7399902,279.2000122,279.2000122,1024000,2026-01-25 21:27:44 UTC
19/01/2026,CINF,Cincinnati Financial Corporation,Financial Services,163.0500031,163.1799927,161.7599945,162.1799927,162.1799927,646200,2026-01-25 21:27:44 UTC
23/01/2026,CINF,Cincinnati Financial Corporation,Financial Services,157.0599976,157.8899994,155.1399994,157.0299988,157.0299988,590600,2026-01-25 21:27:44 UTC
19/01/2026,CL,Colgate-Palmolive Company,Consumer Defensive,84.05999756,84.69999695,83.55000305,84.51999664,84.00559235,6949600,2026-01-25 21:27:44 UTC
23/01/2026,CL,Colgate-Palmolive Company,Consumer Defensive,86.15000153,86.83000183,85.66999817,86.66000366,86.66000366,5345200,2026-01-25 21:27:44 UTC
19/01/2026,CLX,The Clorox Company,Consumer Defensive,109.9599991,111.2900009,109.0299988,109.9800034,109.9800034,1920000,2026-01-25 21:27:44 UTC
23/01/2026,CLX,The Clorox Company,Consumer Defensive,114.2300034,115.4700012,113.4199982,113.4800034,113.4800034,3239600,2026-01-25 21:27:44 UTC
19/01/2026,CMCSA,Comcast Corporation,Communication Services,28.25,28.37999916,27.55999947,27.81999969,27.81999969,38596900,2026-01-25 21:27:44 UTC
23/01/2026,CMCSA,Comcast Corporation,Communication Services,28.97999954,29.32999992,28.76000023,29.29999924,29.29999924,29379600,2026-01-25 21:27:44 UTC
19/01/2026,CME,CME Group Inc.,Financial Services,272.5400085,280.1900024,270.8699951,279.5,279.5,2410000,2026-01-25 21:27:44 UTC
23/01/2026,CME,CME Group Inc.,Financial Services,281.4599915,283.7399902,279.769989,282.7399902,282.7399902,1725900,2026-01-25 21:27:44 UTC
19/01/2026,CMG,"Chipotle Mexican Grill, Inc.",Consumer Cyclical,40.15000153,40.47999954,39.54999924,39.95999908,39.95999908,12654000,2026-01-25 21:27:44 UTC
23/01/2026,CMG,"Chipotle Mexican Grill, Inc.",Consumer Cyclical,40.56000137,41.33000183,40.49000168,40.86999893,40.86999893,11984900,2026-01-25 21:27:44 UTC
19/01/2026,CMI,Cummins Inc.,Industrials,575.7000122,583.0800171,575.5,578.9400024,578.9400024,1753100,2026-01-25 21:27:44 UTC
23/01/2026,CMI,Cummins Inc.,Industrials,584.0800171,584.0800171,570.7199707,571.7800293,571.7800293,893800,2026-01-25 21:27:44 UTC
19/01/2026,CMS,CMS Energy Corporation,Utilities,70.91999817,71.87000275,70.77999878,71.68000031,71.68000031,3184900,2026-01-25 21:27:44 UTC
23/01/2026,CMS,CMS Energy Corporation,Utilities,70.88999939,71.05000305,70.02999878,70.69999695,70.69999695,3946600,2026-01-25 21:27:44 UTC
19/01/2026,CNC,Centene Corporation,Healthcare,46.91999817,47.02000046,45.70000076,45.75,45.75,7084400,2026-01-25 21:27:44 UTC
23/01/2026,CNC,Centene Corporation,Healthcare,45.38999939,46.18999863,45.16999817,46.09000015,46.09000015,3790900,2026-01-25 21:27:44 UTC
19/01/2026,CNP,"CenterPoint Energy, Inc.",Utilities,39.04999924,39.77999878,39.04999924,39.70999908,39.70999908,4252000,2026-01-25 21:27:44 UTC
23/01/2026,CNP,"CenterPoint Energy, Inc.",Utilities,38.95000076,38.97999954,38.40000153,38.77999878,38.77999878,7834100,2026-01-25 21:27:44 UTC
19/01/2026,COF,Capital One Financial Corporation,Financial Services,240.7299957,243.3600006,237.5899963,239.1399994,239.1399994,6692700,2026-01-25 21:27:44 UTC
23/01/2026,COF,Capital One Financial Corporation,Financial Services,223.7899933,227.0599976,216.8200073,217.3000031,217.3000031,14172800,2026-01-25 21:27:44 UTC
19/01/2026,COIN,"Coinbase Global, Inc.",Financial Services,239.4900055,243.1900024,236.1399994,241.1499939,241.1499939,7622400,2026-01-25 21:27:44 UTC
23/01/2026,COIN,"Coinbase Global, Inc.",Financial Services,222.75,222.75,215.7200012,216.9499969,216.9499969,12944900,2026-01-25 21:27:44 UTC
19/01/2026,COO,"The Cooper Companies, Inc.",Healthcare,82.30999756,82.73999786,81.98000336,82.37000275,82.37000275,3500900,2026-01-25 21:27:44 UTC
23/01/2026,COO,"The Cooper Companies, Inc.",Healthcare,82.26999664,82.51999664,80.81999969,81.29000092,81.29000092,1459600,2026-01-25 21:27:44 UTC
19/01/2026,COP,ConocoPhillips,Energy,97.5,98.94999695,97.12999725,98.19000244,98.19000244,8939200,2026-01-25 21:27:44 UTC
23/01/2026,COP,ConocoPhillips,Energy,98.37999725,99.41000366,97.69000244,98.34999847,98.34999847,6971800,2026-01-25 21:27:44 UTC
19/01/2026,COR,"Cencora, Inc.",Healthcare,355.1700134,356.8699951,352.4200134,354.8500061,354.8500061,1399100,2026-01-25 21:27:44 UTC
23/01/2026,COR,"Cencora, Inc.",Healthcare,351.4299927,353.5599976,347.6300049,353.480011,353.480011,1137600,2026-01-25 21:27:44 UTC
19/01/2026,COST,Costco Wholesale Corporation,Consumer Defensive,962,964.9799805,951,963.6099854,963.6099854,3862900,2026-01-25 21:27:44 UTC
23/01/2026,COST,Costco Wholesale Corporation,Consumer Defensive,971.4400024,984.8499756,971.0100098,983.25,983.25,1679300,2026-01-25 21:27:44 UTC
19/01/2026,CPAY,"Corpay, Inc.",Technology,329.3800049,331.5499878,320.6400146,320.6600037,320.6600037,592500,2026-01-25 21:27:44 UTC
23/01/2026,CPAY,"Corpay, Inc.",Technology,324.75,325.2999878,318.4200134,320.519989,320.519989,514500,2026-01-25 21:27:44 UTC
19/01/2026,CPB,The Campbell's Company,Consumer Defensive,26.69000053,26.72999954,25.90999985,26.07999992,26.07999992,8436100,2026-01-25 21:27:44 UTC
23/01/2026,CPB,The Campbell's Company,Consumer Defensive,26.51000023,26.82999992,26.51000023,26.79000092,26.79000092,4160000,2026-01-25 21:27:44 UTC
19/01/2026,CPRT,"Copart, Inc.",Industrials,41.18000031,41.27000046,40.45999908,41.04000092,41.04000092,11878400,2026-01-25 21:27:44 UTC
23/01/2026,CPRT,"Copart, Inc.",Industrials,41.13999939,41.77999878,41.11999893,41.40000153,41.40000153,7503100,2026-01-25 21:27:44 UTC
19/01/2026,CPT,Camden Property Trust,Real Estate,107.3600006,110.1399994,107.0800018,109.5,109.5,802900,2026-01-25 21:27:44 UTC
23/01/2026,CPT,Camden Property Trust,Real Estate,106.1200027,107.8799973,106.1200027,107.8600006,107.8600006,711900,2026-01-25 21:27:44 UTC
19/01/2026,CRL,"Charles River Laboratories International, Inc.",Healthcare,223.4299927,227.5099945,218.8999939,219.6999969,219.6999969,866900,2026-01-25 21:27:44 UTC
23/01/2026,CRL,"Charles River Laboratories International, Inc.",Healthcare,223.1000061,223.1999969,217.5700073,219.6100006,219.6100006,576800,2026-01-25 21:27:44 UTC
19/01/2026,CRM,"Salesforce, Inc.",Technology,232.9499969,232.9499969,226.4400024,227.1100006,227.1100006,13902600,2026-01-25 21:27:44 UTC
23/01/2026,CRM,"Salesforce, Inc.",Technology,226.7799988,230.8500061,226.6499939,228.0500031,228.0500031,9403800,2026-01-25 21:27:44 UTC
19/01/2026,CRWD,"CrowdStrike Holdings, Inc.",Technology,456.75,459.7000122,443.6149902,453.8800049,453.8800049,3437900,2026-01-25 21:27:44 UTC
23/01/2026,CRWD,"CrowdStrike Holdings, Inc.",Technology,454.6900024,458.8599854,449.4219971,452.4899902,452.4899902,1769900,2026-01-25 21:27:44 UTC
19/01/2026,CSCO,"Cisco Systems, Inc.",Technology,75.63999939,75.98999786,74.59999847,75.19000244,75.19000244,25743300,2026-01-25 21:27:44 UTC
23/01/2026,CSCO,"Cisco Systems, Inc.",Technology,73.94999695,75.06999969,73.70999908,74.58999634,74.58999634,13125500,2026-01-25 21:27:44 UTC
19/01/2026,CSGP,"CoStar Group, Inc.",Real Estate,63.40999985,65.93000031,63.13999939,65.33999634,65.33999634,7622900,2026-01-25 21:27:44 UTC
23/01/2026,CSGP,"CoStar Group, Inc.",Real Estate,65.72000122,66.68000031,65.26000214,65.59999847,65.59999847,4985900,2026-01-25 21:27:44 UTC
19/01/2026,CSX,CSX Corporation,Industrials,36.34000015,36.45000076,36.02999878,36.25,36.25,18018200,2026-01-25 21:27:44 UTC
23/01/2026,CSX,CSX Corporation,Industrials,36.95999908,37.54999924,36.61000061,36.63999939,36.63999939,24036600,2026-01-25 21:27:44 UTC
19/01/2026,CTAS,Cintas Corporation,Industrials,196.1300049,196.1300049,193.6799927,195.4199982,195.4199982,2712100,2026-01-25 21:27:44 UTC
23/01/2026,CTAS,Cintas Corporation,Industrials,193.0700073,195.0500031,192.4400024,192.9600067,192.9600067,1404100,2026-01-25 21:27:44 UTC
19/01/2026,CTRA,Coterra Energy Inc.,Energy,25.46999931,25.90999985,25.40999985,25.70999908,25.70999908,19192200,2026-01-25 21:27:44 UTC
23/01/2026,CTRA,Coterra Energy Inc.,Energy,27.75,27.79999924,27.20000076,27.42000008,27.42000008,6451600,2026-01-25 21:27:44 UTC
19/01/2026,CTSH,Cognizant Technology Solutions Corporation,Technology,85.09999847,85.44999695,84.06999969,84.73999786,84.73999786,10220600,2026-01-25 21:27:44 UTC
23/01/2026,CTSH,Cognizant Technology Solutions Corporation,Technology,84.62000275,85.33000183,84.12999725,84.18000031,84.18000031,3779000,2026-01-25 21:27:44 UTC
19/01/2026,CTVA,"Corteva, Inc.",Basic Materials,69.48999786,70.06999969,68.91500092,69.63999939,69.63999939,3401500,2026-01-25 21:27:44 UTC
23/01/2026,CTVA,"Corteva, Inc.",Basic Materials,71.62999725,72.15499878,71.33999634,71.69999695,71.69999695,3467200,2026-01-25 21:27:44 UTC
19/01/2026,CVS,CVS Health Corporation,Healthcare,81.30999756,81.55999756,78.47000122,78.59999847,77.95858002,9597900,2026-01-25 21:27:44 UTC
23/01/2026,CVS,CVS Health Corporation,Healthcare,82.33000183,83.29000092,81.98999786,83.01000214,83.01000214,7340900,2026-01-25 21:27:44 UTC
19/01/2026,CVX,Chevron Corporation,Energy,166.5899963,167.2899933,165.8099976,166.2599945,166.2599945,9745800,2026-01-25 21:27:44 UTC
23/01/2026,CVX,Chevron Corporation,Energy,167.9499969,168.4400024,166.4400024,166.7200012,166.7200012,8363100,2026-01-25 21:27:44 UTC
19/01/2026,D,"Dominion Energy, Inc.",Utilities,60.09999847,61.5,59.84999847,61.13000107,61.13000107,6710200,2026-01-25 21:27:44 UTC
23/01/2026,D,"Dominion Energy, Inc.",Utilities,59.75999832,59.88000107,58.99000168,59.59999847,59.59999847,5245600,2026-01-25 21:27:44 UTC
19/01/2026,DAL,"Delta Air Lines, Inc.",Industrials,71.37000275,71.66999817,70.06999969,70.43000031,70.43000031,7580100,2026-01-25 21:27:44 UTC
23/01/2026,DAL,"Delta Air Lines, Inc.",Industrials,68.26999664,68.48000336,67.48000336,67.95999908,67.95999908,6396900,2026-01-25 21:27:44 UTC
19/01/2026,DASH,"DoorDash, Inc.",Consumer Cyclical,210.2400055,211.0500031,204.0299988,205.3200073,205.3200073,5155100,2026-01-25 21:27:44 UTC
23/01/2026,DASH,"DoorDash, Inc.",Consumer Cyclical,206.8099976,211.4199982,205.9900055,207.2299957,207.2299957,2295600,2026-01-25 21:27:44 UTC
19/01/2026,DAY,"Dayforce, Inc.",Technology,69.26999664,69.31999969,69.15000153,69.16000366,69.16000366,3980400,2026-01-25 21:27:44 UTC
23/01/2026,DAY,"Dayforce, Inc.",Technology,69.29000092,69.52999878,69.22000122,69.41999817,69.41999817,2625200,2026-01-25 21:27:44 UTC
19/01/2026,DD,"DuPont de Nemours, Inc.",Basic Materials,43.43000031,43.63999939,42.81999969,42.86000061,42.86000061,4374900,2026-01-25 21:27:44 UTC
23/01/2026,DD,"DuPont de Nemours, Inc.",Basic Materials,43.77000046,44.47000122,43.5,44.13999939,44.13999939,5784700,2026-01-25 21:27:44 UTC
19/01/2026,DDOG,"Datadog, Inc.",Technology,120.8600006,121.8000031,117.8069992,119.0199966,119.0199966,5871300,2026-01-25 21:27:44 UTC
23/01/2026,DDOG,"Datadog, Inc.",Technology,130.5,131.8600006,129.0899963,130.1300049,130.1300049,4071700,2026-01-25 21:27:44 UTC
19/01/2026,DE,Deere & Company,Industrials,516.2600098,516.8099976,510,514.4000244,514.4000244,1323300,2026-01-25 21:27:44 UTC
23/01/2026,DE,Deere & Company,Industrials,518.2600098,521.6300049,506.4200134,514.4299927,514.4299927,1590500,2026-01-25 21:27:44 UTC
19/01/2026,DECK,Deckers Outdoor Corporation,Consumer Cyclical,102.2399979,102.6399994,99.98999786,100.6900024,100.6900024,2589100,2026-01-25 21:27:44 UTC
23/01/2026,DECK,Deckers Outdoor Corporation,Consumer Cyclical,101.6699982,102.0100021,99.59999847,99.98000336,99.98000336,2255400,2026-01-25 21:27:44 UTC
19/01/2026,DELL,Dell Technologies Inc.,Technology,120.2099991,122.9899979,119.2200012,120.5299988,120.0049973,9023300,2026-01-25 21:27:44 UTC
23/01/2026,DELL,Dell Technologies Inc.,Technology,115.4199982,115.9899979,113.7600021,115.4300003,115.4300003,6337800,2026-01-25 21:27:44 UTC
19/01/2026,DG,Dollar General Corporation,Consumer Defensive,151.4100037,152.1600037,147.7100067,148.7400055,148.7400055,3816500,2026-01-25 21:27:44 UTC
23/01/2026,DG,Dollar General Corporation,Consumer Defensive,145.2299957,147.4100037,144.3899994,146.9199982,146.9199982,2447300,2026-01-25 21:27:44 UTC
19/01/2026,DGX,Quest Diagnostics Incorporated,Healthcare,189.3999939,190.9600067,188.75,189.4900055,189.4900055,1132500,2026-01-25 21:27:44 UTC
23/01/2026,DGX,Quest Diagnostics Incorporated,Healthcare,181.9400024,182.4400024,179.7299957,181.0200043,181.0200043,848900,2026-01-25 21:27:44 UTC
19/01/2026,DHI,"D.R. Horton, Inc.",Consumer Cyclical,159.8399963,161.9299927,153.9299927,155.9600067,155.9600067,5280200,2026-01-25 21:27:44 UTC
23/01/2026,DHI,"D.R. Horton, Inc.",Consumer Cyclical,155.8099976,156.4600067,150.2200012,150.5099945,150.5099945,2976300,2026-01-25 21:27:44 UTC
19/01/2026,DHR,Danaher Corporation,Healthcare,238.4900055,240.4199982,235.75,235.9900055,235.9900055,3904400,2026-01-25 21:27:44 UTC
23/01/2026,DHR,Danaher Corporation,Healthcare,239.6399994,240.7899933,233.5700073,235.0099945,235.0099945,3066600,2026-01-25 21:27:44 UTC
19/01/2026,DIS,The Walt Disney Company,Communication Services,113.1999969,113.8499985,111.1200027,111.1999969,111.1999969,12049600,2026-01-25 21:27:44 UTC
23/01/2026,DIS,The Walt Disney Company,Communication Services,112.6900024,112.9499969,110.5500031,110.9800034,110.9800034,10818000,2026-01-25 21:27:44 UTC
19/01/2026,DLR,"Digital Realty Trust, Inc.",Real Estate,160.5099945,165.2100067,159.5299988,163.6000061,163.6000061,2586100,2026-01-25 21:27:44 UTC
23/01/2026,DLR,"Digital Realty Trust, Inc.",Real Estate,159.0099945,160.7899933,157.1499939,159.1600037,159.1600037,1397800,2026-01-25 21:27:44 UTC
19/01/2026,DLTR,"Dollar Tree, Inc.",Consumer Defensive,141.3200073,141.8500061,138.5099945,139.9499969,139.9499969,2205300,2026-01-25 21:27:44 UTC
23/01/2026,DLTR,"Dollar Tree, Inc.",Consumer Defensive,127.5299988,129.3500061,125.5,128.9199982,128.9199982,3349600,2026-01-25 21:27:44 UTC
19/01/2026,DOC,"Healthpeak Properties, Inc.",Real Estate,17.34000015,17.84000015,17.29999924,17.82999992,17.82999992,9291200,2026-01-25 21:27:44 UTC
23/01/2026,DOC,"Healthpeak Properties, Inc.",Real Estate,17.79000092,18.12000084,17.63999939,18.07999992,18.07999992,7993700,2026-01-25 21:27:44 UTC
19/01/2026,DOV,Dover Corporation,Industrials,205.8800049,207.6000061,205.5,206.6100006,206.6100006,1701300,2026-01-25 21:27:44 UTC
23/01/2026,DOV,Dover Corporation,Industrials,208.8999939,208.8999939,206.1900024,206.7100067,206.7100067,1185300,2026-01-25 21:27:44 UTC
19/01/2026,DOW,Dow Inc.,Basic Materials,27.34499931,27.85499954,27.21999931,27.56999969,27.56999969,14028400,2026-01-25 21:27:44 UTC
23/01/2026,DOW,Dow Inc.,Basic Materials,28.48999977,28.61000061,28.125,28.25,28.25,8892300,2026-01-25 21:27:44 UTC
19/01/2026,DPZ,"Domino's Pizza, Inc.",Consumer Cyclical,407,408,398.8500061,400.2799988,400.2799988,673500,2026-01-25 21:27:44 UTC
23/01/2026,DPZ,"Domino's Pizza, Inc.",Consumer Cyclical,403.230011,413.6600037,403.230011,411.5,411.5,725100,2026-01-25 21:27:44 UTC
19/01/2026,DRI,"Darden Restaurants, Inc.",Consumer Cyclical,213,215.8399963,211.8000031,214.6199951,214.6199951,1882200,2026-01-25 21:27:44 UTC
23/01/2026,DRI,"Darden Restaurants, Inc.",Consumer Cyclical,208.1100006,209.5,205.0299988,206.1699982,206.1699982,1490000,2026-01-25 21:27:44 UTC
19/01/2026,DTE,DTE Energy Company,Utilities,133.8899994,136.0399933,133.3399963,135.5099945,135.5099945,2221900,2026-01-25 21:27:44 UTC
23/01/2026,DTE,DTE Energy Company,Utilities,135.0299988,135.0299988,133.1100006,134.3300018,134.3300018,1709400,2026-01-25 21:27:44 UTC
19/01/2026,DUK,Duke Energy Corporation,Utilities,118.5,119.4000015,117.8600006,119.2200012,119.2200012,4499800,2026-01-25 21:27:44 UTC
23/01/2026,DUK,Duke Energy Corporation,Utilities,117.8899994,117.9400024,116.25,117.4300003,117.4300003,4490400,2026-01-25 21:27:44 UTC
19/01/2026,DVA,DaVita Inc.,Healthcare,104.9400024,106.3199997,104.1999969,104.7399979,104.7399979,654300,2026-01-25 21:27:44 UTC
23/01/2026,DVA,DaVita Inc.,Healthcare,108.6399994,109.1600037,107.4000015,108.1200027,108.1200027,1026500,2026-01-25 21:27:44 UTC
19/01/2026,DVN,Devon Energy Corporation,Energy,36.20000076,36.88999939,35.97999954,36.20000076,36.20000076,9210300,2026-01-25 21:27:44 UTC
23/01/2026,DVN,Devon Energy Corporation,Energy,38.74000168,39.18999863,38.41999817,38.63999939,38.63999939,7441400,2026-01-25 21:27:44 UTC
19/01/2026,DXCM,"DexCom, Inc.",Healthcare,69.34999847,70.37999725,69.01999664,69.54000092,69.54000092,7440200,2026-01-25 21:27:44 UTC
23/01/2026,DXCM,"DexCom, Inc.",Healthcare,73.05000305,73.52999878,71.66000366,72.86000061,72.86000061,5247400,2026-01-25 21:27:44 UTC
19/01/2026,EA,Electronic Arts Inc.,Communication Services,204.1799927,204.3399963,204.1499939,204.25,204.25,2067800,2026-01-25 21:27:44 UTC
23/01/2026,EA,Electronic Arts Inc.,Communication Services,204.2299957,204.2700043,203.8899994,204,204,1644400,2026-01-25 21:27:44 UTC
19/01/2026,EBAY,eBay Inc.,Consumer Cyclical,95.97000122,96,92.05000305,93.02999878,93.02999878,4991900,2026-01-25 21:27:44 UTC
23/01/2026,EBAY,eBay Inc.,Consumer Cyclical,93.48000336,93.88999939,91.87999725,93.61000061,93.61000061,3165200,2026-01-25 21:27:44 UTC
19/01/2026,ECL,Ecolab Inc.,Basic Materials,276.8999939,277.8999939,274.480011,277.0700073,277.0700073,1297200,2026-01-25 21:27:44 UTC
23/01/2026,ECL,Ecolab Inc.,Basic Materials,281.3800049,282.3500061,279.5400085,281.8999939,281.8999939,847900,2026-01-25 21:27:44 UTC
19/01/2026,ED,"Consolidated Edison, Inc.",Utilities,102.0599976,103.9499969,101.8799973,103.8099976,103.8099976,2201800,2026-01-25 21:27:44 UTC
23/01/2026,ED,"Consolidated Edison, Inc.",Utilities,103.4000015,104.1800003,102.9700012,103.8700027,103.8700027,2105600,2026-01-25 21:27:44 UTC
19/01/2026,EFX,Equifax Inc.,Industrials,217.2799988,219.8999939,216.5200043,219.5700073,219.5700073,786000,2026-01-25 21:27:44 UTC
23/01/2026,EFX,Equifax Inc.,Industrials,213,213.5299988,209.2299957,209.7400055,209.7400055,2922700,2026-01-25 21:27:44 UTC
19/01/2026,EG,"Everest Group, Ltd.",Financial Services,319.8500061,322.0499878,318.1400146,318.8099976,318.8099976,278700,2026-01-25 21:27:44 UTC
23/01/2026,EG,"Everest Group, Ltd.",Financial Services,319.9599915,323.6600037,319.9599915,323.5700073,323.5700073,283700,2026-01-25 21:27:44 UTC
19/01/2026,EIX,Edison International,Utilities,61.25,62.61999893,61.09000015,62.38999939,62.38999939,2833200,2026-01-25 21:27:44 UTC
23/01/2026,EIX,Edison International,Utilities,61,61.25,60.15999985,60.77000046,60.77000046,2869000,2026-01-25 21:27:44 UTC
19/01/2026,EL,The Estée Lauder Companies Inc.,Consumer Defensive,114.8899994,115.6999969,112.8700027,115.0500031,115.0500031,2913700,2026-01-25 21:27:44 UTC
23/01/2026,EL,The Estée Lauder Companies Inc.,Consumer Defensive,119.3399963,120.1800003,116.0100021,117.6900024,117.6900024,2723600,2026-01-25 21:27:44 UTC
19/01/2026,ELV,"Elevance Health, Inc.",Healthcare,380.1300049,381.1799927,373.0400085,374.8699951,374.8699951,1074700,2026-01-25 21:27:44 UTC
23/01/2026,ELV,"Elevance Health, Inc.",Healthcare,370.3900146,372.980011,366.6900024,371.0599976,371.0599976,1387000,2026-01-25 21:27:44 UTC
19/01/2026,EME,"EMCOR Group, Inc.",Industrials,689.25,708.3599854,689.0900269,698.6900024,698.6900024,485400,2026-01-25 21:27:44 UTC
23/01/2026,EME,"EMCOR Group, Inc.",Industrials,702.0100098,703.75,688.6199951,694.210022,694.210022,248100,2026-01-25 21:27:44 UTC
19/01/2026,EMR,Emerson Electric Co.,Industrials,148.9499969,150.5700073,148.6000061,149.4600067,149.4600067,3438100,2026-01-25 21:27:44 UTC
23/01/2026,EMR,Emerson Electric Co.,Industrials,149.7599945,151.3800049,147.6699982,147.6799927,147.6799927,3027400,2026-01-25 21:27:44 UTC
19/01/2026,EOG,"EOG Resources, Inc.",Energy,106.3799973,107.2600021,104.2699966,105.3199997,105.3199997,5649400,2026-01-25 21:27:44 UTC
23/01/2026,EOG,"EOG Resources, Inc.",Energy,107.9400024,108.6200027,106.8199997,108.3300018,108.3300018,5302000,2026-01-25 21:27:44 UTC
19/01/2026,EPAM,"EPAM Systems, Inc.",Technology,214.6699982,216.6300049,212.4600067,212.6100006,212.6100006,532000,2026-01-25 21:27:44 UTC
23/01/2026,EPAM,"EPAM Systems, Inc.",Technology,218.4600067,221.0599976,216.9299927,218.2100067,218.2100067,694700,2026-01-25 21:27:44 UTC
19/01/2026,EQIX,"Equinix, Inc.",Real Estate,802.3200073,809.5599976,796.289978,801.7800293,801.7800293,532400,2026-01-25 21:27:44 UTC
23/01/2026,EQIX,"Equinix, Inc.",Real Estate,792.0900269,800.7999878,784.3499756,791.2700195,791.2700195,467400,2026-01-25 21:27:44 UTC
19/01/2026,EQR,Equity Residential,Real Estate,60.91999817,62.11999893,60.31000137,62.04000092,62.04000092,2176800,2026-01-25 21:27:44 UTC
23/01/2026,EQR,Equity Residential,Real Estate,60.90999985,62.13999939,60.70000076,62.09000015,62.09000015,2789200,2026-01-25 21:27:44 UTC
19/01/2026,EQT,EQT Corporation,Energy,49.90000153,51.00999832,49.52000046,50.54000092,50.54000092,10116800,2026-01-25 21:27:44 UTC
23/01/2026,EQT,EQT Corporation,Energy,55.70000076,56.43000031,55.25,55.52000046,55.52000046,14639600,2026-01-25 21:27:44 UTC
19/01/2026,ERIE,Erie Indemnity Company,Financial Services,281.9599915,283.2399902,279.2399902,283.2099915,283.2099915,176300,2026-01-25 21:27:44 UTC
23/01/2026,ERIE,Erie Indemnity Company,Financial Services,283.6499939,285.4700012,275.1400146,275.8500061,275.8500061,143600,2026-01-25 21:27:44 UTC
19/01/2026,ES,Eversource Energy,Utilities,69.40000153,70.31999969,69.05000305,70.11000061,70.11000061,3203500,2026-01-25 21:27:44 UTC
23/01/2026,ES,Eversource Energy,Utilities,70.41999817,70.51999664,68.87999725,69.58000183,69.58000183,2441700,2026-01-25 21:27:44 UTC
19/01/2026,ESS,"Essex Property Trust, Inc.",Real Estate,253.2200012,259.3399963,252.5500031,258.269989,258.269989,566000,2026-01-25 21:27:44 UTC
23/01/2026,ESS,"Essex Property Trust, Inc.",Real Estate,254.2899933,254.9799957,251.2100067,254.0800018,254.0800018,589600,2026-01-25 21:27:44 UTC
19/01/2026,ETN,Eaton Corporation plc,Industrials,343.4500122,349.6000061,340.5700073,343.75,343.75,3768500,2026-01-25 21:27:44 UTC
23/01/2026,ETN,Eaton Corporation plc,Industrials,335.6199951,336.769989,330.6799927,331.2200012,331.2200012,2235400,2026-01-25 21:27:44 UTC
19/01/2026,ETR,Entergy Corporation,Utilities,95.48000336,96.87000275,95.26999664,96.41999817,96.41999817,2133200,2026-01-25 21:27:44 UTC
23/01/2026,ETR,Entergy Corporation,Utilities,93.45999908,93.86000061,92.29000092,93.19000244,93.19000244,2512800,2026-01-25 21:27:44 UTC
19/01/2026,EVRG,"Evergy, Inc.",Utilities,75.5,76.69999695,75.38999939,76.44000244,76.44000244,2553600,2026-01-25 21:27:44 UTC
23/01/2026,EVRG,"Evergy, Inc.",Utilities,76,76.22000122,74.81999969,75.69000244,75.69000244,2108700,2026-01-25 21:27:44 UTC
19/01/2026,EW,Edwards Lifesciences Corporation,Healthcare,84.16999817,84.55000305,83.26999664,84.34999847,84.34999847,3454400,2026-01-25 21:27:44 UTC
23/01/2026,EW,Edwards Lifesciences Corporation,Healthcare,84.36000061,85,83.40000153,83.66000366,83.66000366,3192100,2026-01-25 21:27:44 UTC
19/01/2026,EXC,Exelon Corporation,Utilities,44.16999817,44.81999969,44.06999969,44.72999954,44.72999954,14410900,2026-01-25 21:27:44 UTC
23/01/2026,EXC,Exelon Corporation,Utilities,44.24000168,44.5,43.41999817,44.06000137,44.06000137,8937100,2026-01-25 21:27:44 UTC
19/01/2026,EXE,Expand Energy Corporation,Energy,98.75,100.5100021,98.59999847,99.87999725,99.87999725,3172900,2026-01-25 21:27:44 UTC
23/01/2026,EXE,Expand Energy Corporation,Energy,111.3499985,111.7200012,108.4400024,109.4899979,109.4899979,2565300,2026-01-25 21:27:44 UTC
19/01/2026,EXPD,"Expeditors International of Washington, Inc.",Industrials,163.5399933,164.2799988,162.1799927,162.4100037,162.4100037,3831700,2026-01-25 21:27:44 UTC
23/01/2026,EXPD,"Expeditors International of Washington, Inc.",Industrials,160.2299957,160.5500031,158.6699982,159.2100067,159.2100067,1127100,2026-01-25 21:27:44 UTC
19/01/2026,EXPE,"Expedia Group, Inc.",Consumer Cyclical,294.0299988,295.3200073,284.2200012,285.1099854,285.1099854,1631200,2026-01-25 21:27:44 UTC
23/01/2026,EXPE,"Expedia Group, Inc.",Consumer Cyclical,276.4599915,279.6099854,269.480011,271.1400146,271.1400146,1577700,2026-01-25 21:27:44 UTC
19/01/2026,EXR,Extra Space Storage Inc.,Real Estate,146.0599976,149.9900055,145.0899963,148.8699951,148.8699951,1677400,2026-01-25 21:27:44 UTC
23/01/2026,EXR,Extra Space Storage Inc.,Real Estate,144.3099976,144.4799957,141.3800049,141.5200043,141.5200043,1229200,2026-01-25 21:27:44 UTC
19/01/2026,F,Ford Motor Company,Consumer Cyclical,13.76000023,13.80000019,13.59000015,13.60000038,13.60000038,60750800,2026-01-25 21:27:44 UTC
23/01/2026,F,Ford Motor Company,Consumer Cyclical,13.69999981,13.69999981,13.55000019,13.56000042,13.56000042,39655300,2026-01-25 21:27:44 UTC
19/01/2026,FANG,"Diamondback Energy, Inc.",Energy,151.1900024,151.8500061,149.6300049,151.2799988,151.2799988,2249300,2026-01-25 21:27:44 UTC
23/01/2026,FANG,"Diamondback Energy, Inc.",Energy,153.6100006,156.25,153.1999969,154.0200043,154.0200043,1227500,2026-01-25 21:27:44 UTC
19/01/2026,FAST,Fastenal Company,Industrials,43.36999893,44.02000046,43.22999954,43.74000168,43.74000168,17103700,2026-01-25 21:27:44 UTC
23/01/2026,FAST,Fastenal Company,Industrials,44.74000168,44.90999985,43.84000015,43.88999939,43.88999939,8119400,2026-01-25 21:27:44 UTC
19/01/2026,FCX,Freeport-McMoRan Inc.,Basic Materials,58.63000107,58.84999847,57.70000076,58.70999908,58.70999908,21629900,2026-01-25 21:27:44 UTC
23/01/2026,FCX,Freeport-McMoRan Inc.,Basic Materials,59.75,60.81000137,58.38000107,60.40999985,60.40999985,24523900,2026-01-25 21:27:44 UTC
19/01/2026,FDS,FactSet Research Systems Inc.,Financial Services,287.730011,290.2200012,282,288.6000061,288.6000061,668100,2026-01-25 21:27:44 UTC
23/01/2026,FDS,FactSet Research Systems Inc.,Financial Services,289.2900085,290.75,284.3500061,286.6799927,286.6799927,256800,2026-01-25 21:27:44 UTC
19/01/2026,FDX,FedEx Corporation,Industrials,313,314.9100037,307.480011,308.1799927,308.1799927,2018400,2026-01-25 21:27:44 UTC
23/01/2026,FDX,FedEx Corporation,Industrials,308.75,309.8099976,302.4200134,304.2099915,304.2099915,1741600,2026-01-25 21:27:44 UTC
19/01/2026,FE,FirstEnergy Corp.,Utilities,46.58000183,47.38000107,46.43999863,47.34000015,47.34000015,8687600,2026-01-25 21:27:44 UTC
23/01/2026,FE,FirstEnergy Corp.,Utilities,47.15000153,47.15000153,46.06999969,46.56000137,46.56000137,4172100,2026-01-25 21:27:44 UTC
19/01/2026,FFIV,"F5, Inc.",Technology,273.9899902,275.6600037,266,268.2200012,268.2200012,2542600,2026-01-25 21:27:44 UTC
23/01/2026,FFIV,"F5, Inc.",Technology,261.0100098,265.5499878,257.1799927,259.2600098,259.2600098,813900,2026-01-25 21:27:44 UTC
19/01/2026,FICO,Fair Isaac Corporation,Technology,1570.719971,1598.150024,1552.319946,1567.189941,1567.189941,279900,2026-01-25 21:27:44 UTC
23/01/2026,FICO,Fair Isaac Corporation,Technology,1540.089966,1562.959961,1527.72998,1544.689941,1544.689941,355000,2026-01-25 21:27:44 UTC
19/01/2026,FIS,"Fidelity National Information Services, Inc.",Technology,63.45999908,63.70000076,62.47999954,63.34999847,63.34999847,2435800,2026-01-25 21:27:44 UTC
23/01/2026,FIS,"Fidelity National Information Services, Inc.",Technology,60.95000076,61.43000031,60.13000107,60.5,60.5,2875400,2026-01-25 21:27:44 UTC
19/01/2026,FISV,"Fiserv, Inc.",Unknown,66.58000183,66.87999725,66.08000183,66.29000092,66.29000092,8288400,2026-01-25 21:27:44 UTC
23/01/2026,FISV,"Fiserv, Inc.",Unknown,66.91000366,67.62999725,66.73999786,67.55999756,67.55999756,6234100,2026-01-25 21:27:44 UTC
19/01/2026,FITB,Fifth Third Bancorp,Financial Services,49.15000153,49.47999954,48.77000046,49.15999985,49.15999985,9789600,2026-01-25 21:27:44 UTC
23/01/2026,FITB,Fifth Third Bancorp,Financial Services,50.63000107,51.29000092,50.34000015,50.74000168,50.74000168,10932500,2026-01-25 21:27:44 UTC
19/01/2026,FOX,Fox Corporation,Communication Services,65.55000305,66.15000153,65.27500153,65.41999817,65.41999817,1134800,2026-01-25 21:27:44 UTC
23/01/2026,FOX,Fox Corporation,Communication Services,64.80000305,65.56999969,64.76499939,65.52999878,65.52999878,870100,2026-01-25 21:27:44 UTC
19/01/2026,FOXA,Fox Corporation,Communication Services,72.55000305,73.02999878,71.80999756,71.98999786,71.98999786,2329000,2026-01-25 21:27:44 UTC
23/01/2026,FOXA,Fox Corporation,Communication Services,72.19000244,72.94999695,72.05000305,72.87999725,72.87999725,2115600,2026-01-25 21:27:44 UTC
19/01/2026,FRT,Federal Realty Investment Trust,Real Estate,101.3300018,103.8600006,101.1399994,103.6699982,103.6699982,926500,2026-01-25 21:27:44 UTC
23/01/2026,FRT,Federal Realty Investment Trust,Real Estate,101.2900009,101.8799973,100.5699997,101.7699966,101.7699966,504600,2026-01-25 21:27:44 UTC
19/01/2026,FSLR,"First Solar, Inc.",Technology,243.6399994,248.6699982,243,243.7299957,243.7299957,1955700,2026-01-25 21:27:44 UTC
23/01/2026,FSLR,"First Solar, Inc.",Technology,240.9199982,246.3999939,237.9199982,242.1499939,242.1499939,1944600,2026-01-25 21:27:44 UTC
19/01/2026,FTNT,"Fortinet, Inc.",Technology,76.54000092,76.61000061,75.15000153,75.37999725,75.37999725,7913700,2026-01-25 21:27:44 UTC
23/01/2026,FTNT,"Fortinet, Inc.",Technology,83.5,85.05999756,81.09999847,81.63999939,81.63999939,10958100,2026-01-25 21:27:44 UTC
19/01/2026,FTV,Fortive Corporation,Technology,54.77999878,55.18999863,54.34500122,54.95999908,54.95999908,3207900,2026-01-25 21:27:44 UTC
23/01/2026,FTV,Fortive Corporation,Technology,54.59999847,54.79999924,53.93000031,54.59000015,54.59000015,3540800,2026-01-25 21:27:44 UTC
19/01/2026,GD,General Dynamics Corporation,Industrials,367.269989,369.7000122,365.4200134,367.3800049,367.3800049,1904200,2026-01-25 21:27:44 UTC
23/01/2026,GD,General Dynamics Corporation,Industrials,366.5899963,369,361.7600098,363.269989,363.269989,1179300,2026-01-25 21:27:44 UTC
19/01/2026,GDDY,GoDaddy Inc.,Technology,106.7900009,107.4000015,104.0250015,104.4599991,104.4599991,2063100,2026-01-25 21:27:44 UTC
23/01/2026,GDDY,GoDaddy Inc.,Technology,105.7399979,106.5299988,103.1600037,103.6999969,103.6999969,1507200,2026-01-25 21:27:44 UTC
19/01/2026,GE,GE Aerospace,Industrials,321.7200012,325.5499878,318.7000122,325.1199951,325.1199951,4109700,2026-01-25 21:27:44 UTC
23/01/2026,GE,GE Aerospace,Industrials,297,299.1099854,290.0700073,293.8699951,293.8699951,7767700,2026-01-25 21:27:44 UTC
19/01/2026,GEHC,GE HealthCare Technologies Inc.,Healthcare,82.69000244,82.69999695,81.15000153,81.75,81.75,6127100,2026-01-25 21:27:44 UTC
23/01/2026,GEHC,GE HealthCare Technologies Inc.,Healthcare,81.26000214,81.80999756,79.58000183,79.76999664,79.76999664,2340500,2026-01-25 21:27:44 UTC
19/01/2026,GEN,Gen Digital Inc.,Technology,26.40999985,26.40999985,26,26.10000038,26.10000038,4266100,2026-01-25 21:27:44 UTC
23/01/2026,GEN,Gen Digital Inc.,Technology,25.17000008,25.44000053,25.10000038,25.40999985,25.40999985,4056700,2026-01-25 21:27:44 UTC
19/01/2026,GEV,GE Vernova Inc.,Industrials,665.0599976,692.5,663,681.5499878,681.5499878,4986800,2026-01-25 21:27:44 UTC
23/01/2026,GEV,GE Vernova Inc.,Industrials,662.1799927,666.1300049,649,657.7800293,657.7800293,2004600,2026-01-25 21:27:44 UTC
19/01/2026,GFS,GlobalFoundries Inc.,Technology,42.08000183,42.36000061,41.18500137,41.24000168,41.24000168,3419700,2026-01-25 21:27:44 UTC
23/01/2026,GFS,GlobalFoundries Inc.,Technology,45.00999832,45.03499985,42.72000122,42.84999847,42.84999847,4315600,2026-01-25 21:27:44 UTC
19/01/2026,GILD,"Gilead Sciences, Inc.",Healthcare,123.8000031,125.1200027,122.0999985,124.9100037,124.9100037,10638900,2026-01-25 21:27:44 UTC
23/01/2026,GILD,"Gilead Sciences, Inc.",Healthcare,131.2599945,136.3000031,131,135.9299927,135.9299927,13178900,2026-01-25 21:27:44 UTC
19/01/2026,GIS,"General Mills, Inc.",Consumer Defensive,45.27000046,45.34999847,44.31000137,44.50999832,44.50999832,7269200,2026-01-25 21:27:44 UTC
23/01/2026,GIS,"General Mills, Inc.",Consumer Defensive,44.38000107,44.88000107,44.31000137,44.56000137,44.56000137,6134600,2026-01-25 21:27:44 UTC
19/01/2026,GL,Globe Life Inc.,Financial Services,139.3200073,140.4700012,138.4400024,138.9700012,138.9700012,410400,2026-01-25 21:27:44 UTC
23/01/2026,GL,Globe Life Inc.,Financial Services,137.3899994,138.0200043,135.4199982,136.5,136.5,509600,2026-01-25 21:27:44 UTC
19/01/2026,GLW,Corning Incorporated,Technology,93.83999634,94.61000061,92.12999725,94.19999695,94.19999695,7146600,2026-01-25 21:27:44 UTC
23/01/2026,GLW,Corning Incorporated,Technology,93.20999908,93.88999939,91.01000214,93.30000305,93.30000305,4246300,2026-01-25 21:27:44 UTC
19/01/2026,GM,General Motors Company,Consumer Cyclical,81,81.63999939,80.23000336,80.81999969,80.81999969,9838700,2026-01-25 21:27:44 UTC
23/01/2026,GM,General Motors Company,Consumer Cyclical,80.66999817,80.75,79.23000336,79.68000031,79.68000031,6862100,2026-01-25 21:27:44 UTC
19/01/2026,GNRC,Generac Holdings Inc.,Industrials,162.1199951,162.1199951,159.4100037,160.8500061,160.8500061,609000,2026-01-25 21:27:44 UTC
23/01/2026,GNRC,Generac Holdings Inc.,Industrials,175.8999939,177,170.8600006,173.0099945,173.0099945,1145400,2026-01-25 21:27:44 UTC
19/01/2026,GOOG,Alphabet Inc.,Communication Services,334.9349976,335.2399902,328.1700134,330.3399963,330.3399963,21868600,2026-01-25 21:27:44 UTC
23/01/2026,GOOG,Alphabet Inc.,Communication Services,332.6549988,334.0299988,327.9700012,328.4299927,328.4299927,19097500,2026-01-25 21:27:44 UTC
19/01/2026,GOOGL,Alphabet Inc.,Communication Services,334.4100037,334.6499939,327.7000122,330,330,40341600,2026-01-25 21:27:44 UTC
23/01/2026,GOOGL,Alphabet Inc.,Communication Services,332.4899902,333.6900024,327.4500122,327.9299927,327.9299927,27252600,2026-01-25 21:27:44 UTC
19/01/2026,GPC,Genuine Parts Company,Consumer Cyclical,135.3600006,137.1199951,134.9900055,136.9400024,136.9400024,961600,2026-01-25 21:27:44 UTC
23/01/2026,GPC,Genuine Parts Company,Consumer Cyclical,137.3000031,138.1000061,136.6100006,137.6300049,137.6300049,824000,2026-01-25 21:27:44 UTC
19/01/2026,GPN,Global Payments Inc.,Industrials,74.69999695,75.33999634,73.76000214,73.80000305,73.80000305,2831500,2026-01-25 21:27:44 UTC
23/01/2026,GPN,Global Payments Inc.,Industrials,75.25,75.88999939,74.63999939,75.20999908,75.20999908,2015100,2026-01-25 21:27:44 UTC
19/01/2026,GRMN,Garmin Ltd.,Technology,213.7400055,214.4600067,211.4299927,211.8000031,211.8000031,792900,2026-01-25 21:27:44 UTC
23/01/2026,GRMN,Garmin Ltd.,Technology,205.1999969,208.6499939,205.0800018,206.1699982,206.1699982,863800,2026-01-25 21:27:44 UTC
19/01/2026,GS,"The Goldman Sachs Group, Inc.",Financial Services,973,984.7000122,957,962,962,3071600,2026-01-25 21:27:44 UTC
23/01/2026,GS,"The Goldman Sachs Group, Inc.",Financial Services,934.0800171,937.1900024,917.0499878,918.8800049,918.8800049,3870800,2026-01-25 21:27:44 UTC
19/01/2026,GWW,"W.W. Grainger, Inc.",Industrials,1058.22998,1074.300049,1055.25,1068.719971,1068.719971,283600,2026-01-25 21:27:44 UTC
23/01/2026,GWW,"W.W. Grainger, Inc.",Industrials,1065.810059,1071.910034,1049.339966,1057.859985,1057.859985,231900,2026-01-25 21:27:44 UTC
19/01/2026,HAL,Halliburton Company,Energy,32.68000031,32.93999863,32.34000015,32.56999969,32.56999969,10404900,2026-01-25 21:27:44 UTC
23/01/2026,HAL,Halliburton Company,Energy,34.72999954,35.54999924,33.90999985,33.95000076,33.95000076,16067500,2026-01-25 21:27:44 UTC
19/01/2026,HAS,"Hasbro, Inc.",Consumer Cyclical,86.80000305,87.05000305,85.76999664,86.19999695,86.19999695,1329200,2026-01-25 21:27:44 UTC
23/01/2026,HAS,"Hasbro, Inc.",Consumer Cyclical,88.58999634,89.01000214,88.20999908,88.68000031,88.68000031,1702400,2026-01-25 21:27:44 UTC
19/01/2026,HBAN,Huntington Bancshares Incorporated,Financial Services,17.92000008,18.11000061,17.81999969,18.02000046,18.02000046,23386500,2026-01-25 21:27:44 UTC
23/01/2026,HBAN,Huntington Bancshares Incorporated,Financial Services,17.5,17.84000015,17.34000015,17.35000038,17.35000038,46835300,2026-01-25 21:27:44 UTC
19/01/2026,HCA,"HCA Healthcare, Inc.",Healthcare,482.6000061,482.8200073,468.8399963,469.2900085,469.2900085,1185900,2026-01-25 21:27:44 UTC
23/01/2026,HCA,"HCA Healthcare, Inc.",Healthcare,463.980011,471,463.6499939,470.8800049,470.8800049,722200,2026-01-25 21:27:44 UTC
19/01/2026,HD,"The Home Depot, Inc.",Consumer Cyclical,379.25,382.769989,377.5100098,380.1700134,380.1700134,3709000,2026-01-25 21:27:44 UTC
23/01/2026,HD,"The Home Depot, Inc.",Consumer Cyclical,381.5,384.3699951,379.2099915,383.769989,383.769989,3137100,2026-01-25 21:27:44 UTC
19/01/2026,HIG,"The Hartford Insurance Group, Inc.",Financial Services,130.2799988,130.7700043,129.0399933,129.5899963,129.5899963,1589700,2026-01-25 21:27:44 UTC
23/01/2026,HIG,"The Hartford Insurance Group, Inc.",Financial Services,129.3699951,130.3600006,127.6200027,128.6199951,128.6199951,1843300,2026-01-25 21:27:44 UTC
19/01/2026,HII,"Huntington Ingalls Industries, Inc.",Industrials,422.519989,427.7200012,420.0299988,425.8999939,425.8999939,688500,2026-01-25 21:27:44 UTC
23/01/2026,HII,"Huntington Ingalls Industries, Inc.",Industrials,424.1700134,428.3900146,412.0400085,418.5799866,418.5799866,448800,2026-01-25 21:27:44 UTC
19/01/2026,HLT,Hilton Worldwide Holdings Inc.,Consumer Cyclical,301,301.9599915,298.5299988,300.8500061,300.8500061,1680400,2026-01-25 21:27:44 UTC
23/01/2026,HLT,Hilton Worldwide Holdings Inc.,Consumer Cyclical,295.8699951,298.269989,294.1400146,298.1099854,298.1099854,3033900,2026-01-25 21:27:44 UTC
19/01/2026,HOLX,"Hologic, Inc.",Healthcare,75,75.16000366,74.91000366,74.98000336,74.98000336,4149900,2026-01-25 21:27:44 UTC
23/01/2026,HOLX,"Hologic, Inc.",Healthcare,75.12000275,75.16999817,75,75.05000305,75.05000305,2023500,2026-01-25 21:27:44 UTC
19/01/2026,HON,Honeywell International Inc.,Industrials,219.2200012,220.6300049,216.5299988,219.3899994,219.3899994,8529500,2026-01-25 21:27:44 UTC
23/01/2026,HON,Honeywell International Inc.,Industrials,221.9700012,223.3200073,220.5899963,221.4600067,221.4600067,3818200,2026-01-25 21:27:44 UTC
19/01/2026,HOOD,"Robinhood Markets, Inc.",Financial Services,111.0500031,111.25,106.8799973,108.7399979,108.7399979,30258500,2026-01-25 21:27:44 UTC
23/01/2026,HOOD,"Robinhood Markets, Inc.",Financial Services,106.9000015,111.4599991,106.5,106.9899979,106.9899979,17635900,2026-01-25 21:27:44 UTC
19/01/2026,HPE,Hewlett Packard Enterprise Company,Technology,22,22,21.42000008,21.44000053,21.44000053,15541600,2026-01-25 21:27:44 UTC
23/01/2026,HPE,Hewlett Packard Enterprise Company,Technology,21.30999947,21.30999947,20.96999931,21.04999924,21.04999924,9386200,2026-01-25 21:27:44 UTC
19/01/2026,HPQ,HP Inc.,Technology,20.07999992,20.73999977,19.97999954,20.37000084,20.37000084,20501900,2026-01-25 21:27:44 UTC
23/01/2026,HPQ,HP Inc.,Technology,19.70000076,19.70999908,19.20000076,19.43000031,19.43000031,17421900,2026-01-25 21:27:44 UTC
19/01/2026,HRL,Hormel Foods Corporation,Consumer Defensive,24.53000069,24.70000076,24.18000031,24.21999931,24.21999931,4811800,2026-01-25 21:27:44 UTC
23/01/2026,HRL,Hormel Foods Corporation,Consumer Defensive,24.38999939,24.62000084,24.35000038,24.60000038,24.60000038,2655900,2026-01-25 21:27:44 UTC
19/01/2026,HSIC,"Henry Schein, Inc.",Healthcare,78.01999664,80.09999847,77.66000366,79.98000336,79.98000336,1925400,2026-01-25 21:27:44 UTC
23/01/2026,HSIC,"Henry Schein, Inc.",Healthcare,78.05999756,78.27999878,76.97000122,77.20999908,77.20999908,1001400,2026-01-25 21:27:44 UTC
19/01/2026,HST,"Host Hotels & Resorts, Inc.",Real Estate,18.42000008,18.61000061,18.18000031,18.59000015,18.59000015,5420100,2026-01-25 21:27:44 UTC
23/01/2026,HST,"Host Hotels & Resorts, Inc.",Real Estate,18.73999977,18.78000069,18.54999924,18.70000076,18.70000076,7678500,2026-01-25 21:27:44 UTC
19/01/2026,HSY,The Hershey Company,Consumer Defensive,200.4299927,201.8600006,196.2299957,197.7599945,197.7599945,3971900,2026-01-25 21:27:44 UTC
23/01/2026,HSY,The Hershey Company,Consumer Defensive,191.3600006,192.7599945,189.1100006,191.1999969,191.1999969,2524500,2026-01-25 21:27:44 UTC
19/01/2026,HUBB,Hubbell Incorporated,Industrials,491.7200012,497.9500122,488.0801086,489.3099976,489.3099976,745964,2026-01-25 21:27:44 UTC
23/01/2026,HUBB,Hubbell Incorporated,Industrials,485.980011,489.5100098,481.5675049,485.5299988,485.5299988,404155,2026-01-25 21:27:44 UTC
19/01/2026,HUM,Humana Inc.,Healthcare,282.4400024,283.0799866,271.5700073,273.2799988,273.2799988,885500,2026-01-25 21:27:44 UTC
23/01/2026,HUM,Humana Inc.,Healthcare,265.0499878,269.1900024,264,266.5,266.5,1268500,2026-01-25 21:27:44 UTC
19/01/2026,HWM,Howmet Aerospace Inc.,Industrials,224.4900055,225.8000031,223.0500031,224.8899994,224.8899994,1671700,2026-01-25 21:27:44 UTC
23/01/2026,HWM,Howmet Aerospace Inc.,Industrials,217.8099976,219,213.8000031,214.8899994,214.8899994,3492400,2026-01-25 21:27:44 UTC
19/01/2026,IBKR,"Interactive Brokers Group, Inc.",Financial Services,74.05000305,74.06999969,72.05999756,73.36000061,73.36000061,4127400,2026-01-25 21:27:44 UTC
23/01/2026,IBKR,"Interactive Brokers Group, Inc.",Financial Services,76.91000366,78.55999756,76.91000366,77.58000183,77.58000183,8052800,2026-01-25 21:27:44 UTC
19/01/2026,IBM,International Business Machines Corporation,Technology,301,307.4500122,300.7799988,305.6700134,305.6700134,6199600,2026-01-25 21:27:44 UTC
23/01/2026,IBM,International Business Machines Corporation,Technology,294.0700073,294.3399963,289.7900085,292.4400024,292.4400024,3296000,2026-01-25 21:27:44 UTC
19/01/2026,ICE,"Intercontinental Exchange, Inc.",Financial Services,173.2100067,175.3600006,171.8600006,173.9799957,173.9799957,4415800,2026-01-25 21:27:44 UTC
23/01/2026,ICE,"Intercontinental Exchange, Inc.",Financial Services,174.1300049,174.4299927,172.6499939,172.9299927,172.9299927,2697900,2026-01-25 21:27:44 UTC
19/01/2026,IDXX,"IDEXX Laboratories, Inc.",Healthcare,715.0499878,719.9500122,710.960022,715.3699951,715.3699951,532100,2026-01-25 21:27:44 UTC
23/01/2026,IDXX,"IDEXX Laboratories, Inc.",Healthcare,689.8200073,698.289978,687.460022,693.8499756,693.8499756,279300,2026-01-25 21:27:44 UTC
19/01/2026,IEX,IDEX Corporation,Industrials,193.8500061,197.7299957,193.8500061,196.9299927,196.9299927,1049700,2026-01-25 21:27:44 UTC
23/01/2026,IEX,IDEX Corporation,Industrials,198.1199951,198.1199951,193.7899933,195.2700043,195.2700043,582000,2026-01-25 21:27:44 UTC
19/01/2026,IFF,International Flavors & Fragrances Inc.,Basic Materials,70.5,71.87999725,70.40000153,71.68000031,71.68000031,2073800,2026-01-25 21:27:44 UTC
23/01/2026,IFF,International Flavors & Fragrances Inc.,Basic Materials,72.16000366,73.27999878,71.90000153,73.23000336,73.23000336,1461500,2026-01-25 21:27:44 UTC
19/01/2026,INCY,Incyte Corporation,Healthcare,105.5500031,108.5800018,104.8300018,106.2099991,106.2099991,1695900,2026-01-25 21:27:44 UTC
23/01/2026,INCY,Incyte Corporation,Healthcare,104.3399963,104.6999969,100.0699997,101.9899979,101.9899979,2360800,2026-01-25 21:27:44 UTC
19/01/2026,INTC,Intel Corporation,Technology,49.27000046,50.20999908,46.70999908,46.95999908,46.95999908,127314700,2026-01-25 21:27:44 UTC
23/01/2026,INTC,Intel Corporation,Technology,46.86000061,48.13000107,44.45000076,45.06999969,45.06999969,293185400,2026-01-25 21:27:44 UTC
19/01/2026,INTU,Intuit Inc.,Technology,552.7800293,554,535.0999756,545.289978,545.289978,4773200,2026-01-25 21:27:44 UTC
23/01/2026,INTU,Intuit Inc.,Technology,546.8200073,564.5700073,545.7199707,563.9699707,563.9699707,3273200,2026-01-25 21:27:44 UTC
19/01/2026,INVH,Invitation Homes Inc.,Real Estate,27.06999969,27.65999985,26.98500061,27.64999962,27.64999962,6415400,2026-01-25 21:27:44 UTC
23/01/2026,INVH,Invitation Homes Inc.,Real Estate,27.01000023,27.28300095,26.94000053,27.19000053,27.19000053,4718700,2026-01-25 21:27:44 UTC
19/01/2026,IP,International Paper Company,Consumer Cyclical,43.29999924,43.54000092,42.88000107,43.34999847,43.34999847,3917200,2026-01-25 21:27:44 UTC
23/01/2026,IP,International Paper Company,Consumer Cyclical,41.61999893,43.56999969,41.33000183,43.04000092,43.04000092,15894100,2026-01-25 21:27:44 UTC
19/01/2026,IPG,"The Interpublic Group of Companies, Inc.",Communication Services,24.65999985,25.31999969,24.46999931,24.56999969,24.56999969,82081278,2026-01-25 21:27:44 UTC
23/01/2026,IPG,"The Interpublic Group of Companies, Inc.",Communication Services,24.65999985,25.31999969,24.46999931,24.56999969,24.56999969,82081278,2026-01-25 21:27:44 UTC
19/01/2026,IQV,IQVIA Holdings Inc.,Healthcare,240.3600006,241.5500031,237.6699982,237.6799927,237.6799927,1350700,2026-01-25 21:27:44 UTC
23/01/2026,IQV,IQVIA Holdings Inc.,Healthcare,238.5,239.2700043,234.6900024,235.3099976,235.3099976,683300,2026-01-25 21:27:44 UTC
19/01/2026,IR,Ingersoll Rand Inc.,Industrials,87.02999878,88.44000244,87.02999878,88.16000366,88.16000366,2535900,2026-01-25 21:27:44 UTC
23/01/2026,IR,Ingersoll Rand Inc.,Industrials,87.65000153,87.93000031,86.80999756,87.20999908,87.20999908,2290200,2026-01-25 21:27:44 UTC
19/01/2026,IRM,Iron Mountain Incorporated,Real Estate,92.55000305,96.5,92.30000305,95.93000031,95.93000031,3151500,2026-01-25 21:27:44 UTC
23/01/2026,IRM,Iron Mountain Incorporated,Real Estate,93.90000153,94.23000336,92.66000366,93.58999634,93.58999634,1197300,2026-01-25 21:27:44 UTC
19/01/2026,ISRG,"Intuitive Surgical, Inc.",Healthcare,542,543,532.6300049,535,535,3015500,2026-01-25 21:27:44 UTC
23/01/2026,ISRG,"Intuitive Surgical, Inc.",Healthcare,530,540,521.1799927,523.9899902,523.9899902,2799100,2026-01-25 21:27:44 UTC
19/01/2026,IT,"Gartner, Inc.",Technology,231.8699951,233.0700073,226.5,230.6699982,230.6699982,903500,2026-01-25 21:27:44 UTC
23/01/2026,IT,"Gartner, Inc.",Technology,236.4299927,239.25,230.6799927,231.7599945,231.7599945,716800,2026-01-25 21:27:44 UTC
19/01/2026,ITW,Illinois Tool Works Inc.,Industrials,261.5100098,264.269989,260.0499878,263.4700012,263.4700012,1280500,2026-01-25 21:27:44 UTC
23/01/2026,ITW,Illinois Tool Works Inc.,Industrials,259.8999939,260.4299927,256.9599915,258.2600098,258.2600098,1292800,2026-01-25 21:27:44 UTC
19/01/2026,IVZ,Invesco Ltd.,Financial Services,29.22999954,29.51000023,29.12000084,29.44000053,29.44000053,4823400,2026-01-25 21:27:44 UTC
23/01/2026,IVZ,Invesco Ltd.,Financial Services,29.04000092,29.12999916,28.31999969,28.39999962,28.39999962,4411500,2026-01-25 21:27:44 UTC
19/01/2026,J,Jacobs Solutions Inc.,Industrials,141.3800049,142.2799988,139.1999969,139.9400024,139.9400024,605400,2026-01-25 21:27:44 UTC
23/01/2026,J,Jacobs Solutions Inc.,Industrials,140.1399994,141,137.3500061,137.8899994,137.8899994,620100,2026-01-25 21:27:44 UTC
19/01/2026,JBHT,"J.B. Hunt Transport Services, Inc.",Industrials,199.8099976,209.5299988,198.0099945,204.3800049,204.3800049,2760700,2026-01-25 21:27:44 UTC
23/01/2026,JBHT,"J.B. Hunt Transport Services, Inc.",Industrials,210.6900024,211.7100067,206.2100067,206.75,206.75,980300,2026-01-25 21:27:44 UTC
19/01/2026,JBL,Jabil Inc.,Technology,253.4100037,254.4900055,248.5399933,251.2899933,251.2899933,1580700,2026-01-25 21:27:44 UTC
23/01/2026,JBL,Jabil Inc.,Technology,243.5099945,247,237.7200012,243.1399994,243.1399994,927700,2026-01-25 21:27:44 UTC
19/01/2026,JCI,Johnson Controls International plc,Industrials,113.75,115.3899994,113.1999969,114.6100006,114.6100006,6561900,2026-01-25 21:27:44 UTC
23/01/2026,JCI,Johnson Controls International plc,Industrials,114.6299973,114.6900024,113.0199966,113.5899963,113.5899963,3410200,2026-01-25 21:27:44 UTC
19/01/2026,JKHY,"Jack Henry & Associates, Inc.",Technology,190.5,191.0200043,188.1999969,190.3200073,190.3200073,539000,2026-01-25 21:27:44 UTC
23/01/2026,JKHY,"Jack Henry & Associates, Inc.",Technology,188.6199951,189.4600067,183.7100067,185.1100006,185.1100006,681200,2026-01-25 21:27:44 UTC
19/01/2026,JNJ,Johnson & Johnson,Healthcare,219.0399933,220.1100006,218.1399994,218.6600037,218.6600037,10021500,2026-01-25 21:27:44 UTC
23/01/2026,JNJ,Johnson & Johnson,Healthcare,219.8000031,221.2100067,217.8399963,220.1399994,220.1399994,6950600,2026-01-25 21:27:44 UTC
19/01/2026,JPM,JPMorgan Chase & Co.,Financial Services,310.3500061,317.2099915,310,312.4700012,312.4700012,14652500,2026-01-25 21:27:44 UTC
23/01/2026,JPM,JPMorgan Chase & Co.,Financial Services,302,302.3699951,296.5100098,297.7200012,297.7200012,11100600,2026-01-25 21:27:44 UTC
19/01/2026,K,Kellanova,Consumer Defensive,83.45999908,83.48000336,83.41999817,83.44000244,83.44000244,42705866,2026-01-25 21:27:44 UTC
23/01/2026,K,Kellanova,Consumer Defensive,83.45999908,83.48000336,83.41999817,83.44000244,83.44000244,42705866,2026-01-25 21:27:44 UTC
19/01/2026,KDP,Keurig Dr Pepper Inc.,Consumer Defensive,27.92000008,27.93000031,27.31999969,27.40999985,27.40999985,17315100,2026-01-25 21:27:44 UTC
23/01/2026,KDP,Keurig Dr Pepper Inc.,Consumer Defensive,27.56999969,27.85000038,27.45999908,27.76000023,27.76000023,9761200,2026-01-25 21:27:44 UTC
19/01/2026,KEY,KeyCorp,Financial Services,21.19000053,21.40999985,21.04000092,21.17000008,21.17000008,15102500,2026-01-25 21:27:44 UTC
23/01/2026,KEY,KeyCorp,Financial Services,21.46999931,21.51000023,21.06999969,21.10000038,21.10000038,14994200,2026-01-25 21:27:44 UTC
19/01/2026,KEYS,"Keysight Technologies, Inc.",Technology,214.6900024,216.5099945,212.1999969,214.1999969,214.1999969,1109600,2026-01-25 21:27:44 UTC
23/01/2026,KEYS,"Keysight Technologies, Inc.",Technology,214.3200073,216.9750061,211.9700012,212.9400024,212.9400024,796900,2026-01-25 21:27:44 UTC
19/01/2026,KHC,The Kraft Heinz Company,Consumer Defensive,23.84000015,23.89999962,23.5,23.53000069,23.53000069,14774000,2026-01-25 21:27:44 UTC
23/01/2026,KHC,The Kraft Heinz Company,Consumer Defensive,22.68000031,23.23999977,22.67000008,23.20000076,23.20000076,14246400,2026-01-25 21:27:44 UTC
19/01/2026,KIM,Kimco Realty Corporation,Real Estate,20.75,21.07999992,20.63999939,21.05999947,21.05999947,5447100,2026-01-25 21:27:44 UTC
23/01/2026,KIM,Kimco Realty Corporation,Real Estate,20.71999931,21.01000023,20.62000084,20.95999908,20.95999908,4211700,2026-01-25 21:27:44 UTC
19/01/2026,KKR,KKR & Co. Inc.,Financial Services,130.5399933,133.5099945,130.0700073,131.4199982,131.4199982,3910200,2026-01-25 21:27:44 UTC
23/01/2026,KKR,KKR & Co. Inc.,Financial Services,122.8000031,123.3700027,120.9199982,121.25,121.25,3183300,2026-01-25 21:27:44 UTC
19/01/2026,KLAC,KLA Corporation,Technology,1574.670044,1581.339966,1535.099976,1567.819946,1567.819946,1531700,2026-01-25 21:27:44 UTC
23/01/2026,KLAC,KLA Corporation,Technology,1484.22998,1512.969971,1451.819946,1512.780029,1512.780029,1010200,2026-01-25 21:27:44 UTC
19/01/2026,KMB,Kimberly-Clark Corporation,Consumer Defensive,100.0999985,100.2600021,98.55999756,99.31999969,99.31999969,6728900,2026-01-25 21:27:44 UTC
23/01/2026,KMB,Kimberly-Clark Corporation,Consumer Defensive,102.1900024,102.5100021,101.4599991,102.2300034,102.2300034,4245900,2026-01-25 21:27:44 UTC
19/01/2026,KMI,"Kinder Morgan, Inc.",Energy,27.54000092,27.97999954,27.38999939,27.95999908,27.95999908,14289600,2026-01-25 21:27:44 UTC
23/01/2026,KMI,"Kinder Morgan, Inc.",Energy,29.97999954,30,29.47999954,29.56999969,29.56999969,17247600,2026-01-25 21:27:44 UTC
19/01/2026,KO,The Coca-Cola Company,Consumer Defensive,70.29000092,70.73999786,70.04000092,70.44000244,70.44000244,20027500,2026-01-25 21:27:44 UTC
23/01/2026,KO,The Coca-Cola Company,Consumer Defensive,72.01999664,73.05999756,71.77999878,72.87999725,72.87999725,18303600,2026-01-25 21:27:44 UTC
19/01/2026,KR,The Kroger Co.,Consumer Defensive,62.13999939,63.63000107,62.04999924,63.18999863,63.18999863,7922800,2026-01-25 21:27:44 UTC
23/01/2026,KR,The Kroger Co.,Consumer Defensive,62.77999878,64.30000305,62.52000046,64.25,64.25,5741700,2026-01-25 21:27:44 UTC
19/01/2026,KVUE,Kenvue Inc.,Consumer Defensive,17.20000076,17.29000092,17.05999947,17.20000076,17.20000076,57433300,2026-01-25 21:27:44 UTC
23/01/2026,KVUE,Kenvue Inc.,Consumer Defensive,17.76000023,17.82999992,17.64999962,17.79999924,17.79999924,43896000,2026-01-25 21:27:44 UTC
19/01/2026,L,Loews Corporation,Financial Services,102.9000015,103.2900009,101.8899994,102.4899979,102.4899979,1118500,2026-01-25 21:27:44 UTC
23/01/2026,L,Loews Corporation,Financial Services,102.2600021,102.4400024,101.0800018,101.8600006,101.8600006,677100,2026-01-25 21:27:44 UTC
19/01/2026,LDOS,"Leidos Holdings, Inc.",Technology,192.2200012,194.7299957,190.8099976,194.6999969,194.6999969,889000,2026-01-25 21:27:44 UTC
23/01/2026,LDOS,"Leidos Holdings, Inc.",Technology,194.9900055,198,190.1799927,191.2299957,191.2299957,659400,2026-01-25 21:27:44 UTC
19/01/2026,LEN,Lennar Corporation,Consumer Cyclical,121.7300034,122.3099976,117.1699982,118.5899963,118.5899963,4404700,2026-01-25 21:27:44 UTC
23/01/2026,LEN,Lennar Corporation,Consumer Cyclical,114.6500015,115.3799973,111.7799988,111.8399963,111.8399963,2630700,2026-01-25 21:27:44 UTC
19/01/2026,LH,Labcorp Holdings Inc.,Healthcare,267.0899963,271.6099854,265.8599854,270.8699951,270.8699951,1060600,2026-01-25 21:27:44 UTC
23/01/2026,LH,Labcorp Holdings Inc.,Healthcare,269.1799927,270.9200134,264.7999878,266.6600037,266.6600037,445500,2026-01-25 21:27:44 UTC
19/01/2026,LHX,"L3Harris Technologies, Inc.",Industrials,340.980011,347.6099854,339.2600098,346.4599915,346.4599915,1535200,2026-01-25 21:27:44 UTC
23/01/2026,LHX,"L3Harris Technologies, Inc.",Industrials,356.7999878,360.6799927,353.4899902,354.730011,354.730011,1473300,2026-01-25 21:27:44 UTC
19/01/2026,LII,Lennox International Inc.,Industrials,524.6400146,531.8599854,521.3200073,525.8699951,525.8699951,480000,2026-01-25 21:27:44 UTC
23/01/2026,LII,Lennox International Inc.,Industrials,508.1499939,511.2399902,501.1799927,509.7600098,509.7600098,506500,2026-01-25 21:27:44 UTC
19/01/2026,LIN,Linde plc,Basic Materials,439.4599915,440.5299988,435.6600037,438.9599915,438.9599915,3297000,2026-01-25 21:27:44 UTC
23/01/2026,LIN,Linde plc,Basic Materials,443.2399902,451.980011,443.0700073,451.5700073,451.5700073,1639000,2026-01-25 21:27:44 UTC
19/01/2026,LKQ,LKQ Corporation,Consumer Cyclical,33.70000076,33.84999847,33.15000153,33.50999832,33.50999832,2796800,2026-01-25 21:27:44 UTC
23/01/2026,LKQ,LKQ Corporation,Consumer Cyclical,34.13999939,34.24000168,33.74000168,34.04000092,34.04000092,1824200,2026-01-25 21:27:44 UTC
19/01/2026,LLY,Eli Lilly and Company,Healthcare,1024.430054,1049.939941,1018,1038.400024,1038.400024,3829000,2026-01-25 21:27:44 UTC
23/01/2026,LLY,Eli Lilly and Company,Healthcare,1083.72998,1084.319946,1063.02002,1064.290039,1064.290039,2591600,2026-01-25 21:27:44 UTC
19/01/2026,LMT,Lockheed Martin Corporation,Industrials,578.210022,582.9299927,577.4199829,582.4299927,582.4299927,2375700,2026-01-25 21:27:44 UTC
23/01/2026,LMT,Lockheed Martin Corporation,Industrials,594.6400146,596.2299805,586.0100098,590.8200073,590.8200073,1271000,2026-01-25 21:27:44 UTC
19/01/2026,LNT,Alliant Energy Corporation,Utilities,66.76999664,67.62999725,66.54000092,67.33999634,67.33999634,2083800,2026-01-25 21:27:44 UTC
23/01/2026,LNT,Alliant Energy Corporation,Utilities,66.75,66.86000061,65.87000275,66.83000183,66.83000183,2395400,2026-01-25 21:27:44 UTC
19/01/2026,LOW,"Lowe's Companies, Inc.",Consumer Cyclical,276.3200073,278.4400024,274.0700073,277.5499878,276.309082,2915700,2026-01-25 21:27:44 UTC
23/01/2026,LOW,"Lowe's Companies, Inc.",Consumer Cyclical,275,277.2900085,273.980011,276.730011,276.730011,2204000,2026-01-25 21:27:44 UTC
19/01/2026,LRCX,Lam Research Corporation,Technology,221.8999939,225.6900024,219,222.9600067,222.9600067,14392700,2026-01-25 21:27:44 UTC
23/01/2026,LRCX,Lam Research Corporation,Technology,217.8699951,223.3600006,213.8699951,217.9400024,217.9400024,10148900,2026-01-25 21:27:44 UTC
19/01/2026,LULU,lululemon athletica inc.,Consumer Cyclical,204.3899994,205.0700073,201.5,201.8699951,201.8699951,3642300,2026-01-25 21:27:44 UTC
23/01/2026,LULU,lululemon athletica inc.,Consumer Cyclical,192.7100067,194.8899994,191,191.0700073,191.0700073,1718400,2026-01-25 21:27:44 UTC
19/01/2026,LUV,Southwest Airlines Co.,Industrials,43.06000137,43.31000137,42.61999893,43.11999893,43.11999893,6841900,2026-01-25 21:27:44 UTC
23/01/2026,LUV,Southwest Airlines Co.,Industrials,41.81000137,42.43000031,41.75999832,41.95000076,41.95000076,7007500,2026-01-25 21:27:44 UTC
19/01/2026,LVS,Las Vegas Sands Corp.,Consumer Cyclical,60.22000122,60.40000153,58.61000061,58.95000076,58.95000076,8025700,2026-01-25 21:27:44 UTC
23/01/2026,LVS,Las Vegas Sands Corp.,Consumer Cyclical,59.88999939,60.75999832,59.56999969,59.95000076,59.95000076,4259500,2026-01-25 21:27:44 UTC
19/01/2026,LW,"Lamb Weston Holdings, Inc.",Consumer Defensive,43.47999954,43.86999893,43.09000015,43.33000183,43.33000183,2243900,2026-01-25 21:27:44 UTC
23/01/2026,LW,"Lamb Weston Holdings, Inc.",Consumer Defensive,43.93999863,44.25999832,43.65499878,43.72000122,43.72000122,2773200,2026-01-25 21:27:44 UTC
19/01/2026,LYB,LyondellBasell Industries N.V.,Basic Materials,50.38000107,51.06000137,49.99000168,50.90999985,50.90999985,4334300,2026-01-25 21:27:44 UTC
23/01/2026,LYB,LyondellBasell Industries N.V.,Basic Materials,51.83000183,52.06000137,50.58000183,50.99000168,50.99000168,4423800,2026-01-25 21:27:44 UTC
19/01/2026,LYV,"Live Nation Entertainment, Inc.",Communication Services,145.1000061,146.8300018,144,144.4299927,144.4299927,5190000,2026-01-25 21:27:44 UTC
23/01/2026,LYV,"Live Nation Entertainment, Inc.",Communication Services,138.0700073,148.1000061,137.5,146.9700012,146.9700012,5516700,2026-01-25 21:27:44 UTC
19/01/2026,MA,Mastercard Incorporated,Financial Services,540.2399902,544.0300293,538.6799927,539.4899902,539.4899902,3496200,2026-01-25 21:27:44 UTC
23/01/2026,MA,Mastercard Incorporated,Financial Services,531.4099731,532.1400146,520.1599731,524.7399902,524.7399902,5002900,2026-01-25 21:27:44 UTC
19/01/2026,MAA,"Mid-America Apartment Communities, Inc.",Real Estate,134.9700012,137.1300049,133.9600067,137.0899963,137.0899963,908100,2026-01-25 21:27:44 UTC
23/01/2026,MAA,"Mid-America Apartment Communities, Inc.",Real Estate,134.5599976,135.9199982,134.0700073,135.7899933,135.7899933,591600,2026-01-25 21:27:44 UTC
19/01/2026,MAR,"Marriott International, Inc.",Consumer Cyclical,326.7099915,327.75,322.0700073,325.8800049,325.8800049,1903400,2026-01-25 21:27:44 UTC
23/01/2026,MAR,"Marriott International, Inc.",Consumer Cyclical,319.3099976,320.7399902,316.6900024,319.7000122,319.7000122,1368300,2026-01-25 21:27:44 UTC
19/01/2026,MAS,Masco Corporation,Industrials,71.11000061,71.58000183,70.44999695,70.47000122,70.47000122,3345800,2026-01-25 21:27:44 UTC
23/01/2026,MAS,Masco Corporation,Industrials,69.84999847,69.94999695,68.37999725,68.73000336,68.73000336,1590500,2026-01-25 21:27:44 UTC
19/01/2026,MCD,McDonald's Corporation,Consumer Cyclical,306.8900146,308.5299988,305.8399963,307.4299927,307.4299927,2590600,2026-01-25 21:27:44 UTC
23/01/2026,MCD,McDonald's Corporation,Consumer Cyclical,306.1000061,309.5100098,305.3599854,309.25,309.25,2350200,2026-01-25 21:27:44 UTC
19/01/2026,MCHP,Microchip Technology Incorporated,Technology,75.43000031,75.66000366,74.33000183,74.69999695,74.69999695,7005300,2026-01-25 21:27:44 UTC
23/01/2026,MCHP,Microchip Technology Incorporated,Technology,75.77999878,75.94000244,73.41000366,74.70999908,74.70999908,7545100,2026-01-25 21:27:44 UTC
19/01/2026,MCK,McKesson Corporation,Healthcare,842.0200195,847.9000244,837.6400146,840.460022,840.460022,603200,2026-01-25 21:27:44 UTC
23/01/2026,MCK,McKesson Corporation,Healthcare,815.25,822.3599854,810.6699829,820.2299805,820.2299805,409400,2026-01-25 21:27:44 UTC
19/01/2026,MCO,Moody's Corporation,Financial Services,539.5999756,541.2999878,534.5900269,538.9199829,538.9199829,651900,2026-01-25 21:27:44 UTC
23/01/2026,MCO,Moody's Corporation,Financial Services,528.9099731,531.9500122,521.2299805,524.039978,524.039978,590400,2026-01-25 21:27:44 UTC
19/01/2026,MDLZ,"Mondelez International, Inc.",Consumer Defensive,57.22000122,57.56000137,56.61000061,57.24000168,57.24000168,12019100,2026-01-25 21:27:44 UTC
23/01/2026,MDLZ,"Mondelez International, Inc.",Consumer Defensive,57.49000168,58.43000031,57.43999863,58.40000153,58.40000153,10550600,2026-01-25 21:27:44 UTC
19/01/2026,MDT,Medtronic plc,Healthcare,98.68000031,98.94999695,96.66999817,96.76000214,96.76000214,9035600,2026-01-25 21:27:44 UTC
23/01/2026,MDT,Medtronic plc,Healthcare,101.0100021,101.7200012,100.2300034,100.8799973,100.8799973,8482200,2026-01-25 21:27:44 UTC
19/01/2026,MELI,"MercadoLibre, Inc.",Consumer Cyclical,2104.73999,2110.040039,2061.620117,2075.01001,2075.01001,546800,2026-01-25 21:27:44 UTC
23/01/2026,MELI,"MercadoLibre, Inc.",Consumer Cyclical,2145,2153.459961,2100.310059,2137.290039,2137.290039,467100,2026-01-25 21:27:44 UTC
19/01/2026,MET,"MetLife, Inc.",Financial Services,77.5,77.86000061,76.58999634,76.76999664,76.76999664,4719400,2026-01-25 21:27:44 UTC
23/01/2026,MET,"MetLife, Inc.",Financial Services,76.37000275,76.77999878,74.87999725,75.80999756,75.80999756,3597800,2026-01-25 21:27:44 UTC
19/01/2026,META,"Meta Platforms, Inc.",Communication Services,624.1799927,629.0800171,620.0800171,620.25,620.25,17012500,2026-01-25 21:27:44 UTC
23/01/2026,META,"Meta Platforms, Inc.",Communication Services,644.7700195,666.4899902,644.4500122,658.7600098,658.7600098,22773600,2026-01-25 21:27:44 UTC
19/01/2026,MGM,MGM Resorts International,Consumer Cyclical,34.81999969,35.22999954,34.34000015,34.97999954,34.97999954,5314600,2026-01-25 21:27:44 UTC
23/01/2026,MGM,MGM Resorts International,Consumer Cyclical,34.54000092,34.54999924,33.86999893,34.02999878,34.02999878,2696800,2026-01-25 21:27:44 UTC
19/01/2026,MHK,"Mohawk Industries, Inc.",Consumer Cyclical,122.7799988,125.3899994,122,122.8399963,122.8399963,616900,2026-01-25 21:27:44 UTC
23/01/2026,MHK,"Mohawk Industries, Inc.",Consumer Cyclical,125.1200027,125.2099991,120.0100021,120.6100006,120.6100006,615000,2026-01-25 21:27:44 UTC
19/01/2026,MKC,"McCormick & Company, Incorporated",Consumer Defensive,68.20999908,68.34999847,66.91999817,67.04000092,67.04000092,4078200,2026-01-25 21:27:44 UTC
23/01/2026,MKC,"McCormick & Company, Incorporated",Consumer Defensive,61.02000046,61.68000031,59.61999893,60.79000092,60.79000092,6500000,2026-01-25 21:27:44 UTC
19/01/2026,MLM,"Martin Marietta Materials, Inc.",Basic Materials,637.5200195,654.9299927,637.5200195,651.6599731,651.6599731,433600,2026-01-25 21:27:44 UTC
23/01/2026,MLM,"Martin Marietta Materials, Inc.",Basic Materials,647.1599731,656.3800049,644.9199829,649.4799805,649.4799805,330100,2026-01-25 21:27:44 UTC
19/01/2026,MMC,"Marsh & McLennan Companies, Inc.",Financial Services,179.9199982,182.6699982,179.8800964,182.3999939,182.3999939,4296306,2026-01-25 21:27:44 UTC
23/01/2026,MMC,"Marsh & McLennan Companies, Inc.",Financial Services,179.7100067,183.2700043,178.0001068,183.1600037,183.1600037,2546230,2026-01-25 21:27:44 UTC
19/01/2026,MMM,3M Company,Industrials,168.8099976,171.4299927,167,167.8000031,167.8000031,7328100,2026-01-25 21:27:44 UTC
23/01/2026,MMM,3M Company,Industrials,159.8800049,164.2700043,159.8800049,162.6799927,162.6799927,4461300,2026-01-25 21:27:44 UTC
19/01/2026,MNST,Monster Beverage Corporation,Consumer Defensive,78.56999969,78.73999786,77.77999878,78.16999817,78.16999817,7605000,2026-01-25 21:27:44 UTC
23/01/2026,MNST,Monster Beverage Corporation,Consumer Defensive,80.63999939,82.19000244,80.30000305,82,82,4393500,2026-01-25 21:27:44 UTC
19/01/2026,MO,"Altria Group, Inc.",Consumer Defensive,61.47999954,61.93999863,60.93999863,61.75999832,61.75999832,8980100,2026-01-25 21:27:44 UTC
23/01/2026,MO,"Altria Group, Inc.",Consumer Defensive,61.20999908,61.95000076,60.95999908,61.90999985,61.90999985,6556400,2026-01-25 21:27:44 UTC
19/01/2026,MOH,"Molina Healthcare, Inc.",Healthcare,191.5,194.3500061,188.4499969,191.3999939,191.3999939,930000,2026-01-25 21:27:44 UTC
23/01/2026,MOH,"Molina Healthcare, Inc.",Healthcare,199,202.4600067,196.9700012,201.8899994,201.8899994,911200,2026-01-25 21:27:44 UTC
19/01/2026,MOS,The Mosaic Company,Basic Materials,26.47999954,26.87999916,25.85000038,26.35000038,26.35000038,14229300,2026-01-25 21:27:44 UTC
23/01/2026,MOS,The Mosaic Company,Basic Materials,28.23999977,29.12999916,28.20000076,28.79000092,28.79000092,6426900,2026-01-25 21:27:44 UTC
19/01/2026,MPC,Marathon Petroleum Corporation,Energy,177.1999969,178.75,174.9600067,175.6300049,175.6300049,1627200,2026-01-25 21:27:44 UTC
23/01/2026,MPC,Marathon Petroleum Corporation,Energy,177.6799927,181.6100006,175.0599976,175.3800049,175.3800049,1635000,2026-01-25 21:27:44 UTC
19/01/2026,MPWR,"Monolithic Power Systems, Inc.",Technology,1030,1047.98999,1019.48999,1033.170044,1033.170044,547700,2026-01-25 21:27:44 UTC
23/01/2026,MPWR,"Monolithic Power Systems, Inc.",Technology,1077.609985,1087.439941,1050.880005,1063.73999,1063.73999,402500,2026-01-25 21:27:44 UTC
19/01/2026,MRK,"Merck & Co., Inc.",Healthcare,110.7200012,110.7300034,108.4300003,108.8300018,108.8300018,14852100,2026-01-25 21:27:44 UTC
23/01/2026,MRK,"Merck & Co., Inc.",Healthcare,109.0899963,109.0899963,107.2099991,108.1800003,108.1800003,10488600,2026-01-25 21:27:44 UTC
19/01/2026,MRNA,"Moderna, Inc.",Healthcare,41.59999847,42.38999939,40.54999924,41.83000183,41.83000183,11891100,2026-01-25 21:27:44 UTC
23/01/2026,MRNA,"Moderna, Inc.",Healthcare,49.81200027,50.40999985,46.84000015,48.70999908,48.70999908,19880300,2026-01-25 21:27:44 UTC
19/01/2026,MRVL,"Marvell Technology, Inc.",Technology,81.44999695,82.48000336,80.30000305,80.45999908,80.45999908,15011200,2026-01-25 21:27:44 UTC
23/01/2026,MRVL,"Marvell Technology, Inc.",Technology,81.22000122,82.01999664,79.72000122,80.23000336,80.23000336,13909000,2026-01-25 21:27:44 UTC
19/01/2026,MS,Morgan Stanley,Financial Services,190.5599976,192.6799927,189,189.0899963,189.0899963,8398100,2026-01-25 21:27:44 UTC
23/01/2026,MS,Morgan Stanley,Financial Services,181.8699951,181.8699951,177.9499969,179,179,8531800,2026-01-25 21:27:44 UTC
19/01/2026,MSCI,MSCI Inc.,Financial Services,596.5999756,605.6199951,594.1300049,602.5800171,602.5800171,509500,2026-01-25 21:27:44 UTC
23/01/2026,MSCI,MSCI Inc.,Financial Services,589.0100098,591.4500122,584.25,589.7600098,589.7600098,373100,2026-01-25 21:27:44 UTC
