date,vol_21,var_5pct_21,turnover
2021-01-27,,,0.0
2021-01-28,,,0.0020568269025464
2021-01-29,,,0.008961822113009901
2021-02-01,,,0.023603480214225602
2021-02-02,,,0.1475914985617907
2021-02-03,,,0.1223211273826221
2021-02-04,,,0.1487150424080328
2021-02-05,,,0.12387977745450969
2021-02-08,,,0.110647671494376
2021-02-09,,,0.1236700367529483
2021-02-10,,,0.0898781284449339
2021-02-11,,,0.051687949532219
2021-02-12,,,0.072497787028326
2021-02-15,,,0.0519290492600931
2021-02-16,,,0.063266180832105
2021-02-17,,,0.0446091328615733
2021-02-18,,,0.0613725207157991
2021-02-19,,,0.0650916178763689
2021-02-22,,,0.050100712129778305
2021-02-23,,,0.0669356500808157
2021-02-24,0.23552170258751193,-0.029676360276349494,0.096654306729057
2021-02-25,0.25074660331525644,-0.030148350997996398,0.1029193532138897
2021-02-26,0.24923238016442778,-0.030148350997996398,0.0730430393145123
2021-03-01,0.24911741248921915,-0.030148350997996398,0.0622004537657299
2021-03-02,0.2605038063669972,-0.030162950174828798,0.07279138469498711
2021-03-03,0.23173736270557974,-0.030162950174828798,0.06385504437056269
2021-03-04,0.22184563327487564,-0.030162950174828798,0.0587278098387476
2021-03-05,0.20836256858060484,-0.030162950174828798,0.0733046486058107
2021-03-08,0.21140039789887013,-0.032736522157751094,0.07866952407401501
2021-03-09,0.20808611368517016,-0.032736522157751094,0.0557514564039273
2021-03-10,0.20901201799117256,-0.032736522157751094,0.06828704235103
2021-03-11,0.20838724791513977,-0.032736522157751094,0.0517630688941591
2021-03-12,0.20863523786885343,-0.032736522157751094,0.0387630012893038
2021-03-15,0.20429187768280888,-0.032736522157751094,0.058912844678828
2021-03-16,0.19988151239614144,-0.032736522157751094,0.0699167451686728
2021-03-17,0.20194889751239464,-0.032736522157751094,0.066133111312842
2021-03-18,0.20086082788123819,-0.032736522157751094,0.054740092933888
2021-03-19,0.18890046659806528,-0.032736522157751094,0.08200841595942489
2021-03-22,0.1728971706034373,-0.032736522157751094,0.0988162774994209
2021-03-23,0.15844413322877057,-0.032736522157751094,0.07720087938734
2021-03-24,0.17995141106599027,-0.032736522157751094,0.11490160434892299
2021-03-25,0.19765970958741777,-0.032736522157751094,0.0632220685337036
2021-03-26,0.20487846233940585,-0.032736522157751094,0.07284301996548931
2021-03-29,0.22336231895748543,-0.032736522157751094,0.0788938792960424
2021-03-30,0.23359697137025107,-0.032736522157751094,0.0558186016577302
2021-03-31,0.22748918384771877,-0.032542993350740804,0.0703177347841034
2021-04-01,0.22119928053319637,-0.032542993350740804,0.0637163085542892
2021-04-02,0.22685976811814768,-0.032542993350740804,0.0935037861232825
2021-04-05,0.2271022699296099,-0.032542993350740804,0.09773367782541761
2021-04-06,0.21327416409852715,-0.03212026836697861,0.06379350538195461
2021-04-07,0.21118382047718542,-0.03212026836697861,0.0693570096896371
2021-04-08,0.19533951017163234,-0.0268520165390557,0.0826210454411935
2021-04-09,0.1977573893963886,-0.0268520165390557,0.08107303674898461
2021-04-12,0.20302882732175462,-0.0268520165390557,0.0853491829774949
2021-04-13,0.24887342436776125,-0.0268520165390557,0.1129032877892215
2021-04-14,0.2771750923308735,-0.0268520165390557,0.1003086409981466
2021-04-15,0.2808055401322616,-0.022811503857355496,0.0766937426534649
2021-04-16,0.26520373167817385,-0.0152760046132757,0.08476110941656531
2021-04-19,0.2336257978828513,-0.008439037171920103,0.0845847668260893
2021-04-20,0.2337908762150539,-0.008439037171920103,0.2080867205364303
2021-04-21,0.22162185268397996,-0.0070786073084045005,0.08099958812263171
2021-04-22,0.239559723118205,-0.008439037171920103,0.1866268251299168
2021-04-23,0.2526748778693408,-0.018077161775538902,0.11366857573550651
2021-04-26,0.3175425029761564,-0.019904790373079597,0.0990236464205651
2021-04-27,0.3495252253018564,-0.0418805279833729,0.13708213566982852
2021-04-28,0.35610907188009044,-0.0418805279833729,0.1161492844246047
2021-04-29,0.37580033616075026,-0.0418805279833729,0.10141914318423591
2021-04-30,0.3925484717358436,-0.0418805279833729,0.12436039533128809
2021-05-03,0.39180728214834526,-0.0418805279833729,0.139827354312208
2021-05-04,0.4046280451795306,-0.0418805279833729,0.1984853547936197
2021-05-05,0.4148085706563618,-0.0418805279833729,0.171439879020036
2021-05-06,0.4256845691580043,-0.0418805279833729,0.21954177147143944
2021-05-07,0.4243406379511408,-0.0418805279833729,0.1660765281863488
2021-05-10,0.4219529533050559,-0.0418805279833729,0.20151042811287273
2021-05-11,0.4274724624889939,-0.0418805279833729,0.1022888744579866
2021-05-12,0.393378920273243,-0.0418805279833729,0.1271269773409473
2021-05-13,0.3688802023927221,-0.0418805279833729,0.1126322840774193
2021-05-14,0.3607398086182473,-0.0418805279833729,0.1089268720905882
2021-05-17,0.38436147636873846,-0.0418805279833729,0.08554916246965691
2021-05-18,0.3925368331097247,-0.0418805279833729,0.0949678450089273
2021-05-19,0.3961145309218597,-0.0418805279833729,0.08011429224042341
2021-05-20,0.40333907315906564,-0.0418805279833729,0.1539900448384279
2021-05-21,0.4091988338684965,-0.0418805279833729,0.0930735065590234
2021-05-24,0.42127422530263625,-0.0418805279833729,0.08823605919379969
2021-05-25,0.400727585071794,-0.03714310143572449,0.0926129680893825
2021-05-26,0.37665392740176556,-0.0368114985115159,0.1024270188193773
2021-05-27,0.37048489751265073,-0.0368114985115159,0.12150758729519569
2021-05-28,0.3474740156202765,-0.03673601226940159,0.08048576599594309
2021-05-31,0.32044182236707536,-0.035134562069584305,0.1526154768061575
2021-06-01,0.31804150878926424,-0.035134562069584305,0.34129412733390674
2021-06-02,0.2917212709070878,-0.0336689418284167,0.15918215326298468
2021-06-03,0.2623713155454666,-0.022270027490307594,0.2113885951975897
2021-06-04,0.21068801010325036,-0.010758246788424103,0.1960096111251228
2021-06-07,0.20207099718049074,-0.010758246788424103,0.1379016987148558
2021-06-08,0.2188825964156265,-0.0058311312267161075,0.1855249145637367
2021-06-09,0.22009397361467206,-0.0058311312267161075,0.1870476085506637
2021-06-10,0.2228565491212682,-0.0058311312267161075,0.21259642267280013
2021-06-11,0.22445901815519867,-0.0058311312267161075,0.21151241250275782
2021-06-14,0.2199558325971713,-0.0058311312267161075,0.2799953757884594
2021-06-15,0.21888577735233233,-0.0058311312267161075,0.292507561866425
2021-06-16,0.22117511157564246,-0.0058311312267161075,0.2471113884712228
2021-06-17,0.221557915199204,-0.0058311312267161075,0.277657000180488
2021-06-18,0.222399838313923,-0.0058311312267161075,0.2893437865423988
2021-06-21,0.22323747718584536,-0.0058311312267161075,0.24165702343063472
2021-06-22,0.23450845455426284,-0.0058311312267161075,0.2152148454495158
2021-06-23,0.2356715474824279,-0.0058311312267161075,0.2782413430897175
2021-06-24,0.22811161037579505,-0.0058311312267161075,0.2082186484942261
2021-06-25,0.23344611302775742,-0.010163490533065703,0.2021569609547197
2021-06-28,0.23041705989741498,-0.010163490533065703,0.2383604469982166
2021-06-29,0.23174542302394366,-0.010163490533065703,0.25482972923651614
2021-06-30,0.2327040653207409,-0.010163490533065703,0.2252658815687466
2021-07-01,0.23070929046389685,-0.00927513699179782,0.27526762238015023
2021-07-02,0.23779271984408204,-0.00927513699179782,0.21119598134841583
2021-07-05,0.25718173626098856,-0.010163490533065703,0.17087910624924368
2021-07-06,0.26024931131572276,-0.010163490533065703,0.1899050711405366
2021-07-07,0.21676885229762358,-0.010163490533065703,0.1565016522668377
2021-07-08,0.21461155095170195,-0.010163490533065703,0.1786795310389993
2021-07-09,0.21001444360094385,-0.010163490533065703,0.13170060712069562
2021-07-12,0.20107704730367013,-0.010163490533065703,0.1570516707334335
2021-07-13,0.1987868955541919,-0.010163490533065703,0.2180465072082981
2021-07-14,0.20533379091227383,-0.014563242439270707,0.2420851113500903
2021-07-15,0.19390739511880237,-0.014563242439270707,0.25197559366851513
2021-07-16,0.19550002934021762,-0.014563242439270707,0.145514220487774
2021-07-19,0.18689196704394784,-0.014563242439270707,0.1592555288152715
2021-07-20,0.19168171262352254,-0.014563242439270707,0.17643036528142336
2021-07-21,0.14981991424723515,-0.014563242439270707,0.1763233439613549
2021-07-22,0.187801128418215,-0.018462157559926605,0.1627523325281254
2021-07-23,0.1891908258941553,-0.02296217444992029,0.17532225606152663
2021-07-26,0.18901647875740543,-0.02296217444992029,0.12407121093822289
2021-07-27,0.1791177932215419,-0.02296217444992029,0.18425334365549312
2021-07-28,0.17770156353456595,-0.02296217444992029,0.1631403297077099
2021-07-29,0.18096526499044452,-0.02296217444992029,0.1720703813191691
2021-07-30,0.18098137016678195,-0.02296217444992029,0.1823735442229757
2021-08-02,0.1950305055931184,-0.029519541841103898,0.2055497795286959
2021-08-03,0.1959309059847634,-0.029519541841103898,0.2182989584322138
2021-08-04,0.19490092823021674,-0.029519541841103898,0.21338655656073663
2021-08-05,0.1916952092979197,-0.029519541841103898,0.1778818163849897
2021-08-06,0.16801861406423418,-0.029519541841103898,0.1507110758197714
2021-08-09,0.16354833294110366,-0.029519541841103898,0.1417330447592744
2021-08-10,0.15859983945338996,-0.029519541841103898,0.19770662795161792
2021-08-11,0.15447110234172373,-0.029519541841103898,0.2097648931430379
2021-08-12,0.15300870871314975,-0.029519541841103898,0.1824642044382644
2021-08-13,0.14465645105745698,-0.029519541841103898,0.1391234360343345
2021-08-16,0.1749896529972566,-0.035404599701199704,0.14933926113243629
2021-08-17,0.17035722820431445,-0.035404599701199704,0.13405291134263508
2021-08-18,0.17005398552989986,-0.035404599701199704,0.1351960244911386
2021-08-19,0.1991627020806762,-0.035404599701199704,0.1442073672395156
2021-08-20,0.24674852016420318,-0.029519541841103898,0.1090376524409748
2021-08-23,0.2559341511744783,-0.029519541841103898,0.1241971771252741
2021-08-24,0.27132367401794755,-0.029519541841103898,0.1477044181838716
2021-08-25,0.32796801271015713,-0.029519541841103898,0.1487171672213422
2021-08-26,0.37484946908193884,-0.029519541841103898,0.13424698010795372
2021-08-27,0.3834908340190012,-0.029519541841103898,0.17559084123268792
2021-08-30,0.3852049059335166,-0.029519541841103898,0.10321997335130309
2021-08-31,0.36966843014244843,-0.022983086700496907,0.1620441615455718
2021-09-01,0.36847836317348276,-0.022983086700496907,0.1377956196825147
2021-09-02,0.362777773051151,-0.022983086700496907,0.1680595026266577
2021-09-03,0.37290883172176104,-0.022983086700496907,0.1715973782608603
2021-09-06,0.3746125355650107,-0.022983086700496907,0.12476181946672549
2021-09-07,0.37627229787067085,-0.022983086700496907,0.1390335903636021
2021-09-08,0.39146993416846193,-0.022983086700496907,0.1630242715769873
2021-09-09,0.39252158449692814,-0.022983086700496907,0.19853157737278831
2021-09-10,0.3898593654060605,-0.022983086700496907,0.1324844632223895
2021-09-13,0.366323067382118,-0.017054747662534703,0.20189236727909593
2021-09-14,0.3000779680997739,-0.016608443306228498,0.17877863333687732
2021-09-15,0.2629788505863952,-0.002562598860697089,0.19212398409958648
2021-09-16,0.22417599534209648,0.00846923707999949,0.1838047057616933
2021-09-17,0.23642112746290894,0.0018370256796568962,0.19933057922336678
2021-09-20,0.2361314921096537,0.0018370256796568962,0.1693625512214209
2021-09-21,0.23210980588545405,0.0018370256796568962,0.189762310559002
2021-09-22,0.23051559401857719,0.0018370256796568962,0.13473497274210539
2021-09-23,0.2576105902599822,-0.002562598860697089,0.17974299859306409
2021-09-24,0.26221353458326435,-0.006424367803140912,0.202931611503213
2021-09-27,0.3020905587645962,-0.012881785470093315,0.1815041133650074
2021-09-28,0.32822192529390015,-0.018287154519204794,0.2925191352795271
2021-09-29,0.3740705682621738,-0.022673062277275703,0.2821337105461811
2021-09-30,0.3911127643310808,-0.022673062277275703,0.19667779718372452
2021-10-01,0.404631678759866,-0.022673062277275703,0.2822247577461096
2021-10-04,0.4079191223742037,-0.022673062277275703,0.21131895792641672
2021-10-05,0.43118368783308,-0.032947538053204405,0.2103377061585467
2021-10-06,0.4244600898305132,-0.032947538053204405,0.17888263846405703
2021-10-07,0.40420073492056374,-0.032947538053204405,0.11388832892385378
2021-10-08,0.3866654636958585,-0.032947538053204405,0.2500263818541192
2021-10-11,0.3617971983799969,-0.032947538053204405,0.17941797562876183
2021-10-12,0.3597960522435318,-0.032947538053204405,0.20013759681799898
2021-10-13,0.35816657163011006,-0.032947538053204405,0.2038330433188772
2021-10-14,0.36016828685617347,-0.032947538053204405,0.19976242410500372
2021-10-15,0.3612215415601573,-0.032947538053204405,0.2056537313118137
2021-10-18,0.3640192437675584,-0.032947538053204405,0.21722767913611432
2021-10-19,0.35955382967732513,-0.032947538053204405,0.19830794630627108
2021-10-20,0.3441970539551283,-0.032947538053204405,0.16480487197792912
2021-10-21,0.3219144220277055,-0.032947538053204405,0.2150200788557847
2021-10-22,0.32069603583126527,-0.032947538053204405,0.2018401609152863
2021-10-25,0.3213911733279303,-0.032947538053204405,0.1910629566036068
2021-10-26,0.3342160657102387,-0.032947538053204405,0.22091075114226622
2021-10-27,0.3279863622711818,-0.032947538053204405,0.3741714974506992
2021-10-28,0.32137982734846227,-0.032725668667785306,0.2566859016806266
2021-10-29,0.3615479237231044,-0.032947538053204405,0.1928757253154422
2021-11-01,0.35950481087711905,-0.032947538053204405,0.3338464362330539
2021-11-02,0.35733925797763993,-0.032947538053204405,0.2313974899995719
2021-11-03,0.3376676710577139,-0.032725668667785306,0.27193390507230564
2021-11-04,0.33746086683260834,-0.032725668667785306,0.1937137357080626
2021-11-05,0.3369346328298733,-0.032725668667785306,0.3186945547386173
2021-11-08,0.3391747222931324,-0.032725668667785306,0.1955242531127045
2021-11-09,0.33763061970070163,-0.032725668667785306,0.183252582014927
2021-11-10,0.3203425053656612,-0.032725668667785306,0.1838165540864376
2021-11-11,0.2776973908983024,-0.032725668667785306,0.1722410102277313
2021-11-12,0.27840291489623664,-0.032725668667785306,0.1394090750771501
2021-11-15,0.289426871756205,-0.032725668667785306,0.1641496332729836
2021-11-16,0.2862630810678915,-0.032725668667785306,0.1353187591026411
2021-11-17,0.29341739277732914,-0.032725668667785306,0.1317309419437787
2021-11-18,0.2909230188335915,-0.032725668667785306,0.1655110839483421
2021-11-19,0.2896385829849357,-0.032725668667785306,0.15786028431450108
2021-11-22,0.2896425304432715,-0.032725668667785306,0.13258954146581278
2021-11-23,0.29452156094280196,-0.032725668667785306,0.17450329414397808
2021-11-24,0.27883459233570196,-0.032725668667785306,0.12250620071972469
2021-11-25,0.2794573016120227,-0.032725668667785306,0.14773576035988478
2021-11-26,0.247724409646936,-0.007757560292233894,0.1373046192613373
2021-11-29,0.14771712818968738,-0.0038897015816230984,0.1041117272897572
2021-11-30,0.14700953992359714,-0.0038897015816230984,0.093718674452588
2021-12-01,0.13856131228748106,-0.0020891159319825015,0.145854700756128
2021-12-02,0.1403284092365076,-0.0020891159319825015,0.136360330086239
2021-12-03,0.14909898577120795,-0.0038897015816230984,0.1819348666029859
2021-12-06,0.14840393576707742,-0.0038897015816230984,0.21472233023930232
2021-12-07,0.18572622044817855,-0.008269943598837107,0.0991011883240714
2021-12-08,0.2435392426428949,-0.02734328512747581,0.1300482771611317
2021-12-09,0.26030793516007417,-0.02734328512747581,0.17714370702182908
2021-12-10,0.27192258926562535,-0.02734328512747581,0.1472225492544183
2021-12-13,0.28614644554824453,-0.034796388069380305,0.1849463027605302
2021-12-14,0.27257950019779087,-0.034796388069380305,0.13743078632290562
2021-12-15,0.287543740545181,-0.034796388069380305,0.12678549684167809
2021-12-16,0.27569256492202643,-0.034796388069380305,0.1722691503644198
2021-12-17,0.2959131704051931,-0.034796388069380305,0.1942435707553608
2021-12-20,0.3021753416122089,-0.034796388069380305,0.1928235487988531
2021-12-21,0.3297203821208901,-0.034796388069380305,0.1349358354376564
2021-12-22,0.3316455585969081,-0.034796388069380305,0.1324591375138839
2021-12-23,0.33300589901772054,-0.034796388069380305,0.1521356374451947
2021-12-24,0.3423311898394111,-0.034796388069380305,0.1409484744050522
2021-12-27,0.34582083905720457,-0.034796388069380305,0.0905721922336629
2021-12-28,0.3610252236371007,-0.034796388069380305,0.0951999772317863
2021-12-29,0.37769106305426803,-0.034796388069380305,0.0839458638624283
2021-12-30,0.39513480385925914,-0.034796388069380305,0.0838845227275001
2021-12-31,0.3950057697077421,-0.034796388069380305,0.0911986320553419
2022-01-03,0.42944578921092197,-0.034796388069380305,0.2320050353848637
2022-01-04,0.43170787603819827,-0.034796388069380305,0.29324265688745743
2022-01-05,0.422499324742442,-0.034796388069380305,0.277496625932088
2022-01-06,0.3733955091362123,-0.0246028090168028,0.2145295544527845
2022-01-07,0.3421798707069815,-0.021792983737696493,0.25015983537985903
2022-01-10,0.30791953757756857,-0.0100844743648816,0.2328474845026851
2022-01-11,0.23080001169785275,0.008062264784250098,0.1444157495817929
2022-01-12,0.22622887613480577,0.008062264784250098,0.1682107772466713
2022-01-13,0.2317829026472776,0.008062264784250098,0.1242104845846615
2022-01-14,0.19199183801450873,0.0092589427914276,0.09975215444984359
2022-01-17,0.20135736490463063,0.0092589427914276,0.0853959946586782
2022-01-18,0.20267828629887313,0.0092589427914276,0.08210497750631389
2022-01-19,0.20093170561476031,0.0092589427914276,0.10568520320351449
2022-01-20,0.20011636852122444,0.0092589427914276,0.1238322720150513
2022-01-21,0.1963080678977031,0.011167876868937198,0.10131025542534029
2022-01-24,0.20523366968347678,0.010918548934191401,0.10010943292150978
2022-01-25,0.2021128851659007,0.010918548934191401,0.08371760640169679
2022-01-26,0.21410915729368288,0.0092589427914276,0.0796967482262274
2022-01-27,0.2450155400214768,0.007836725971266806,0.1326073439805553
2022-01-28,0.263963282441925,-0.006565326457070503,0.132008817760001
2022-01-31,0.2670661548370184,-0.006565326457070503,0.14606667495302628
2022-02-01,0.24208695437973843,-0.006565326457070503,0.14949279936583
2022-02-02,0.27908318518042785,-0.008177012270578297,0.1148266200539384
2022-02-03,0.2633764276555368,-0.008177012270578297,0.09625465100119429
2022-02-04,0.2603456504848987,-0.008177012270578297,0.1391868363652416
2022-02-07,0.26050894995459417,-0.008177012270578297,0.077521508509588
2022-02-08,0.261466600890694,-0.008177012270578297,0.0783087757056322
2022-02-09,0.2622303109955576,-0.008177012270578297,0.0952794070594342
2022-02-10,0.26145905503478223,-0.008177012270578297,0.11468853519107941
2022-02-11,0.2510493500835449,-0.008177012270578297,0.0928352674783624
2022-02-14,0.24319341842157302,-0.008177012270578297,0.06314666831749441
2022-02-15,0.2111902339100419,-0.008177012270578297,0.056482597859741995
2022-02-16,0.18546941254964855,-0.008177012270578297,0.07798632472357639
2022-02-17,0.17044952432179292,-0.008177012270578297,0.08886192057863761
2022-02-18,0.17933579721394813,-0.008177012270578297,0.08682514919647
2022-02-21,0.1825843232552278,-0.008177012270578297,0.0812119266089681
2022-02-22,0.18198854089771782,-0.008177012270578297,0.0730172003191035
2022-02-23,0.19696081118410388,-0.008177012270578297,0.0583495644919204
2022-02-24,0.19848464327705756,-0.008177012270578297,0.11005501144932571
2022-02-25,0.1968110666691261,-0.006565326457070503,0.1188417575910507
2022-02-28,0.20125083423608206,-0.011096791941996705,0.1502308951453804
2022-03-01,0.20265079130443978,-0.011096791941996705,0.16363327768835917
2022-03-02,0.22755684301290113,-0.020030310826249596,0.15382949899546883
2022-03-03,0.21501725700889934,-0.011096791941996705,0.13763566073598232
2022-03-04,0.22103407673100095,-0.013649198415771798,0.153567030626461
2022-03-07,0.22165350901864794,-0.019473764880267197,0.1166959128321278
2022-03-08,0.2256820249332396,-0.019473764880267197,0.10390883806424729
2022-03-09,0.236170848486802,-0.0217556270747635,0.0752399091215208
2022-03-10,0.2412760184120827,-0.0217556270747635,0.0657804921459835
2022-03-11,0.256326261426003,-0.0238017964311001,0.0741675222164754
2022-03-14,0.26189280300879836,-0.0238017964311001,0.0967895671454084
2022-03-15,0.26075110414707736,-0.0238017964311001,0.0590727693692917
2022-03-16,0.2608956359155521,-0.0238017964311001,0.106149143169983
2022-03-17,0.2638458089775934,-0.0238017964311001,0.0645300525649056
2022-03-18,0.2594807897879279,-0.0238017964311001,0.0795850768795686
2022-03-21,0.2235263478113281,-0.0238017964311001,0.054344628485958
2022-03-22,0.20367238471866728,-0.0238017964311001,0.06215149210812079
2022-03-23,0.19763492518155945,-0.0238017964311001,0.0546553449717204
2022-03-24,0.13164995100803684,-0.0238017964311001,0.0513483144238492
2022-03-25,0.12454401061377676,-0.0238017964311001,0.066307630998591
2022-03-28,0.12890736756383428,-0.0238017964311001,0.045619810320507895
2022-03-29,0.13281784483552517,-0.0238017964311001,0.06220153644229141
2022-03-30,0.138131337333956,-0.027230512999665606,0.0732332061984551
2022-03-31,0.14346693441328814,-0.027230512999665606,0.1050272480924412
2022-04-01,0.17828852453622948,-0.027230512999665606,0.09818120529380571
2022-04-04,0.18103889099088777,-0.027230512999665606,0.10647713308489071
2022-04-05,0.19067053234793047,-0.027230512999665606,0.080265856390506
2022-04-06,0.1965216261783277,-0.027230512999665606,0.0857690042804729
2022-04-07,0.1948460034035877,-0.027230512999665606,0.09599868967164249
2022-04-08,0.19574068044756582,-0.027230512999665606,0.0879844936604845
2022-04-11,0.19545389737987046,-0.023774032372713902,0.0729267033490116
2022-04-12,0.1901891889071024,-0.023774032372713902,0.075491804625225
2022-04-13,0.18780337380944803,-0.023774032372713902,0.0769166142702161
2022-04-14,0.19152146395979489,-0.023774032372713902,0.077728064485275
2022-04-15,0.19631106438625448,-0.023774032372713902,0.0713803739817335
2022-04-18,0.21583786890219087,-0.023774032372713902,0.06943567218350369
2022-04-19,0.21527569303188535,-0.023774032372713902,0.0948996854528624
2022-04-20,0.21343064842677192,-0.023774032372713902,0.09475338883510609
2022-04-21,0.2034337750459453,-0.023774032372713902,0.11707012089349231
2022-04-22,0.18471627166158394,-0.008141056087401097,0.0970844060671544
2022-04-25,0.18400905950114757,-0.0037465041837865974,0.1449585732211339
2022-04-26,0.1836507771079767,-0.0037465041837865974,0.0900933932797159
2022-04-27,0.18645612867291994,-0.002332050120030699,0.09697272838863749
2022-04-28,0.12682462294085348,0.0010554609177399026,0.13003239361535368
2022-04-29,0.12346341572682686,0.0010554609177399026,0.09999531067022849
2022-05-02,0.12116330849897419,0.0010554609177399026,0.15349157024227
2022-05-03,0.14328312856910963,0.0010554609177399026,0.1558588573293047
2022-05-04,0.14929146781092836,-0.003100829905555098,0.1717143372031396
2022-05-05,0.17519348197835605,-0.003100829905555098,0.1572610438067487
2022-05-06,0.20344929406524404,-0.003100829905555098,0.1220289386755779
2022-05-09,0.20669719110588283,-0.003100829905555098,0.14235231252984237
2022-05-10,0.20719463792576337,-0.003100829905555098,0.1228324964596557
2022-05-11,0.21113351992084106,-0.003100829905555098,0.092315259952315
2022-05-12,0.21292067038532855,-0.003100829905555098,0.1015102147982904
2022-05-13,0.2170765374554209,-0.003100829905555098,0.10614092124319369
2022-05-16,0.2180511653613016,-0.003100829905555098,0.0819056323243692
2022-05-17,0.22785262854727545,-0.011748652592912197,0.0640577987169069
2022-05-18,0.24006886355938756,-0.012510388722070703,0.07616714740882849
2022-05-19,0.25724527109540923,-0.015188036076913304,0.10674066789214828
2022-05-20,0.2641419236588202,-0.015188036076913304,0.10264879728587178
2022-05-23,0.26536469471945817,-0.015188036076913304,0.1119289925779562
2022-05-24,0.27387312237972,-0.015188036076913304,0.0986359043042464
2022-05-25,0.2766216248897763,-0.015188036076913304,0.0916959744234501
2022-05-26,0.27148205936468794,-0.015188036076913304,0.08131782169449209
2022-05-27,0.27085549012837823,-0.015188036076913304,0.0721415229181759
2022-05-30,0.2705257831941102,-0.015188036076913304,0.078160997369175
2022-05-31,0.27270815275075877,-0.015188036076913304,0.06784018781066159
2022-06-01,0.2700337624585601,-0.013777086951791601,0.15228714549973232
2022-06-02,0.28405941802912504,-0.013777086951791601,0.1703479174325632
2022-06-03,0.29270355475276477,-0.013777086951791601,0.1565511293757668
2022-06-06,0.3107082780362258,-0.013777086951791601,0.1117529853886271
2022-06-07,0.3342542180895996,-0.013777086951791601,0.11108892870109341
2022-06-08,0.341815462014767,-0.013777086951791601,0.302805868176229
2022-06-09,0.36421981305891077,-0.013777086951791601,0.0958351055208558
2022-06-10,0.3937249107108897,-0.013777086951791601,0.16855145448772588
2022-06-13,0.4122403968308674,-0.013777086951791601,0.19667693633650007
2022-06-14,0.4252346921807208,-0.013777086951791601,0.1572586431343152
2022-06-15,0.41503602073480855,-0.013777086951791601,0.1787464586842128
2022-06-16,0.3978687563284664,-0.013777086951791601,0.2105104183573921
2022-06-17,0.3830195086038683,-0.0091162202542838,0.1884680161317409
2022-06-20,0.361571457111795,-0.006185384320791496,0.1822597111385613
2022-06-21,0.37046596595308107,-0.009200386266727808,0.20115119044655438
2022-06-22,0.34234028042764275,-0.006185384320791496,0.1850010290350593
2022-06-23,0.3809407434831672,-0.009200386266727808,0.2083097023517706
2022-06-24,0.4139519308733292,-0.024320128300906806,0.1353251738362745
2022-06-27,0.4442324190112644,-0.024320128300906806,0.1008046687316613
2022-06-28,0.48071450133414956,-0.029833424115848307,0.1453894479160469
2022-06-29,0.493072166875081,-0.029833424115848307,0.1300464586155622
2022-06-30,0.4932163185703515,-0.029833424115848307,0.1513916656114312
2022-07-01,0.4913093774465984,-0.029833424115848307,0.18988927760569801
2022-07-04,0.48647110168759294,-0.029833424115848307,0.13537201149400258
2022-07-05,0.4769203016212246,-0.029833424115848307,0.1681308217201002
2022-07-06,0.4644750744712054,-0.029833424115848307,0.1458858559787137
2022-07-07,0.4615243912435146,-0.029833424115848307,0.1150218391081239
2022-07-08,0.4480231455465561,-0.029833424115848307,0.1045668588053395
2022-07-11,0.4231408213513349,-0.029833424115848307,0.1373940483214367
2022-07-12,0.3919939755619846,-0.029833424115848307,0.1210707679151215
2022-07-13,0.3649460423601582,-0.029833424115848307,0.1657846775793249
2022-07-14,0.35005946090835066,-0.029833424115848307,0.15017086752802838
2022-07-15,0.3388068018814839,-0.029833424115848307,0.1831539000211634
2022-07-18,0.2814060264069152,-0.029833424115848307,0.2067790471944082
2022-07-19,0.2923287382512819,-0.030575028764221798,0.16383237170100579
2022-07-20,0.3115709983048119,-0.03225920859245781,0.1808541307506008
2022-07-21,0.3242966063032348,-0.033914076581585795,0.1817188791083152
2022-07-22,0.31494805936114445,-0.033914076581585795,0.1825040900393074
2022-07-25,0.3153180040902469,-0.033914076581585795,0.14205216480735766
2022-07-26,0.3100812451725161,-0.033914076581585795,0.19118530212794768
2022-07-27,0.2936338274928669,-0.033914076581585795,0.17542369188201684
2022-07-28,0.2939361391827916,-0.033914076581585795,0.2318707200871235
2022-07-29,0.2918349750043541,-0.033914076581585795,0.1908136587075942
2022-08-01,0.2792048869276476,-0.033914076581585795,0.2023109511616218
2022-08-02,0.3084616380444893,-0.036178478644043194,0.1684850258147124
2022-08-03,0.3178564018118752,-0.036178478644043194,0.2169623119329373
2022-08-04,0.30483344213184227,-0.036178478644043194,0.1587370666365667
2022-08-05,0.29570694202405573,-0.036178478644043194,0.2200422227074787
2022-08-08,0.298215281961915,-0.036178478644043194,0.1985899609911146
2022-08-09,0.2973029440372819,-0.036178478644043194,0.1514780546037996
2022-08-10,0.290560859710125,-0.036178478644043194,0.15583236633935188
2022-08-11,0.25551115291212767,-0.036178478644043194,0.20678885556425422
2022-08-12,0.20994034437273312,-0.036178478644043194,0.1552185261447268
2022-08-15,0.20763051897766815,-0.036178478644043194,0.1310026203227616
2022-08-16,0.1937817034975396,-0.036178478644043194,0.1375437755908603
2022-08-17,0.21636317885159254,-0.036178478644043194,0.1967400838371505
2022-08-18,0.21340754988149435,-0.036178478644043194,0.17980888738235332
2022-08-19,0.24273561933533372,-0.035859289030033,0.18739073257887942
2022-08-22,0.25779575900078394,-0.035859289030033,0.11558014597085339
2022-08-23,0.29465935220304823,-0.035859289030033,0.13646314197457493
2022-08-24,0.32851535772136303,-0.035859289030033,0.1261770650872197
2022-08-25,0.37052384603550154,-0.035859289030033,0.14672163355169
2022-08-26,0.4240412367385226,-0.035859289030033,0.15713036717774642
2022-08-29,0.4946863153175166,-0.035859289030033,0.1487283884818002
2022-08-30,0.5375224191136475,-0.035859289030033,0.119373511806048
2022-08-31,0.5350684502345898,-0.033994290184461096,0.1536984033047497
2022-09-01,0.5134756173797375,-0.029240160421071498,0.2031438374684459
2022-09-02,0.5121941142785154,-0.029240160421071498,0.18622763135289588
2022-09-05,0.5097772628801173,-0.029240160421071498,0.1322435191394698
2022-09-06,0.5105928692684248,-0.029240160421071498,0.2100830983248948
2022-09-07,0.5064777706402253,-0.029240160421071498,0.1652213845057117
2022-09-08,0.49117663008169216,-0.029240160421071498,0.14695015776901788
2022-09-09,0.47347541174793123,-0.023463877809568292,0.1880453660989307
2022-09-12,0.4498235019176709,-0.021279103047867693,0.1740279085961852
2022-09-13,0.44752337921496843,-0.018817105804634984,0.1687900573095135
2022-09-14,0.4414541584833285,-0.0187616177527517,0.20694842642976669
2022-09-15,0.44302047590506954,-0.0187616177527517,0.2196234473585051
2022-09-16,0.4418935187992073,-0.0187616177527517,0.1894199701057787
2022-09-19,0.44276284870724114,-0.0187616177527517,0.1271769731040152
2022-09-20,0.44265070360531367,-0.0187616177527517,0.2213661720553718
2022-09-21,0.44377204070122217,-0.0187616177527517,0.1967593000214023
2022-09-22,0.4546566720954932,-0.0187616177527517,0.2294338407189509
2022-09-23,0.44771538399117217,-0.0187616177527517,0.2073938798243309
2022-09-26,0.42775197484925714,-0.0187616177527517,0.2185584695823383
2022-09-27,0.37936375027351044,-0.0187616177527517,0.1813751509464267
2022-09-28,0.34825503863110796,-0.0187616177527517,0.1836765500215365
2022-09-29,0.3068833117934421,-0.0187616177527517,0.2310397390693893
2022-09-30,0.30918399331127233,-0.0187616177527517,0.173320456113529
2022-10-03,0.3077051603219717,-0.0187616177527517,0.22640081296721398
2022-10-04,0.3103850487982124,-0.0187616177527517,0.213915005151155
2022-10-05,0.3273228948211157,-0.02509672474523971,0.20065745765398318
2022-10-06,0.34874297175954755,-0.02557791007186051,0.163728186214884
2022-10-07,0.3480210940606653,-0.02557791007186051,0.15056438258851368
2022-10-10,0.34712804413198683,-0.02557791007186051,0.2247936725382918
2022-10-11,0.3525942706678398,-0.02557791007186051,0.221375419759
2022-10-12,0.340752862566071,-0.02557791007186051,0.1725172815824636
2022-10-13,0.3387038706185618,-0.02557791007186051,0.2126092190849056
2022-10-14,0.33774977670321044,-0.02557791007186051,0.3116954688953769
2022-10-17,0.3377025445574823,-0.02557791007186051,0.2661550465562361
2022-10-18,0.37014512319197246,-0.030343427521378703,0.1722326922608171
2022-10-19,0.41871573885809166,-0.0358854441029863,0.230607296082098
2022-10-20,0.4141774836106895,-0.0358854441029863,0.22001807641834872
2022-10-21,0.38587197786770266,-0.0358854441029863,0.1911807025975562
2022-10-24,0.3742142455551303,-0.0358854441029863,0.1701565382424761
2022-10-25,0.3785062738478932,-0.0358854441029863,0.2286018741648494
2022-10-26,0.3698631338294587,-0.0358854441029863,0.1507268234509353
2022-10-27,0.34295081669904076,-0.03839438173361201,0.200907889365696
2022-10-28,0.33798084085959,-0.046278638236061514,0.1655690718243295
2022-10-31,0.31867634489530616,-0.046278638236061514,0.17293049789451542
2022-11-01,0.321025203702024,-0.046278638236061514,0.26450411640312277
2022-11-02,0.32310296341571354,-0.046278638236061514,0.17538253728748382
2022-11-03,0.3280915234486996,-0.046278638236061514,0.2273685611259989
2022-11-04,0.3233169021474205,-0.046278638236061514,0.2385310653156063
2022-11-07,0.32926143667655394,-0.046278638236061514,0.212081523378193
2022-11-08,0.3235967931604404,-0.046278638236061514,0.2269493151707812
2022-11-09,0.29291142993316116,-0.046278638236061514,0.1805844623256723
2022-11-10,0.2928359391305374,-0.046278638236061514,0.2314209338795303
2022-11-11,0.2922042722167428,-0.046278638236061514,0.239009022847062
2022-11-14,0.2893156828778849,-0.046278638236061514,0.17500876107618452
2022-11-15,0.2980555316068717,-0.046278638236061514,0.2016248453181591
2022-11-16,0.29137378620017895,-0.046278638236061514,0.13869560360292998
2022-11-17,0.2651809775744307,-0.039211485076652904,0.13343788083206798
2022-11-18,0.26513366953420636,-0.039211485076652904,0.1218600596694754
2022-11-21,0.2654904884105129,-0.039211485076652904,0.14478805764980662
2022-11-22,0.2661282535603026,-0.039211485076652904,0.1101093143829108
2022-11-23,0.26426889759564987,-0.039211485076652904,0.1464197551978902
2022-11-24,0.25475503388779513,-0.039211485076652904,0.1220615239155719
2022-11-25,0.23883585388289172,-0.039211485076652904,0.1101313593932052
2022-11-28,0.20630108492481047,-0.03724855486742939,0.1071825511756322
2022-11-29,0.20280966158711183,-0.03724855486742939,0.10030115751751531
2022-11-30,0.2056637714232123,-0.03724855486742939,0.1539166692396384
2022-12-01,0.20456441084849325,-0.03724855486742939,0.217683742320922
2022-12-02,0.20560926668025806,-0.03724855486742939,0.2256633763147643
2022-12-05,0.23352462264828808,-0.03724855486742939,0.20727291022813138
2022-12-06,0.2550517813112752,-0.03724855486742939,0.1746604649433234
2022-12-07,0.2600875082334834,-0.03724855486742939,0.14872089571484698
2022-12-08,0.26505398623954296,-0.03724855486742939,0.1510938269982115
2022-12-09,0.25854418834697557,-0.022641390446676887,0.14307925447777442
2022-12-12,0.2659296198234225,-0.022641390446676887,0.1630403429976604
2022-12-13,0.2365054815577316,-0.021883056059373504,0.1364918942051773
2022-12-14,0.23750235322949106,-0.021883056059373504,0.13193534666222312
2022-12-15,0.22719884281749214,-0.019445554756771104,0.12828739243375128
2022-12-16,0.22446927814407613,-0.019445554756771104,0.1793431508222445
2022-12-19,0.2307090640655999,-0.020710182041997906,0.1548251647836466
2022-12-20,0.22259732528351037,-0.020710182041997906,0.1317572043538639
2022-12-21,0.22295452102932553,-0.020710182041997906,0.1532977744346843
2022-12-22,0.22906398178975165,-0.020710182041997906,0.1481044763345469
2022-12-23,0.23052536296394396,-0.020710182041997906,0.1374504190099674
2022-12-26,0.23452037836726297,-0.020710182041997906,0.09673048765097442
2022-12-27,0.2414199321774715,-0.020710182041997906,0.1586720060567104
2022-12-28,0.2564265069578815,-0.020710182041997906,0.1294020299594686
2022-12-29,0.2676868549634103,-0.020710182041997906,0.13934183610205458
2022-12-30,0.2660309379375005,-0.020710182041997906,0.15708535719497518
2023-01-02,0.2659938562074045,-0.020710182041997906,0.1522239660609849
2023-01-03,0.26265909120229786,-0.020710182041997906,0.193363574397505
2023-01-04,0.2643020633587801,-0.020710182041997906,0.22125201652797669
2023-01-05,0.26465050883810665,-0.020710182041997906,0.2214933686441775
2023-01-06,0.2715896255584903,-0.020710182041997906,0.2357968136668282
2023-01-09,0.2626602012690117,-0.020710182041997906,0.1946623728010273
2023-01-10,0.24942490947706145,-0.011817846190073002,0.2002963212137835
2023-01-11,0.24918488527582106,-0.011817846190073002,0.169862314654841
2023-01-12,0.24128602818399267,-0.011817846190073002,0.1988436120635515
2023-01-13,0.24584330300721827,-0.013658129952180095,0.20472219258307212
2023-01-16,0.25474484338381026,-0.013721147587964994,0.0991580045920411
2023-01-17,0.23752757260981683,-0.013658129952180095,0.1749753566384203
2023-01-18,0.2357366895596693,-0.013658129952180095,0.1606779415074798
2023-01-19,0.23207647493753697,-0.013658129952180095,0.169414779956391
2023-01-20,0.23078623243383609,-0.013658129952180095,0.20589508941417578
2023-01-23,0.24169799830582478,-0.013721147587964994,0.1836752212594283
2023-01-24,0.25952903072388356,-0.015597918321769998,0.19496529988309283
2023-01-25,0.2552525491426839,-0.015597918321769998,0.15837187902786
2023-01-26,0.24814519433393303,-0.022231924315651092,0.2418618651612779
2023-01-27,0.2270696418742519,-0.022231924315651092,0.17824239648704188
2023-01-30,0.21869712704418165,-0.022231924315651092,0.1806900003964661
2023-01-31,0.2202825349501741,-0.022231924315651092,0.1765542053768222
2023-02-01,0.21376195637866854,-0.022231924315651092,0.21029779194103299
2023-02-02,0.21312443164558337,-0.022231924315651092,0.4050555022273316
2023-02-03,0.21716987445700026,-0.023097456422623286,0.29287783806043843
2023-02-06,0.21940803033386472,-0.023097456422623286,0.2626368251976509
2023-02-07,0.21399047921258144,-0.023097456422623286,0.22622974175676908
2023-02-08,0.1891068979480427,-0.023097456422623286,0.22778608838290038
2023-02-09,0.19030694402267048,-0.023097456422623286,0.28686513959976323
2023-02-10,0.21025091741322482,-0.023097456422623286,0.2759273951632012
2023-02-13,0.20798293675252863,-0.023097456422623286,0.1893029252804661
2023-02-14,0.21553868920552624,-0.023097456422623286,0.1840632323038877
2023-02-15,0.2155424312148444,-0.023097456422623286,0.1811035367075335
2023-02-16,0.21807470787970212,-0.023097456422623286,0.2517319990608691
2023-02-17,0.24593548961626413,-0.023097456422623286,0.2179665615462458
2023-02-20,0.2580380615767504,-0.023097456422623286,0.1719685571107057
2023-02-21,0.267948441341565,-0.023097456422623286,0.1764303940445766
2023-02-22,0.28155298140609586,-0.022231924315651092,0.20754079650287108
2023-02-23,0.283003003488739,-0.022231924315651092,0.19141094740929382
2023-02-24,0.26756384665550365,-0.015110780410241175,0.1808415428803451
2023-02-27,0.28719283043720756,-0.015110780410241175,0.1563121768545307
2023-02-28,0.2983172740453171,-0.015110780410241175,0.1611681392940228
2023-03-01,0.29921011078618626,-0.015110780410241175,0.2532486594040375
2023-03-02,0.28634682258490896,-0.015110780410241175,0.26113081766907353
2023-03-03,0.2941372115818933,-0.015110780410241175,0.2005962841230853
2023-03-06,0.2711394759665827,-0.005694206069701913,0.20409571278605831
2023-03-07,0.26341390539261406,-0.004778903438469595,0.211202348491151
2023-03-08,0.2609658207742588,-0.004778903438469595,0.15380723856721829
2023-03-09,0.2591601309155094,-0.004778903438469595,0.24400278658145672
2023-03-10,0.25503242471456894,-0.004778903438469595,0.1973488643360484
2023-03-13,0.2567777324274274,-0.004778903438469595,0.2354876564446963
2023-03-14,0.23798099644386547,-0.004778903438469595,0.2597423210659513
2023-03-15,0.24601342284185268,-0.004778903438469595,0.2644247572699272
2023-03-16,0.24409210091297856,-0.003450324047137225,0.1983578879587653
2023-03-17,0.23570107528325646,-0.003450324047137225,0.19176902300770632
2023-03-20,0.29320617547838246,-0.005694206069701913,0.15101482758994428
2023-03-21,0.33560017564150474,-0.024897711837272213,0.1106985456420212
2023-03-22,0.3450062927820889,-0.024897711837272213,0.1293516534644309
2023-03-23,0.33490851869062566,-0.024897711837272213,0.12223439915942579
2023-03-24,0.33421410311464006,-0.024897711837272213,0.16551737711600012
2023-03-27,0.33397434970605094,-0.024897711837272213,0.1157672296008839
2023-03-28,0.328284699325551,-0.024897711837272213,0.1418002776103236
2023-03-29,0.32171235732437864,-0.024897711837272213,0.19210412592102322
2023-03-30,0.33280127504948986,-0.024897711837272213,0.1786088973813017
2023-03-31,0.3387956615038221,-0.024897711837272213,0.1321410996504081
2023-04-03,0.328086518628047,-0.024897711837272213,0.19773320898241858
2023-04-04,0.3286103051628562,-0.024897711837272213,0.1804522439395424
2023-04-05,0.3067850867124042,-0.024897711837272213,0.22169794476721122
2023-04-06,0.30095535581633787,-0.024897711837272213,0.23105502010822862
2023-04-07,0.2928078032252412,-0.024897711837272213,0.21451606949744667
2023-04-10,0.29663577609831615,-0.024897711837272213,0.19220121191041528
2023-04-11,0.3021777699608364,-0.024897711837272213,0.2313194717509316
2023-04-12,0.29080588417054143,-0.024897711837272213,0.18431051820656089
2023-04-13,0.2952822186802677,-0.024897711837272213,0.21354864982701932
2023-04-14,0.29977516383012565,-0.024897711837272213,0.2276750490311316
2023-04-17,0.29310405715287624,-0.024897711837272213,0.2475343462092191
2023-04-18,0.27029342416625574,-0.013984534142218782,0.1712945552700409
2023-04-19,0.2879528189685472,-0.013984534142218782,0.2412554393354689
2023-04-20,0.28542992329365985,-0.013984534142218782,0.2445335596436645
2023-04-21,0.29013840769759697,-0.013984534142218782,0.2009589602011967
2023-04-24,0.2979169083047431,-0.01890354887881049,0.18640341754791973
2023-04-25,0.3174652957319427,-0.0294586312162644,0.14916010516041972
2023-04-26,0.3537089038028528,-0.0355448563802116,0.2280669486765819
2023-04-27,0.35381481260342845,-0.0355448563802116,0.2587373201172873
2023-04-28,0.35152301775682354,-0.0355448563802116,0.2510498844151283
2023-05-01,0.3526385182812724,-0.0355448563802116,0.2647821393097076
2023-05-02,0.3609320293412283,-0.0355448563802116,0.2342862795494418
2023-05-03,0.36380308631477826,-0.0355448563802116,0.23349039470571453
2023-05-04,0.37166021548029626,-0.0355448563802116,0.25615174680962793
2023-05-05,0.3738453866735283,-0.0355448563802116,0.2520216766463502
2023-05-08,0.39593058650286744,-0.0355448563802116,0.19724638388589077
2023-05-09,0.391522553073197,-0.0355448563802116,0.19404351955539628
2023-05-10,0.3802816198490151,-0.0355448563802116,0.1415539407085667
2023-05-11,0.3952295062146522,-0.0355448563802116,0.18898537940348592
2023-05-12,0.3935421987620064,-0.0355448563802116,0.2012791151275306
2023-05-15,0.39013352568821674,-0.0355448563802116,0.1121987763472259
2023-05-16,0.39311415825562107,-0.0355448563802116,0.1648643384474642
2023-05-17,0.42164084394560875,-0.0355448563802116,0.1647350515150613
2023-05-18,0.3999857432138992,-0.0294586312162644,0.1544195646729356
2023-05-19,0.42275866930998024,-0.0294586312162644,0.1513499325924399
2023-05-22,0.4238644779712185,-0.0294586312162644,0.1564038509307033
2023-05-23,0.40043608022996063,-0.0294586312162644,0.203774170660513
2023-05-24,0.3559227553298974,-0.002132590025564196,0.14645333033746222
2023-05-25,0.25093804968508154,-0.001144711807536905,0.18956003929149312
2023-05-26,0.23544023360513466,0.009880135895397,0.1557629661682026
2023-05-29,0.24911496894874927,-0.0004203536453174111,0.146904981544755
2023-05-30,0.2745219059065631,-0.001144711807536905,0.15241183280301462
2023-05-31,0.3020589392653926,-0.006440192073444602,0.1257066127339327
2023-06-01,0.3026944046407946,-0.006440192073444602,0.1812969761663878
2023-06-02,0.3108105705037886,-0.006440192073444602,0.123071308026687
2023-06-05,0.3125045589320679,-0.006440192073444602,0.1314152231879353
2023-06-06,0.3076459946581684,-0.006440192073444602,0.16720932274883388
2023-06-07,0.3359434582147241,-0.00890120955253891,0.1997049182747018
2023-06-08,0.35473689648100115,-0.01264881018707881,0.1286654482585899
2023-06-09,0.36749632129108806,-0.01627801400143501,0.1413380675691846
2023-06-12,0.3715564181753602,-0.01627801400143501,0.11931647348424759
2023-06-13,0.375739072817198,-0.01627801400143501,0.151130774846643
2023-06-14,0.37546078564807966,-0.01627801400143501,0.1297456688885644
2023-06-15,0.3877427061830639,-0.017227799871390715,0.1934304669023948
2023-06-16,0.3794305692681667,-0.018801885610663198,0.1724874937478656
2023-06-19,0.36251125973350834,-0.0347662074214901,0.1856650900288909
2023-06-20,0.3249504800631438,-0.0347662074214901,0.1438754713411241
2023-06-21,0.30982561027244176,-0.0347662074214901,0.1263468537441155
2023-06-22,0.28331434079913387,-0.0347662074214901,0.15396608096710893
2023-06-23,0.2592479717524396,-0.0347662074214901,0.1239255244932557
2023-06-26,0.25466753980982654,-0.0347662074214901,0.1445050944679403
2023-06-27,0.2549465608805238,-0.0347662074214901,0.1350954390725664
2023-06-28,0.26413147674946064,-0.0347662074214901,0.1329621384290937
2023-06-29,0.27753818284969084,-0.0347662074214901,0.1483157877513836
2023-06-30,0.2656513561120513,-0.0347662074214901,0.0834538454758224
2023-07-03,0.2961816385929324,-0.037575899418661,0.1560577563420386
2023-07-04,0.26000222656653105,-0.037575899418661,0.1516707247414643
2023-07-05,0.25631438046197447,-0.037575899418661,0.11420212788226701
2023-07-06,0.25718266910274584,-0.037575899418661,0.1443926886788769
2023-07-07,0.2573239832665093,-0.037575899418661,0.1794816932817127
2023-07-10,0.2617118676088835,-0.037575899418661,0.160706721595938
2023-07-11,0.27188174889531147,-0.037575899418661,0.1529427324822129
2023-07-12,0.271306127613456,-0.037575899418661,0.1625343288006561
2023-07-13,0.3116847654900552,-0.048098478029402904,0.16050224260124257
2023-07-14,0.2996424986697098,-0.048098478029402904,0.1822638089481598
2023-07-17,0.31677934507312716,-0.048098478029402904,0.15961331054083341
2023-07-18,0.3096170643218755,-0.048098478029402904,0.1226685146598898
2023-07-19,0.30603026059850014,-0.048098478029402904,0.1432190073034071
2023-07-20,0.3218609942528762,-0.048098478029402904,0.180559002700022
2023-07-21,0.33090685769917355,-0.048098478029402904,0.20963350256112312
2023-07-24,0.33105327116689665,-0.048098478029402904,0.2163245719975224
2023-07-25,0.3292415301224038,-0.048098478029402904,0.1929782018432863
2023-07-26,0.32416714988894124,-0.048098478029402904,0.20773705508257168
2023-07-27,0.32301099270584177,-0.048098478029402904,0.27237368649144644
2023-07-28,0.32221083371939974,-0.048098478029402904,0.20330241194494741
2023-07-31,0.3241367109775583,-0.048098478029402904,0.1758790646879319
2023-08-01,0.31099414067047854,-0.04197205640793859,0.2271144517934753
2023-08-02,0.304966579150355,-0.04197205640793859,0.2139686507208013
2023-08-03,0.3290251193311692,-0.04197205640793859,0.2411753672083391
2023-08-04,0.3553549894905071,-0.04197205640793859,0.19482480148205122
2023-08-07,0.39537923747574955,-0.04197205640793859,0.1668734532959745
2023-08-08,0.4132118548583897,-0.04197205640793859,0.20391155859420573
2023-08-09,0.4246554068125655,-0.04197205640793859,0.1786439043378708
2023-08-10,0.44437801538907157,-0.04197205640793859,0.1608759021733719
2023-08-11,0.4115432044560551,-0.040962817969408184,0.17584530032127849
2023-08-14,0.436868330313532,-0.040962817969408184,0.1346263869577904
2023-08-15,0.45334928119965284,-0.030245923748473,0.16245661721335392
2023-08-16,0.4722475753231564,-0.030245923748473,0.11191018946344529
2023-08-17,0.49101609762515114,-0.030245923748473,0.2312728486306262
2023-08-18,0.4918572655932828,-0.030245923748473,0.15201495445560192
2023-08-21,0.4483128763228476,-0.025620077324115306,0.170501011254026
2023-08-22,0.41002947553628544,-0.019131035931838198,0.1340632980292133
2023-08-23,0.403717695632173,-0.019131035931838198,0.17097403035083308
2023-08-24,0.3845003856372477,-0.019131035931838198,0.1730299660957364
2023-08-25,0.3622753786324144,-0.0014425933717243985,0.17490652536040932
2023-08-28,0.38056087319272386,-0.016592987154855708,0.1910739232429429
2023-08-29,0.342042613377319,-0.001152983011279007,0.1799322273126997
2023-08-30,0.34054642124576984,-0.001152983011279007,0.241206930525487
2023-08-31,0.3305388424495099,-0.001152983011279007,0.2198293034485923
2023-09-01,0.3443993403161396,-0.001152983011279007,0.2616784835388058
2023-09-04,0.3603857967633822,-0.0035695451438559154,0.2142477782009462
2023-09-05,0.356661438819368,-0.0035695451438559154,0.2523420670498247
2023-09-06,0.35638910646701466,-0.0035695451438559154,0.21271975355716619
2023-09-07,0.35656282633899766,-0.0035695451438559154,0.2317464836158391
2023-09-08,0.3558458891164876,-0.0035695451438559154,0.2447670351802675
2023-09-11,0.3550258308612179,-0.0035695451438559154,0.21899952077184093
2023-09-12,0.34247812857847193,-0.0035695451438559154,0.2322053339272553
2023-09-13,0.30313004906965074,-0.0035695451438559154,0.22345053958575148
2023-09-14,0.2860230776126345,-0.0035695451438559154,0.2840124822856168
2023-09-15,0.24506816553457042,-0.0035695451438559154,0.33764928469308275
2023-09-18,0.24853271501244445,-0.0035695451438559154,0.2198084957787748
2023-09-19,0.25033371089675205,-0.006436513866404325,0.37560259103049454
2023-09-20,0.2644816493004246,-0.0159981616257313,0.3734638383393438
2023-09-21,0.28111961842467,-0.0159981616257313,0.38020835744834314
2023-09-22,0.29159039050094754,-0.0159981616257313,0.3295808129718516
2023-09-25,0.2934951197701232,-0.0159981616257313,0.41492417576545887
2023-09-26,0.279140375908887,-0.006436513866404325,0.3098283392839775
2023-09-27,0.2746369583836254,-0.006436513866404325,0.3175400838704045
2023-09-28,0.27658865798708837,-0.006436513866404325,0.3304876179820948
2023-09-29,0.28765176882783977,-0.006436513866404325,0.2527518164956573
2023-10-02,0.2804877552634701,-0.006436513866404325,0.31694503701603
2023-10-03,0.2733608609560216,-0.006436513866404325,0.31978407943814857
2023-10-04,0.26979304946440025,-0.006436513866404325,0.27003183546705367
2023-10-05,0.2711142308059712,-0.006436513866404325,0.37824182455729427
2023-10-06,0.2933819136416255,-0.0159981616257313,0.3659199122574594
2023-10-09,0.30466587071121554,-0.0159981616257313,0.3402409082831813
2023-10-10,0.3067423124375475,-0.0159981616257313,0.21112974015941538
2023-10-11,0.31071848588150264,-0.0159981616257313,0.2450977741758783
2023-10-12,0.3110026306082417,-0.0159981616257313,0.304987299727299
2023-10-13,0.3249597632280362,-0.0159981616257313,0.25491160739702357
2023-10-16,0.3533368907063712,-0.0159981616257313,0.2023728297740728
2023-10-17,0.3506824822420798,-0.0159981616257313,0.28766284463962905
2023-10-18,0.3594379950015801,-0.0159981616257313,0.260611817314827
2023-10-19,0.360310639951542,-0.012154804545861077,0.28871403599230816
2023-10-20,0.3576865077027851,-0.012154804545861077,0.22749145087083217
2023-10-23,0.38755624348155104,-0.012154804545861077,0.2784140474239545
2023-10-24,0.41702108397290666,-0.012154804545861077,0.2265512221857235
2023-10-25,0.42883054494322104,-0.012154804545861077,0.245952652645342
2023-10-26,0.44015003092058413,-0.012154804545861077,0.2709796160966178
2023-10-27,0.4447219140024153,-0.012154804545861077,0.29790431455858324
2023-10-30,0.42650192576223395,-0.012154804545861077,0.26685169873229686
2023-10-31,0.4343189692456774,-0.012154804545861077,0.21660088544267947
2023-11-01,0.44000561822152684,-0.012154804545861077,0.3563469199780832
2023-11-02,0.46561501977262554,-0.015432759443748514,0.3079380575714028
2023-11-03,0.5041646434488394,-0.016156270683979,0.3016680776875079
2023-11-06,0.5007503569763526,-0.015432759443748514,0.2421370758770915
2023-11-07,0.487136328768916,-0.015432759443748514,0.2485869782583869
2023-11-08,0.4840974604782002,-0.015432759443748514,0.24670398530663007
2023-11-09,0.4700399314155632,-0.015432759443748514,0.22138532005595718
2023-11-10,0.47453872841484207,-0.015432759443748514,0.21504116825415712
2023-11-13,0.47375631225277776,-0.015432759443748514,0.1723558298516315
2023-11-14,0.467044292015172,-0.015432759443748514,0.2186691039184926
2023-11-15,0.47573471443599524,-0.015432759443748514,0.22188288677586032
2023-11-16,0.47075351816559785,-0.015432759443748514,0.1981260762981772
2023-11-17,0.45246505469156617,-0.015432759443748514,0.1700083985548198
2023-11-20,0.4430918183577267,-0.015432759443748514,0.16010622980552602
2023-11-21,0.4042794944229256,-0.015432759443748514,0.1499432532608232
2023-11-22,0.35152733178209894,-0.015432759443748514,0.1500959390025236
2023-11-23,0.3114712132835541,-0.015432759443748514,0.14490091531095062
2023-11-24,0.2564657391914865,-0.015432759443748514,0.1128830683046659
2023-11-27,0.2104746190936394,-0.015432759443748514,0.0937991463107685
2023-11-28,0.1982019326311232,-0.015432759443748514,0.1314546690059416
2023-11-29,0.205794216463841,-0.015432759443748514,0.17280929093774372
2023-11-30,0.20699283438829055,-0.015432759443748514,0.1905607749190728
2023-12-01,0.23011568967760193,-0.026126400196137607,0.2640087427773143
2023-12-04,0.23204127956097026,-0.027266493521680812,0.2676881795963176
2023-12-05,0.22794808183167692,-0.027266493521680812,0.2114505689850539
2023-12-06,0.24148857869724472,-0.027266493521680812,0.2521941671672909
2023-12-07,0.24457124365871666,-0.027266493521680812,0.24310124080969664
2023-12-08,0.23098347258421625,-0.027266493521680812,0.17685008288246631
2023-12-11,0.24688511356537726,-0.027266493521680812,0.23635877327400273
2023-12-12,0.25940527592700535,-0.030068176377047624,0.1733067630283801
2023-12-13,0.2756855201502785,-0.03219245387991859,0.20577846480265372
2023-12-14,0.35620675339994,-0.03260528561528468,0.2670557338374693
2023-12-15,0.3714021047378221,-0.040351597650087695,0.27620090574865364
2023-12-18,0.3821858025137376,-0.042558551986311394,0.2435415917467123
2023-12-19,0.40143695144935343,-0.048774353803719604,0.2025010209404694
2023-12-20,0.4267746270523777,-0.0626209343141031,0.1952896504963411
2023-12-21,0.4178861959018865,-0.0626209343141031,0.1450692427926032
2023-12-22,0.4048642593523125,-0.0626209343141031,0.15997632074877322
2023-12-25,0.38131305016156236,-0.0626209343141031,0.1378419222233062
2023-12-26,0.36894359853775055,-0.0626209343141031,0.1276868970599299
2023-12-27,0.35438743488137225,-0.0626209343141031,0.0883362643820193
2023-12-28,0.3164994289068021,-0.0626209343141031,0.15076508381642129
2023-12-29,0.3168580520153569,-0.0626209343141031,0.1531149223288386
2024-01-01,0.31684006909514245,-0.0626209343141031,0.1596936210707387
2024-01-02,0.3230001681145913,-0.0626209343141031,0.27581753899731365
2024-01-03,0.31805304174412635,-0.0626209343141031,0.3789914492271499
2024-01-04,0.3171289853964568,-0.0626209343141031,0.3196128088755108
2024-01-05,0.2872665353114396,-0.0626209343141031,0.26916167777321187
2024-01-08,0.29642740312778226,-0.0626209343141031,0.2900957444174216
2024-01-09,0.3362250739852148,-0.0626209343141031,0.2244450440170588
2024-01-10,0.35065231868597724,-0.0626209343141031,0.2941661855201812
2024-01-11,0.3583560998052859,-0.0626209343141031,0.3023416896624182
2024-01-12,0.3667653940584138,-0.048774353803719604,0.3157802348655917
2024-01-15,0.37118011158796754,-0.048774353803719604,0.2134857221344818
2024-01-16,0.39589191289669406,-0.048774353803719604,0.2555968727848643
2024-01-17,0.3985816894684091,-0.04722989343720439,0.2342668985436192
2024-01-18,0.36371703168295527,-0.04715135425916369,0.2599498734896008
2024-01-19,0.34827153463380606,-0.03944432237649049,0.2163120450854259
2024-01-22,0.33570862119939354,-0.0315499953261837,0.2289880707298756
2024-01-23,0.34689963004013324,-0.0315499953261837,0.2547737871287628
2024-01-24,0.33864097586311775,-0.0315499953261837,0.23877353506971521
2024-01-25,0.3191896303135415,-0.029537424884897294,0.25022327827227897
2024-01-26,0.3200196760525121,-0.029537424884897294,0.227533425374645
2024-01-29,0.32427666365045554,-0.029537424884897294,0.2266089371049993
2024-01-30,0.3323267696070309,-0.0358873530606313,0.23490639497355512
2024-01-31,0.3064843166737473,-0.030645610821994202,0.17338377307602332
2024-02-01,0.34869244772433683,-0.0358873530606313,0.2800070305378303
2024-02-02,0.4158349636345223,-0.04893565512831631,0.26512963250043586
2024-02-05,0.4277830838228869,-0.04893565512831631,0.1985884399354809
2024-02-06,0.42853506536360064,-0.04893565512831631,0.2688333614972639
2024-02-07,0.42952928697311515,-0.04893565512831631,0.2235546953214562
2024-02-08,0.44055226280751947,-0.04893565512831631,0.2522236194574961
2024-02-09,0.4451036303405199,-0.04893565512831631,0.2173179168030414
2024-02-12,0.42575467777463205,-0.04893565512831631,0.217728236078039
2024-02-13,0.42213518350368495,-0.04893565512831631,0.1980399005827384
2024-02-14,0.40028783121090555,-0.04893565512831631,0.17972887942421611
2024-02-15,0.3851080331947544,-0.04893565512831631,0.180069630717158
2024-02-16,0.3734655677319346,-0.04893565512831631,0.2554485816276074
2024-02-19,0.3592415631452902,-0.04893565512831631,0.1648620547522828
2024-02-20,0.3420585577731454,-0.04893565512831631,0.1527875432023004
2024-02-21,0.31226433250907804,-0.04893565512831631,0.17869873586522977
2024-02-22,0.3246642130518918,-0.04893565512831631,0.202968018583787
2024-02-23,0.3224044485021607,-0.04893565512831631,0.11413418318046221
2024-02-26,0.3228799910810648,-0.04893565512831631,0.13622947256022372
2024-02-27,0.35773367609164053,-0.04893565512831631,0.1094447202328184
2024-02-28,0.37067995338034637,-0.04893565512831631,0.1339103007237979
2024-02-29,0.3868621435645638,-0.04893565512831631,0.1425495984659781
2024-03-01,0.3689596512905007,-0.03523421094192071,0.20848484052464972
2024-03-04,0.2961129751990037,-0.03194783265712971,0.15732757239796769
2024-03-05,0.28556227503500853,-0.026532554479603003,0.19736237361806808
2024-03-06,0.3029305617164702,-0.026532554479603003,0.15680945196856852
2024-03-07,0.28548503433032,-0.0262344357870313,0.1614831324365592
2024-03-08,0.25442122343833296,-0.022315276655354415,0.1252696162246953
2024-03-11,0.23052664185495542,-0.014765458837829296,0.18561369572948333
2024-03-12,0.22343852450357907,-0.014765458837829296,0.1226600580516737
2024-03-13,0.2389443532892681,-0.022315276655354415,0.1497102548783038
2024-03-14,0.23836538258292445,-0.022315276655354415,0.1310874804444184
2024-03-15,0.2386758200604966,-0.022315276655354415,0.128812518170695
2024-03-18,0.22557355799396805,-0.012807925536447383,0.1252503569325898
2024-03-19,0.2374844295644966,-0.013584420001044888,0.09524891022227111
2024-03-20,0.2654067064994515,-0.025195640675183987,0.1385981580072428
2024-03-21,0.28688759975984446,-0.025633180711930305,0.1431790239117916
2024-03-22,0.2876198753588433,-0.025633180711930305,0.11797993291554351
2024-03-25,0.2870130355945332,-0.025633180711930305,0.1164687124824513
2024-03-26,0.2881528958079882,-0.025633180711930305,0.1237451939923081
2024-03-27,0.27640871057383803,-0.025633180711930305,0.12291507937532009
2024-03-28,0.2679074623776776,-0.025633180711930305,0.1712172648088052
2024-03-29,0.25417171863493376,-0.025633180711930305,0.1151109339829816
2024-04-01,0.248309356170344,-0.025633180711930305,0.13734383623966728
2024-04-02,0.25864688962950627,-0.025633180711930305,0.1037037658612469
2024-04-03,0.2617352111234388,-0.025633180711930305,0.10895722707381131
2024-04-04,0.24117793844744367,-0.025633180711930305,0.1311388119357539
2024-04-05,0.26693646705338553,-0.025633180711930305,0.1292255918350544
2024-04-08,0.27053440282499935,-0.025633180711930305,0.1297874952642819
2024-04-09,0.2736133266947718,-0.025633180711930305,0.1427987687033247
2024-04-10,0.2709019437590091,-0.025633180711930305,0.1136336550721859
2024-04-11,0.25583099275333915,-0.025633180711930305,0.1163966753381846
2024-04-12,0.25633275053611076,-0.025633180711930305,0.09644212586317918
2024-04-15,0.25453809511782044,-0.025633180711930305,0.10186780418779601
2024-04-16,0.25291083850487184,-0.025633180711930305,0.08495343128802368
2024-04-17,0.25150277317887004,-0.025633180711930305,0.1309307477983284
2024-04-18,0.23564694201335956,-0.011641553850703895,0.16055475640936168
2024-04-19,0.23896326352635366,-0.011515010750481901,0.2084341374366474
2024-04-22,0.23942151032821732,-0.011515010750481901,0.15689197718812814
2024-04-23,0.2395815125057286,-0.011515010750481901,0.1449582528255438
2024-04-24,0.22996969229135172,-0.011515010750481901,0.1090486181848758
2024-04-25,0.227149183864055,-0.011515010750481901,0.1309257777500431
2024-04-26,0.2277616652273268,-0.011515010750481901,0.12190159090960309
2024-04-29,0.23661204014401752,-0.011515010750481901,0.1307799788540685
2024-04-30,0.2306171129476621,-0.011515010750481901,0.12704998249566418
2024-05-01,0.2428425078094185,-0.011515010750481901,0.1343520843644267
2024-05-02,0.24951651862159932,-0.011515010750481901,0.1935402218884679
2024-05-03,0.2575740776220066,-0.011515010750481901,0.11736612540216451
2024-05-06,0.2554910784479619,-0.011515010750481901,0.1767499323921462
2024-05-07,0.260789715251878,-0.011515010750481901,0.1174310619542219
2024-05-08,0.24606332564935968,-0.010175932907576308,0.08850693130864369
2024-05-09,0.23305114445075137,-0.010175932907576308,0.132015445396361
2024-05-10,0.2323306458347203,-0.010175932907576308,0.12389184489982209
2024-05-13,0.23771285385307142,-0.010175932907576308,0.1393076496780487
2024-05-14,0.22337734757625755,-0.010175932907576308,0.11732130284316371
2024-05-15,0.19835387438534144,0.007453135402377608,0.1033284261005529
2024-05-16,0.19029337887551395,0.007453135402377608,0.11229638765768699
2024-05-17,0.19214299438787497,0.007453135402377608,0.09690564306446639
2024-05-20,0.18507286403548528,0.007453135402377608,0.1122653430344094
2024-05-21,0.18429143345903318,0.007453135402377608,0.08001682801187911
2024-05-22,0.18094234942731946,0.007453135402377608,0.09691240942305061
2024-05-23,0.17464535404930598,0.007453135402377608,0.0888675910641791
2024-05-24,0.17133664391146636,0.008549235281982703,0.07658163830127548
2024-05-27,0.17298015246556478,0.008549235281982703,0.1002683012007305
2024-05-28,0.1729883348481987,0.008549235281982703,0.0885995118313069
2024-05-29,0.17297085252908584,0.008549235281982703,0.1281872322960526
2024-05-30,0.1819497789676245,0.008549235281982703,0.1035537646712312
2024-05-31,0.18707581079211769,0.008549235281982703,0.1160653103536044
2024-06-03,0.18588241514678852,0.008549235281982703,0.1604617069218818
2024-06-04,0.1934524650304281,0.008549235281982703,0.1326508460457826
2024-06-05,0.20495483902502357,0.0032067909638756943,0.1315771536306787
2024-06-06,0.2077288394964757,0.0032067909638756943,0.1216237812188646
2024-06-07,0.20852798266425268,0.0032067909638756943,0.1319210768092064
2024-06-10,0.22661375678447143,0.0032067909638756943,0.0893976258796769
2024-06-11,0.2340158904159975,0.0032067909638756943,0.1507954490154341
2024-06-12,0.23886304238617895,0.0032067909638756943,0.11293724387974138
2024-06-13,0.23234260068054027,0.0032067909638756943,0.1564610954308748
2024-06-14,0.20066458191397354,0.008618400073129192,0.1304816757881706
2024-06-17,0.19534051243678843,0.008618400073129192,0.1579193956801387
2024-06-18,0.21030250813735224,0.004476477580058304,0.13441149722029688
2024-06-19,0.2164438759658461,0.004476477580058304,0.125105185944402
2024-06-20,0.2734480092267768,0.0032067909638756943,0.1214443284288351
2024-06-21,0.3192826220302354,-0.023028564383428794,0.12027239509476641
2024-06-24,0.3998960731402616,-0.0249010756339198,0.10471580182516071
2024-06-25,0.40990041990010384,-0.0249010756339198,0.1613247167095846
2024-06-26,0.4156662497355176,-0.0249010756339198,0.1505534757102973
2024-06-27,0.41199637032909214,-0.0249010756339198,0.1691456236105239
2024-06-28,0.396375136914779,-0.0249010756339198,0.1530744450200662
2024-07-01,0.383138877779211,-0.0249010756339198,0.1751220458832412
2024-07-02,0.37605948790698907,-0.0249010756339198,0.2262275759063962
2024-07-03,0.376301976033807,-0.0249010756339198,0.1838668804756448
2024-07-04,0.37593706867435417,-0.0249010756339198,0.11960638273858439
2024-07-05,0.37559882185520094,-0.0249010756339198,0.12168823523508909
2024-07-08,0.3683017929612291,-0.0249010756339198,0.1048756040273366
2024-07-09,0.3368669788275724,-0.0249010756339198,0.1280876355205239
2024-07-10,0.30775399437780315,-0.0249010756339198,0.13344473520577899
2024-07-11,0.28851537831026924,-0.0249010756339198,0.2282862424397989
2024-07-12,0.3180874945488833,-0.04384391358093,0.22395898303239298
2024-07-15,0.30608868428213715,-0.04384391358093,0.22950901322802209
2024-07-16,0.3404519634245309,-0.0487935236605429,0.2842263983775103
2024-07-17,0.35294366884283734,-0.0487935236605429,0.32416284407187523
2024-07-18,0.36083123541886675,-0.0487935236605429,0.27055084663022777
2024-07-19,0.3597198717542612,-0.0487935236605429,0.21472143674451477
2024-07-22,0.3613593396624106,-0.0487935236605429,0.1558042347518942
2024-07-23,0.3401816951606495,-0.04384391358093,0.1841303476703861
2024-07-24,0.340404230977711,-0.04384391358093,0.15469001104356542
2024-07-25,0.34199887568705944,-0.04384391358093,0.24826076392571877
2024-07-26,0.3405434452788249,-0.04384391358093,0.22187936091530538
2024-07-29,0.34708910971831297,-0.04384391358093,0.18627633380391673
2024-07-30,0.36458616026469853,-0.04384391358093,0.2055817174838361
2024-07-31,0.35771047949893603,-0.04384391358093,0.1627633558857362
2024-08-01,0.3561491279918929,-0.04384391358093,0.2282931022925148
2024-08-02,0.3520997357583056,-0.04384391358093,0.2051362553830171
2024-08-05,0.3765584936277274,-0.04384391358093,0.21765286555053248
2024-08-06,0.37921695435870745,-0.04384391358093,0.1796882469694785
2024-08-07,0.4136487697842528,-0.04384391358093,0.1515330510082004
2024-08-08,0.44807572090702663,-0.04384391358093,0.2066419513819584
2024-08-09,0.46158647252303064,-0.04384391358093,0.1533693416940596
2024-08-12,0.4366464000399067,-0.040826653185504214,0.17724663229448728
2024-08-13,0.4367189373414621,-0.040826653185504214,0.1440764031908701
2024-08-14,0.3802745099843135,-0.03769157598535081,0.1149249076337765
2024-08-15,0.34957959680941786,-0.028100015621838614,0.10907895299303991
2024-08-16,0.3070434482334676,-0.019690854393996003,0.12017788567155668
2024-08-19,0.2968606405182861,-0.014034495115332113,0.1171678068848693
2024-08-20,0.2650635880534314,-0.006799161357416705,0.07951936012668559
2024-08-21,0.26595459762868134,-0.006799161357416705,0.11551782099331379
2024-08-22,0.2576472755114292,-0.006368107874307187,0.1134783423886114
2024-08-23,0.2519042738508283,-0.006368107874307187,0.16182027848934988
2024-08-26,0.24441733200407653,-0.003586603846481694,0.1164877816103971
2024-08-27,0.25933324612446434,-0.006368107874307187,0.09612178274120561
2024-08-28,0.25700935691131366,-0.006368107874307187,0.1574560663029571
2024-08-29,0.25344989454610306,-0.006368107874307187,0.1099880669919813
2024-08-30,0.27117350025779924,-0.008878321097842803,0.12058109531700331
2024-09-02,0.27595562696688025,-0.010883306270906206,0.1623505051006367
2024-09-03,0.2686086022662976,-0.010883306270906206,0.1525916818600911
2024-09-04,0.273040620478783,-0.010883306270906206,0.1372472267204276
2024-09-05,0.2605817683711416,-0.010883306270906206,0.1579490760170607
2024-09-06,0.24160049020694033,-0.010883306270906206,0.1582151115560588
2024-09-09,0.23219651955097736,-0.010883306270906206,0.1803221637355316
2024-09-10,0.23174764309445153,-0.010883306270906206,0.17637457321598699
2024-09-11,0.24100684315066612,-0.010883306270906206,0.19105803215852396
2024-09-12,0.238386221039184,-0.010883306270906206,0.21610976553145228
2024-09-13,0.24384100981234294,-0.010883306270906206,0.21273320308459132
2024-09-16,0.24535520918868137,-0.010883306270906206,0.15496921527905339
2024-09-17,0.24363364045842847,-0.010883306270906206,0.2195907374424645
2024-09-18,0.24043359808720516,-0.010883306270906206,0.2321601890244887
2024-09-19,0.2393665985827336,-0.010883306270906206,0.2200666189505281
2024-09-20,0.22600861510360562,-0.010883306270906206,0.17823974686824012
2024-09-23,0.2304764406187512,-0.011062676455778908,0.14666272534228952
2024-09-24,0.23528472034316858,-0.011062676455778908,0.1797378619351233
2024-09-25,0.2408891594416128,-0.011062676455778908,0.1733544486217002
2024-09-26,0.2483705731106738,-0.011062676455778908,0.20795145531985532
2024-09-27,0.24598678541445892,-0.011062676455778908,0.2103256956509449
2024-09-30,0.2609507328196375,-0.010883306270906206,0.1617598671041024
2024-10-01,0.25131142281897056,-0.009753464240787192,0.22027924051585782
2024-10-02,0.257126382338837,-0.009753464240787192,0.19156343696971379
2024-10-03,0.2724737941353858,-0.009753464240787192,0.22789089535672402
2024-10-04,0.2662618783223487,-0.009753464240787192,0.21226527360766578
2024-10-07,0.2683913306751521,-0.009753464240787192,0.18051836607538702
2024-10-08,0.27410604571365044,-0.009753464240787192,0.1968491650767413
2024-10-09,0.2933541310397111,-0.009753464240787192,0.2141271911396722
2024-10-10,0.32852042072602483,-0.009753464240787192,0.1872640433275678
2024-10-11,0.3232784790346191,-0.009753464240787192,0.204886383730496
2024-10-14,0.313578971766883,-0.009753464240787192,0.1808911697324266
2024-10-15,0.3108497345371718,-0.009753464240787192,0.2403249339440471
2024-10-16,0.30203742789849297,-0.009753464240787192,0.2217650145029416
2024-10-17,0.32545447685141327,-0.011062676455778908,0.27974620880831225
2024-10-18,0.3284996993961796,-0.011062676455778908,0.2348343111408392
2024-10-21,0.3129703144971057,-0.011062676455778908,0.18186535584488178
2024-10-22,0.2942379155840649,-0.005862493469119306,0.1934691321636634
2024-10-23,0.29861467894342214,-0.005862493469119306,0.24817824722665932
2024-10-24,0.29934746904664294,-0.005862493469119306,0.30521696792818453
2024-10-25,0.3307692646866308,-0.016069111356984307,0.3708357147260532
2024-10-28,0.3348934321054819,-0.016069111356984307,0.3209080969160502
2024-10-29,0.32760536352709246,-0.016069111356984307,0.34492104122351386
2024-10-30,0.35338865463808944,-0.022723785386801486,0.3759222774651001
2024-10-31,0.3605878625560579,-0.022723785386801486,0.331651054011711
2024-11-01,0.34943432860518286,-0.022723785386801486,0.3578362025352894
2024-11-04,0.3512615600063403,-0.022723785386801486,0.342113443542632
2024-11-05,0.34283972947765184,-0.022723785386801486,0.288716035226542
2024-11-06,0.37559939242702134,-0.024772827428694202,0.6259125933770819
2024-11-07,0.38214802866538516,-0.0363179719711019,0.1025619115264357
2024-11-08,0.33661907885990017,-0.0363179719711019,0.1301014323519932
2024-11-11,0.3343118896315352,-0.0363179719711019,0.177374738101296
2024-11-12,0.3311985975635003,-0.0363179719711019,0.1204074502797331
2024-11-13,0.33199884767848387,-0.0363179719711019,0.119520029187279
2024-11-14,0.3286634330527882,-0.0363179719711019,0.1273879721302374
2024-11-15,0.3260484569374939,-0.0363179719711019,0.1130662377904313
2024-11-18,0.32681728173550045,-0.0363179719711019,0.106144428868086
2024-11-19,0.3198067533957984,-0.0363179719711019,0.0951181270770973
2024-11-20,0.31459368848614144,-0.0363179719711019,0.07632056912543458
2024-11-21,0.31685307937833174,-0.0363179719711019,0.0891117791687511
2024-11-22,0.33760966402104203,-0.0363179719711019,0.0803085000667915
2024-11-25,0.3671569321512658,-0.0363179719711019,0.11405126269630599
2024-11-26,0.40276537538888146,-0.0363179719711019,0.0976326793658448
2024-11-27,0.4103539481707516,-0.0363179719711019,0.08403820735183229
2024-11-28,0.4034255777996823,-0.0363179719711019,0.08511686529543311
2024-11-29,0.3946093786553676,-0.0363179719711019,0.0818392952153907
2024-12-02,0.40354945727226754,-0.0363179719711019,0.091300677149194
2024-12-03,0.40952901536431185,-0.0363179719711019,0.1181238398505678
2024-12-04,0.41368509843289325,-0.0363179719711019,0.14074961446784
2024-12-05,0.38081118997967284,-0.03290940924983651,0.1130243519460324
2024-12-06,0.33804097032117175,-0.011033762389222204,0.1269119416749315
2024-12-09,0.30292536872168635,-0.009397504128845706,0.1903089094282724
2024-12-10,0.2847448880715025,-0.004998526376699605,0.14109933809262581
2024-12-11,0.28471934369996243,-0.004998526376699605,0.12190908479124729
2024-12-12,0.2711211288493198,-0.000915407299585798,0.12155700196210398
2024-12-13,0.2590681691774837,0.0005289031741909007,0.1360901521703463
2024-12-16,0.25041609026509537,0.0005289031741909007,0.08807452637660321
2024-12-17,0.24321127447245114,0.0005289031741909007,0.0976949384276373
2024-12-18,0.2296471175153704,0.0005971020739785971,0.1286696831057845
2024-12-19,0.22669106254825797,0.002925397188143299,0.0936776433248847
2024-12-20,0.24187027772105463,0.0005289031741909007,0.0983962126091585
2024-12-23,0.2545977314631674,-0.00101972099107481,0.11218287542583619
2024-12-24,0.2702237621494828,-0.0032556587766656066,0.0928572170634929
2024-12-25,0.266741084835173,-0.01135200195770971,0.0776268838578706
2024-12-26,0.3101708872503126,-0.014603309526059313,0.06385876476741391
2024-12-27,0.36221790895366424,-0.03137264522241121,0.06717558658091019
2024-12-30,0.3928496803336286,-0.03754106173513171,0.0577203709650563
2024-12-31,0.4063636823902475,-0.03952189022590431,0.0986278300195384
2025-01-01,0.40498926032264704,-0.03952189022590431,0.09292017222715981
2025-01-02,0.41757439751944786,-0.04073068549718171,0.1179756644023508
2025-01-03,0.40905572588555517,-0.04073068549718171,0.1502007724239759
2025-01-06,0.4011959629865646,-0.04073068549718171,0.15411960713496842
2025-01-07,0.3580444553271054,-0.04073068549718171,0.1731546325615675
2025-01-08,0.3449053400734929,-0.04073068549718171,0.1499260951098907
2025-01-09,0.3417794004375297,-0.04073068549718171,0.1208072267783641
2025-01-10,0.339760131183236,-0.04073068549718171,0.09456127964927409
2025-01-13,0.37453179290210026,-0.04073068549718171,0.147590548234804
2025-01-14,0.380380481091652,-0.04073068549718171,0.1300587439895748
2025-01-15,0.37326146629112267,-0.04073068549718171,0.0974996397943252
2025-01-16,0.33969850283780423,-0.04073068549718171,0.1322161547903879
2025-01-17,0.3353881180264448,-0.04073068549718171,0.1299087704342477
2025-01-20,0.3337730805287498,-0.04073068549718171,0.1062562683507429
2025-01-21,0.33077167752810605,-0.04073068549718171,0.1089725433016263
2025-01-22,0.3458619450770545,-0.04345519084755471,0.0818462028704113
2025-01-23,0.3457676990658057,-0.04345519084755471,0.0946719735094937
2025-01-24,0.3413537466369213,-0.04345519084755471,0.1008180645927407
2025-01-27,0.33398437035097517,-0.04073068549718171,0.18002884017384652
2025-01-28,0.33830588874570877,-0.04220306314465621,0.11510601552099219
2025-01-29,0.32665821355224245,-0.04220306314465621,0.16447055700423668
2025-01-30,0.32342973129252206,-0.04220306314465621,0.1231668479380594
2025-01-31,0.3087005696875537,-0.04220306314465621,0.12721252394327548
2025-02-03,0.304265547576506,-0.04220306314465621,0.1199616491231351
2025-02-04,0.2930409362682872,-0.04220306314465621,0.11469838678085101
2025-02-05,0.29235720116153174,-0.04220306314465621,0.1339687274797079
2025-02-06,0.29154766909190954,-0.04220306314465621,0.1132498054473946
2025-02-07,0.3029166689596429,-0.04220306314465621,0.1062146906377789
2025-02-10,0.3062303593135598,-0.04220306314465621,0.12572420880240281
2025-02-11,0.25299078259911795,-0.04220306314465621,0.11494880671586491
2025-02-12,0.22610511105352768,-0.04220306314465621,0.1075168689680504
2025-02-13,0.2150803324829798,-0.04220306314465621,0.1113648528003127
2025-02-14,0.21514751616065994,-0.04220306314465621,0.10890847077313501
2025-02-17,0.21701588515367218,-0.04220306314465621,0.1023675198564122
2025-02-18,0.23009230567997127,-0.04220306314465621,0.0968891365505434
2025-02-19,0.23553947104995335,-0.04220306314465621,0.0968815416789225
2025-02-20,0.20626023317215897,-0.035432535332328215,0.11968321427973638
2025-02-21,0.20358893618479015,-0.035432535332328215,0.1419191810063823
2025-02-24,0.20422128915481272,-0.035432535332328215,0.13298444241538582
2025-02-25,0.18408163031092115,-0.02214654878349111,0.1340209648651865
2025-02-26,0.13949718469562877,-0.01888182117355491,0.09665552822631349
2025-02-27,0.1540138750493775,-0.02214654878349111,0.10067795067644081
2025-02-28,0.17239112907522747,-0.026528433469608103,0.1194077941310362
2025-03-03,0.2028440643418399,-0.030526286472179896,0.21392962578011282
2025-03-04,0.20366066021149717,-0.030526286472179896,0.1427816470531267
2025-03-05,0.20790819161835566,-0.030526286472179896,0.16286688511390063
2025-03-06,0.21529478120257586,-0.030526286472179896,0.1734872079866127
2025-03-07,0.2156505957450214,-0.030526286472179896,0.1818695010489763
2025-03-10,0.21580776403351928,-0.030526286472179896,0.16415651098995682
2025-03-11,0.20959375337870104,-0.030526286472179896,0.1200522247204707
2025-03-12,0.20909719236307714,-0.030526286472179896,0.1276111401522575
2025-03-13,0.22434002386962473,-0.030526286472179896,0.1222751912826061
2025-03-14,0.26752908215070414,-0.030526286472179896,0.10347559927450721
2025-03-17,0.30076224625441805,-0.030526286472179896,0.13880058427618158
2025-03-18,0.2998989448578444,-0.030526286472179896,0.09101639913503079
2025-03-19,0.3208949928657603,-0.030526286472179896,0.0904369278305979
2025-03-20,0.3547626745369245,-0.030526286472179896,0.07035754327359331
2025-03-21,0.3567875830142459,-0.030526286472179896,0.1149903027627722
2025-03-24,0.3675629115788004,-0.030526286472179896,0.10773252167701489
2025-03-25,0.3731926420550192,-0.030526286472179896,0.1239803984005913
2025-03-26,0.3811558462886961,-0.030526286472179896,0.0782603898279147
2025-03-27,0.3782083406060034,-0.030526286472179896,0.09180175389946449
2025-03-28,0.36278930822826716,-0.030526286472179896,0.0666866539892607
2025-03-31,0.3451954539704993,-0.02744563139263131,0.1128389611415387
2025-04-01,0.3119139641282112,-0.02325408302421701,0.0918827259783799
2025-04-02,0.32830048636048303,-0.024342325836093096,0.0958044505156335
2025-04-03,0.3161961235008087,-0.024342325836093096,0.2159606218464881
2025-04-04,0.30503484734236463,-0.018217797976990396,0.07079195630921661
2025-04-07,0.3227167464667919,-0.024342325836093096,0.058344160965422505
2025-04-08,0.35236593245368714,-0.0265722334993907,0.0721846894517844
2025-04-09,0.3566052616144067,-0.0265722334993907,0.1455677783719416
2025-04-10,0.3729355339777982,-0.0313805328285451,0.1032947529262142
2025-04-11,0.378202123413884,-0.0313805328285451,0.060451210038769104
2025-04-14,0.3662084245646329,-0.0313805328285451,0.0326225372347682
2025-04-15,0.3476186093897504,-0.0313805328285451,0.026473296664965
2025-04-16,0.353263510276652,-0.0313805328285451,0.031977585384679
2025-04-17,0.33534646001512064,-0.0313805328285451,0.061095754974491503
2025-04-18,0.2945433676334801,-0.0313805328285451,0.0547186688399639
2025-04-21,0.28580755355427856,-0.0313805328285451,0.043654776759639496
2025-04-22,0.2663918824626959,-0.0313805328285451,0.06147323968071759
2025-04-23,0.23474113359770352,-0.0313805328285451,0.033085708454835494
2025-04-24,0.2058857525438018,-0.0313805328285451,0.0609905510652196
2025-04-25,0.19668287458031566,-0.0313805328285451,0.051304500155435896
2025-04-28,0.20675092205964943,-0.0313805328285451,0.07762261231166101
2025-04-29,0.2147466570114486,-0.0313805328285451,0.0849389129046603
2025-04-30,0.22010112983721275,-0.0313805328285451,0.0328667258403304
2025-05-01,0.2315947300967047,-0.0313805328285451,0.07439538261955381
2025-05-02,0.23961628593648565,-0.0313805328285451,0.0837799926740042
2025-05-05,0.25363468714026804,-0.0313805328285451,0.0623069115564586
2025-05-06,0.24873349237469855,-0.0313805328285451,0.053572168245307104
2025-05-07,0.2322675909148155,-0.023676406486771204,0.0648762554625931
2025-05-08,0.2367151694137962,-0.023676406486771204,0.0722932370247025
2025-05-09,0.22936173564138188,-0.019625479777655802,0.06417437434762
2025-05-12,0.21616146048783874,-0.019596383965560904,0.10173792016972491
2025-05-13,0.2157842703369541,-0.019596383965560904,0.0810367147281674
2025-05-14,0.2185692993507175,-0.019596383965560904,0.0607898710465518
2025-05-15,0.19627792165240282,-0.018421631965408802,0.0559375389531473
2025-05-16,0.18103384200296027,-0.013166425105265606,0.0542872848549854
2025-05-19,0.16233443805378184,-0.009287927383939007,0.025547239013983602
2025-05-20,0.15966406274899791,-0.009287927383939007,0.03539831868476501
2025-05-21,0.159977500544107,-0.009287927383939007,0.0319946545314048
2025-05-22,0.16034522217000935,-0.009287927383939007,0.0356493912052774
2025-05-23,0.16153840604268402,-0.009287927383939007,0.0248248512496161
2025-05-26,0.1618629680096344,-0.009287927383939007,0.034132082712718906
2025-05-27,0.16650550898649785,-0.009287927383939007,0.0329506797968498
2025-05-28,0.1805042188060081,-0.013166425105265606,0.0560270032641067
2025-05-29,0.18101728221671406,-0.013166425105265606,0.0379740533560794
2025-05-30,0.1860293407205952,-0.013166425105265606,0.0414774655215351
2025-06-02,0.1867899467726908,-0.013166425105265606,0.0377197715932254
2025-06-03,0.18528602416639062,-0.013166425105265606,0.036666211696867596
2025-06-04,0.18497864535164807,-0.013166425105265606,0.052948904899577
2025-06-05,0.19488881347369053,-0.013166425105265606,0.0584924807765828
2025-06-06,0.19848635972414932,-0.013166425105265606,0.0544125785412969
2025-06-09,0.17816058271077215,-0.013166425105265606,0.042969465843983604
2025-06-10,0.17784654309098127,-0.013166425105265606,0.059284525364445895
2025-06-11,0.17105778176187744,-0.011058118596095099,0.0683552097276529
2025-06-12,0.16688900353714792,-0.011058118596095099,0.0574881221005237
2025-06-13,0.17370690401378253,-0.011058118596095099,0.0526794626636095
2025-06-16,0.17007279782000756,-0.011058118596095099,0.055909295503288305
2025-06-17,0.1672944869423284,-0.011058118596095099,0.056384013630979
2025-06-18,0.168761558184219,-0.011058118596095099,0.0311150696940077
2025-06-19,0.1680641074234955,-0.011058118596095099,0.047980310974140405
2025-06-20,0.17151290041198133,-0.011058118596095099,0.037708891846302904
2025-06-23,0.1715193291119195,-0.011058118596095099,0.041783341690093
2025-06-24,0.1723217786030603,-0.011058118596095099,0.044676425457990596
2025-06-25,0.18049195947867397,-0.012706684153045501,0.043438457159428595
2025-06-26,0.18528645705990507,-0.012706684153045501,0.16684274471734128
2025-06-27,0.21269691004656346,-0.0173664205058494,0.0704304516076767
2025-06-30,0.22110318156073885,-0.018753277093469894,0.059826087342052206
2025-07-01,0.2293656006268038,-0.018753277093469894,0.09765203398696651
2025-07-02,0.24761763372800905,-0.025477324882167494,0.375501655640815
2025-07-03,0.28662296572004775,-0.0272054765787274,0.5512872806249984
2025-07-04,0.28686131644592183,-0.02847714055788831,0.1112240056187444
2025-07-07,0.2792181345043679,-0.02847714055788831,0.08310341538585769
2025-07-08,0.29231998182538943,-0.036063862145239996,0.10656569847993241
2025-07-09,0.2895194628274033,-0.036063862145239996,0.1623937609748191
2025-07-10,0.3044322941629738,-0.04099075722292811,0.16569181605299318
2025-07-11,0.30856534579588035,-0.04099075722292811,0.12833743677092152
2025-07-14,0.28671922264014765,-0.04099075722292811,0.1496324383496374
2025-07-15,0.2777732598038694,-0.04099075722292811,0.10327910019754431
2025-07-16,0.29061177910579056,-0.04099075722292811,0.146697272562105
2025-07-17,0.2981675426080179,-0.04099075722292811,0.1513664529478953
2025-07-18,0.2955841303860106,-0.04099075722292811,0.1502128362572453
2025-07-21,0.29875406920841824,-0.04099075722292811,0.1164166073230851
2025-07-22,0.3036379825438074,-0.04099075722292811,0.1554520165249595
2025-07-23,0.2992819147199189,-0.04099075722292811,0.14086454572353801
2025-07-24,0.301801609845052,-0.04099075722292811,0.1904745991141499
2025-07-25,0.3031366170110791,-0.04099075722292811,0.1677753394154582
2025-07-28,0.316821871223196,-0.04242938503428969,0.1204978989701149
2025-07-29,0.32020598757757085,-0.04242938503428969,0.1441750447993828
2025-07-30,0.3203087951358824,-0.04242938503428969,0.1451873299585814
2025-07-31,0.32360186904268073,-0.04242938503428969,0.1436675598277803
2025-08-01,0.3129814347772257,-0.04242938503428969,0.19634672590763902
2025-08-04,0.31405193333142895,-0.04242938503428969,0.2209455008633029
2025-08-05,0.3108247967789724,-0.04242938503428969,0.2265992718036579
2025-08-06,0.3138055407458263,-0.04242938503428969,0.20915903547009518
2025-08-07,0.30986729558091924,-0.04242938503428969,0.21035172231235938
2025-08-08,0.2719800524783306,-0.0399083661168988,0.18520277295580362
2025-08-11,0.27943450179135637,-0.016380462433906492,0.1793372199556695
2025-08-12,0.2832498369600524,-0.016380462433906492,0.1477873802761383
2025-08-13,0.28342229395243085,-0.016380462433906492,0.1674797119268397
2025-08-14,0.29530722203397525,-0.016380462433906492,0.1558055164750167
2025-08-15,0.2990034378214365,-0.016380462433906492,0.1371962140794021
2025-08-18,0.2995668072023465,-0.016380462433906492,0.1357471171733426
2025-08-19,0.2964700935995848,-0.016380462433906492,0.1621953250745967
2025-08-20,0.304386163335627,-0.016380462433906492,0.1466966224490131
2025-08-21,0.29560177299540447,-0.016380462433906492,0.1181710221240345
2025-08-22,0.35556215161070565,-0.04242938503428969,0.13808338820517557
2025-08-25,0.3809102507883575,-0.04242938503428969,0.1804216368258322
2025-08-26,0.347249371437507,-0.036844071520831224,0.0969706076657588
2025-08-27,0.36412373137699794,-0.036844071520831224,0.1172110749873428
2025-08-28,0.3622407485379338,-0.036844071520831224,0.1361986059516062
2025-08-29,0.3806151194005391,-0.036844071520831224,0.118888971167442
2025-09-01,0.39117176336274806,-0.036844071520831224,0.1457103818014776
2025-09-02,0.38822958340553226,-0.036844071520831224,0.1576118788310714
2025-09-03,0.39885313703590647,-0.036844071520831224,0.10988631201776411
2025-09-04,0.3874370133822143,-0.036844071520831224,0.11963071957368651
2025-09-05,0.38608393541708613,-0.036844071520831224,0.1541154643541179
2025-09-08,0.4052952095185514,-0.036844071520831224,0.1510446131127682
2025-09-09,0.3755465696313942,-0.036844071520831224,0.18672705594942018
2025-09-10,0.3673453317962168,-0.036844071520831224,0.14432266945315098
2025-09-11,0.3654720174978794,-0.036844071520831224,0.16424089208887738
2025-09-12,0.363066146845616,-0.036844071520831224,0.1456352248614344
2025-09-15,0.3578965609613232,-0.036844071520831224,0.1500113175866219
2025-09-16,0.3675202685380922,-0.036844071520831224,0.1510736561371708
2025-09-17,0.37818499859238347,-0.036844071520831224,0.120708125145171
2025-09-18,0.40700285834198446,-0.036844071520831224,0.114161205610339
2025-09-19,0.418206846343767,-0.036844071520831224,0.1254208120011725
2025-09-22,0.3828870742600746,-0.03203862114961461,0.1630740420053641
2025-09-23,0.3562459021257904,-0.02828418624549523,0.1823856241941536
2025-09-24,0.35864629573053747,-0.02828418624549523,0.2108137881074598
2025-09-25,0.3347539501559348,-0.027399690841876805,0.113603700754528
2025-09-26,0.3249784360864306,-0.027399690841876805,0.1707524068557832
2025-09-29,0.28709005266163584,-0.0118934829199814,0.15328915286360212
2025-09-30,0.2489532116818263,-0.010475253839476398,0.1536063409755109
2025-10-01,0.2520843816559593,-0.010475253839476398,0.1566540774466817
2025-10-02,0.27258306746470956,-0.0118934829199814,0.17427600292786488
2025-10-03,0.30318215281785527,-0.018952104288296606,0.22729204326480218
2025-10-06,0.30268513397199037,-0.018952104288296606,0.156400557718319
2025-10-07,0.29755251316918513,-0.018952104288296606,0.1416140369286807
2025-10-08,0.3007726130406995,-0.018952104288296606,0.1645441372557661
2025-10-09,0.29910042048864327,-0.018952104288296606,0.1732326850193566
2025-10-10,0.3160922101563672,-0.018952104288296606,0.1547740339616889
2025-10-13,0.3080554963402966,-0.018952104288296606,0.1351883365671569
2025-10-14,0.33005225507861724,-0.0266975173346562,0.1515894437047866
2025-10-15,0.32591218519219806,-0.0266975173346562,0.1396317903479167
2025-10-16,0.32489030272166586,-0.0266975173346562,0.15621334778771748
2025-10-17,0.29062702583507904,-0.0266975173346562,0.13049134415043412
2025-10-20,0.27659877025563184,-0.0266975173346562,0.14674222140543458
2025-10-21,0.24696961696324204,-0.0266975173346562,0.1722491175800461
2025-10-22,0.24408690445297648,-0.0266975173346562,0.19275491488127883
2025-10-23,0.24300936336771908,-0.0266975173346562,0.18648865396010988
2025-10-24,0.24215847753185854,-0.0266975173346562,0.13908018605944858
2025-10-27,0.23982140781806333,-0.0266975173346562,0.1449999170080329
2025-10-28,0.23873901765754488,-0.0266975173346562,0.16484442137138489
2025-10-29,0.2315448021337941,-0.0266975173346562,0.21818627367908028
2025-10-30,0.238373177385036,-0.0266975173346562,0.1047667653633551
2025-10-31,0.2311301912551869,-0.0266975173346562,0.1433214365481182
2025-11-03,0.22529186689725683,-0.013117386286703288,0.1389141536091658
2025-11-04,0.2317901006635903,-0.013117386286703288,0.13863714170886432
2025-11-05,0.23902875874806323,-0.013117386286703288,0.1598788409760817
2025-11-06,0.2353405592234946,-0.013117386286703288,0.1270465498066159
2025-11-07,0.2365972172910493,-0.013117386286703288,0.1224022951813173
2025-11-10,0.20229115431055247,-0.013117386286703288,0.1368698047945039
2025-11-11,0.21441292027171627,-0.013117386286703288,0.08676929500857031
2025-11-12,0.19204847192298366,-0.01164725021351079,0.1153184670397073
2025-11-13,0.19873141555503443,-0.01164725021351079,0.15151145332502547
2025-11-14,0.18763910689128632,-0.01164725021351079,0.1030051662552994
2025-11-17,0.1907445451942948,-0.01164725021351079,0.0976266912402877
2025-11-18,0.1952898387597307,-0.01164725021351079,0.0989709417496411
2025-11-19,0.21502531766113248,-0.0171369029736841,0.08840149843404771
2025-11-20,0.24152617985613387,-0.02393102107113139,0.1153684590426654
2025-11-21,0.2721109940908093,-0.030720088962931998,0.1102980890053596
2025-11-24,0.32760556360857374,-0.0371332736868054,0.11763168131971209
2025-11-25,0.3717023515296603,-0.05457063603410389,0.10273304024403421
2025-11-26,0.3872670285606126,-0.05457063603410389,0.1072696351588066
2025-11-27,0.3974077926801557,-0.05457063603410389,0.0834813729201576
2025-11-28,0.39883140450442284,-0.05457063603410389,0.0700677287181414
2025-12-01,0.39872101761940065,-0.05457063603410389,0.1035837463176836
2025-12-02,0.38409597422584135,-0.05457063603410389,0.1087640778461936
2025-12-03,0.37202422650406863,-0.05457063603410389,0.17778498466875328
2025-12-04,0.352739421922897,-0.05457063603410389,0.1674205676457677
2025-12-05,0.3593893610866249,-0.05457063603410389,0.1466235095207478
2025-12-08,0.380969966689036,-0.05457063603410389,0.13493220584881238
2025-12-09,0.3903603237709556,-0.05457063603410389,0.11787093366467369
2025-12-10,0.3677246713840681,-0.05457063603410389,0.1096716083550163
2025-12-11,0.38341253082751103,-0.05457063603410389,0.14715199530036
2025-12-12,0.38614542394439205,-0.05457063603410389,0.12729379579778338
2025-12-15,0.38295756146007415,-0.05457063603410389,0.1430783894740275
2025-12-16,0.38253280080645624,-0.05457063603410389,0.1085175593813689
2025-12-17,0.3823575630969495,-0.05457063603410389,0.1284341618006274
2025-12-18,0.38279682784987673,-0.05457063603410389,0.0964497149307508
2025-12-19,0.3817998280240088,-0.05457063603410389,0.1131255028706138
2025-12-22,0.3763125718553837,-0.05457063603410389,0.0940979431804144
2025-12-23,0.3401043258808488,-0.0381293578752337,0.0821742703363989
2025-12-24,0.297433580073873,-0.03551257439051409,0.106313067606531
2025-12-25,0.28792227230026896,-0.03393052804586551,0.0799016586063649
2025-12-26,0.27080322340282564,-0.021486984440622695,0.07046984414686791
2025-12-29,0.23079838023940927,-0.014207683299107706,0.0624760993793881
2025-12-30,0.22065255611064455,-0.0119607440963387,0.07386678780846051
2025-12-31,0.2512630624066623,-0.0119607440963387,0.062676936636268
2026-01-01,0.27911552254139294,-0.0119607440963387,0.07830371007424071
2026-01-02,0.28816313962832013,-0.0119607440963387,0.159403918133308
2026-01-05,0.2879572067459352,-0.0119607440963387,0.1569579114329554
2026-01-06,0.293770060584015,-0.0119607440963387,0.1754429561075043
2026-01-07,0.3086698322151557,-0.0119607440963387,0.13693244835414659
2026-01-08,0.30063020192669077,-0.0119607440963387,0.1305730084696638
2026-01-09,0.30462114865012,-0.0119607440963387,0.16060381840470128
2026-01-12,0.3071309477353951,-0.0119607440963387,0.1419357936788864
2026-01-13,0.2938771254480172,-0.0119607440963387,0.1296527968203747
2026-01-14,0.27499936680827614,-0.003655362763793908,0.1697752367948586
2026-01-15,0.26326867349696803,-0.003655362763793908,0.1260010318426282
2026-01-16,0.27178618638628155,-0.005563018345237606,0.1435705181011827
2026-01-19,0.3361764998812073,-0.0088453023668595,0.1110606749467849
2026-01-20,0.37586620987503955,-0.031840452956106505,0.15565791275535829
2026-01-21,0.3861981268037823,-0.031840452956106505,0.2236257821534511
