date,ticker,weight,expected_return,regime_label,risk_aversion_regime,turnover_aversion_regime,liquidity_aversion_regime,optimiser_run_date,exposure_scale
2026-01-21 00:00:00+00:00,A,-0.09511273233905454,-0.3016557264963548,normal,0.9,0.9,,2026-01-30 01:11:38 UTC,1.0
2026-01-21 00:00:00+00:00,AAPL,-0.0017522923801793404,-0.1850058526532623,normal,0.9,0.9,,2026-01-30 01:11:38 UTC,1.0
2026-01-21 00:00:00+00:00,ABBV,-0.15644754236389383,-0.2903651297997109,normal,0.9,0.9,,2026-01-30 01:11:38 UTC,1.0
2026-01-21 00:00:00+00:00,ABNB,-0.05609630988928238,-0.2984927850006215,normal,0.9,0.9,,2026-01-30 01:11:38 UTC,1.0
2026-01-21 00:00:00+00:00,ABT,-0.005604044061438719,-0.1794728675481114,normal,0.9,0.9,,2026-01-30 01:11:38 UTC,1.0
2026-01-21 00:00:00+00:00,ACGL,-0.007707898910439424,-0.1989858479117361,normal,0.9,0.9,,2026-01-30 01:11:38 UTC,1.0
2026-01-21 00:00:00+00:00,ACN,-0.045805108010852365,-0.0911894415288328,normal,0.9,0.9,,2026-01-30 01:11:38 UTC,1.0
2026-01-21 00:00:00+00:00,ADBE,-0.6321394225426318,-1.289346155706799,normal,0.9,0.9,,2026-01-30 01:11:38 UTC,1.0
2026-01-21 00:00:00+00:00,ADI,0.38577684479549346,0.842635814584213,normal,0.9,0.9,,2026-01-30 01:11:38 UTC,1.0
2026-01-21 00:00:00+00:00,ADM,0.3587468941027055,0.6535039833787201,normal,0.9,0.9,,2026-01-30 01:11:38 UTC,1.0
2026-01-21 00:00:00+00:00,ADP,-0.023471663615396633,-0.4100583202055476,normal,0.9,0.9,,2026-01-30 01:11:38 UTC,1.0
2026-01-21 00:00:00+00:00,ADSK,-0.5556187622947157,-1.2216467966883555,normal,0.9,0.9,,2026-01-30 01:11:38 UTC,1.0
2026-01-21 00:00:00+00:00,AEE,0.0020593294297045293,0.1367226580795643,normal,0.9,0.9,,2026-01-30 01:11:38 UTC,1.0
2026-01-21 00:00:00+00:00,AEP,0.0048824632935859065,0.2805252396906011,normal,0.9,0.9,,2026-01-30 01:11:38 UTC,1.0
2026-01-21 00:00:00+00:00,AES,-0.11389347326658225,-0.2140250088474467,normal,0.9,0.9,,2026-01-30 01:11:38 UTC,1.0
2026-01-21 00:00:00+00:00,AFL,-0.0005491826812404652,-0.0131594600185524,normal,0.9,0.9,,2026-01-30 01:11:38 UTC,1.0
2026-01-21 00:00:00+00:00,AIG,-0.22010210095297522,-1.0115557152995462,normal,0.9,0.9,,2026-01-30 01:11:38 UTC,1.0
2026-01-21 00:00:00+00:00,AIZ,0.0028549087610272327,0.1136617515886154,normal,0.9,0.9,,2026-01-30 01:11:38 UTC,1.0
2026-01-21 00:00:00+00:00,AJG,-0.10086519817525891,-0.4324525207273424,normal,0.9,0.9,,2026-01-30 01:11:38 UTC,1.0
2026-01-21 00:00:00+00:00,AKAM,0.07401378679491044,0.1327219244748371,normal,0.9,0.9,,2026-01-30 01:11:38 UTC,1.0
2026-01-21 00:00:00+00:00,ALB,0.18242983543619573,2.588249415311061,normal,0.9,0.9,,2026-01-30 01:11:38 UTC,1.0
2026-01-21 00:00:00+00:00,ALGN,0.08382250861907921,0.1406330344730816,normal,0.9,0.9,,2026-01-30 01:11:38 UTC,1.0
2026-01-21 00:00:00+00:00,ALL,-0.11733825654651431,-0.4257049855561572,normal,0.9,0.9,,2026-01-30 01:11:38 UTC,1.0
2026-01-21 00:00:00+00:00,ALLE,-0.00530590650047012,-0.0444510013307294,normal,0.9,0.9,,2026-01-30 01:11:38 UTC,1.0
2026-01-21 00:00:00+00:00,AMAT,0.16582889855164887,1.8595516954079787,normal,0.9,0.9,,2026-01-30 01:11:38 UTC,1.0
2026-01-21 00:00:00+00:00,AMCR,-0.05398504525450943,-0.3745665575590608,normal,0.9,0.9,,2026-01-30 01:11:38 UTC,1.0
2026-01-21 00:00:00+00:00,AMD,0.047225285990223256,0.5226269885362241,normal,0.9,0.9,,2026-01-30 01:11:38 UTC,1.0
2026-01-21 00:00:00+00:00,AME,0.015677678284013417,0.3900124702850656,normal,0.9,0.9,,2026-01-30 01:11:38 UTC,1.0
2026-01-21 00:00:00+00:00,AMGN,0.09775390068363984,0.226784144749259,normal,0.9,0.9,,2026-01-30 01:11:38 UTC,1.0
2026-01-21 00:00:00+00:00,AMP,-0.037516340449968044,-0.242102013293047,normal,0.9,0.9,,2026-01-30 01:11:38 UTC,1.0
2026-01-21 00:00:00+00:00,AMT,-0.03363763948448984,-0.2381552263046949,normal,0.9,0.9,,2026-01-30 01:11:38 UTC,1.0
2026-01-21 00:00:00+00:00,AMZN,0.00138105200196081,0.0012700367701166,normal,0.9,0.9,,2026-01-30 01:11:38 UTC,1.0
2026-01-21 00:00:00+00:00,ANET,-0.047878809969109475,-0.5720328818080719,normal,0.9,0.9,,2026-01-30 01:11:38 UTC,1.0
2026-01-21 00:00:00+00:00,AON,-0.012343583870146405,-0.269890759266777,normal,0.9,0.9,,2026-01-30 01:11:38 UTC,1.0
2026-01-21 00:00:00+00:00,AOS,-0.00468289886143527,-0.032457623265708,normal,0.9,0.9,,2026-01-30 01:11:38 UTC,1.0
2026-01-21 00:00:00+00:00,APA,0.008750441182966917,0.1156675395679282,normal,0.9,0.9,,2026-01-30 01:11:38 UTC,1.0
2026-01-21 00:00:00+00:00,APD,0.006037721961889526,0.0189072453467002,normal,0.9,0.9,,2026-01-30 01:11:38 UTC,1.0
2026-01-21 00:00:00+00:00,APH,0.15469656649770613,1.0882065195515838,normal,0.9,0.9,,2026-01-30 01:11:38 UTC,1.0
2026-01-21 00:00:00+00:00,APO,-0.16184305512346997,-0.3271998678881031,normal,0.9,0.9,,2026-01-30 01:11:38 UTC,1.0
2026-01-21 00:00:00+00:00,APP,-0.03364659206973964,-0.7248944062484711,normal,0.9,0.9,,2026-01-30 01:11:38 UTC,1.0
2026-01-21 00:00:00+00:00,APTV,-0.10263189554518766,-0.3225977657736273,normal,0.9,0.9,,2026-01-30 01:11:38 UTC,1.0
2026-01-21 00:00:00+00:00,ARE,-0.0168873640494346,-0.0794834836981767,normal,0.9,0.9,,2026-01-30 01:11:38 UTC,1.0
2026-01-21 00:00:00+00:00,ARM,-0.20835378164341245,-1.2394808962107728,normal,0.9,0.9,,2026-01-30 01:11:38 UTC,1.0
2026-01-21 00:00:00+00:00,ASML,0.13118852807353107,1.897969375239361,normal,0.9,0.9,,2026-01-30 01:11:38 UTC,1.0
2026-01-21 00:00:00+00:00,ATO,-9.269790394869267e-05,-0.0079278515033777,normal,0.9,0.9,,2026-01-30 01:11:38 UTC,1.0
2026-01-21 00:00:00+00:00,AVB,-0.050068481646588545,-0.3934916097400941,normal,0.9,0.9,,2026-01-30 01:11:38 UTC,1.0
2026-01-21 00:00:00+00:00,AVGO,-0.00983081535238375,-0.1455569242527191,normal,0.9,0.9,,2026-01-30 01:11:38 UTC,1.0
2026-01-21 00:00:00+00:00,AVY,-0.005600989782589389,-0.0989211574048052,normal,0.9,0.9,,2026-01-30 01:11:38 UTC,1.0
2026-01-21 00:00:00+00:00,AWK,-0.014377876309325004,-0.2369150377581378,normal,0.9,0.9,,2026-01-30 01:11:38 UTC,1.0
2026-01-21 00:00:00+00:00,AXON,-0.05309985384930734,-0.4549635962892777,normal,0.9,0.9,,2026-01-30 01:11:38 UTC,1.0
2026-01-21 00:00:00+00:00,AXP,-0.07134998798918427,-0.2926142783768598,normal,0.9,0.9,,2026-01-30 01:11:38 UTC,1.0
2026-01-21 00:00:00+00:00,AZN,0.01887379653453106,0.1340200107156304,normal,0.9,0.9,,2026-01-30 01:11:38 UTC,1.0
2026-01-21 00:00:00+00:00,AZO,-0.0689112155632548,-0.1360043286313904,normal,0.9,0.9,,2026-01-30 01:11:38 UTC,1.0
2026-01-21 00:00:00+00:00,BA,0.4612260640780184,0.8480193242546445,normal,0.9,0.9,,2026-01-30 01:11:38 UTC,1.0
2026-01-21 00:00:00+00:00,BAC,-0.01577263304896757,-0.2046657568450121,normal,0.9,0.9,,2026-01-30 01:11:38 UTC,1.0
2026-01-21 00:00:00+00:00,BALL,0.019103195625201456,0.2330945737614426,normal,0.9,0.9,,2026-01-30 01:11:38 UTC,1.0
2026-01-21 00:00:00+00:00,BAX,-0.3802879491077443,-0.7605363412566464,normal,0.9,0.9,,2026-01-30 01:11:38 UTC,1.0
2026-01-21 00:00:00+00:00,BBY,-0.21503966864564875,-0.8501454534843761,normal,0.9,0.9,,2026-01-30 01:11:38 UTC,1.0
2026-01-21 00:00:00+00:00,BDX,0.05056554263665506,0.2094017099342277,normal,0.9,0.9,,2026-01-30 01:11:38 UTC,1.0
2026-01-21 00:00:00+00:00,BEN,0.03098256327700567,0.1754618582811347,normal,0.9,0.9,,2026-01-30 01:11:38 UTC,1.0
2026-01-21 00:00:00+00:00,BF-B,-0.05280838371601172,-0.3130458643350107,normal,0.9,0.9,,2026-01-30 01:11:38 UTC,1.0
2026-01-21 00:00:00+00:00,BG,0.6138938560785056,1.333615519715152,normal,0.9,0.9,,2026-01-30 01:11:38 UTC,1.0
2026-01-21 00:00:00+00:00,BIIB,-0.015977089825463177,-0.0354955285881623,normal,0.9,0.9,,2026-01-30 01:11:38 UTC,1.0
2026-01-21 00:00:00+00:00,BK,0.03770709761707046,0.4542567126618735,normal,0.9,0.9,,2026-01-30 01:11:38 UTC,1.0
2026-01-21 00:00:00+00:00,BKNG,-0.033212473758605594,-0.3949936050734753,normal,0.9,0.9,,2026-01-30 01:11:38 UTC,1.0
2026-01-21 00:00:00+00:00,BKR,0.13745963527898442,0.5298604387865311,normal,0.9,0.9,,2026-01-30 01:11:38 UTC,1.0
2026-01-21 00:00:00+00:00,BLDR,0.0035784599842567017,0.0660023889516571,normal,0.9,0.9,,2026-01-30 01:11:38 UTC,1.0
2026-01-21 00:00:00+00:00,BLK,-0.06104031213385122,-0.1245762360536449,normal,0.9,0.9,,2026-01-30 01:11:38 UTC,1.0
2026-01-21 00:00:00+00:00,BMY,0.23767850180083624,0.4358773096577857,normal,0.9,0.9,,2026-01-30 01:11:38 UTC,1.0
2026-01-21 00:00:00+00:00,BR,-0.01609207726184929,-0.7188620479069417,normal,0.9,0.9,,2026-01-30 01:11:38 UTC,1.0
2026-01-21 00:00:00+00:00,BRK-B,-0.0006975486246341988,-0.0432892825429461,normal,0.9,0.9,,2026-01-30 01:11:38 UTC,1.0
2026-01-21 00:00:00+00:00,BRO,-0.12146613631729251,-0.5078098897890788,normal,0.9,0.9,,2026-01-30 01:11:38 UTC,1.0
2026-01-21 00:00:00+00:00,BSX,-0.06704704862331384,-0.5778361808874384,normal,0.9,0.9,,2026-01-30 01:11:38 UTC,1.0
2026-01-21 00:00:00+00:00,BX,-0.17214220224164287,-0.3784850203591248,normal,0.9,0.9,,2026-01-30 01:11:38 UTC,1.0
2026-01-21 00:00:00+00:00,BXP,-0.08525653427362383,-0.5617718069412472,normal,0.9,0.9,,2026-01-30 01:11:38 UTC,1.0
2026-01-21 00:00:00+00:00,C,0.0718413893023067,0.1284950592120176,normal,0.9,0.9,,2026-01-30 01:11:38 UTC,1.0
2026-01-21 00:00:00+00:00,CAG,-0.22139549959279814,-0.4052237320145716,normal,0.9,0.9,,2026-01-30 01:11:38 UTC,1.0
2026-01-21 00:00:00+00:00,CAH,0.032083505660719824,0.8515002525353247,normal,0.9,0.9,,2026-01-30 01:11:38 UTC,1.0
2026-01-21 00:00:00+00:00,CARR,-0.06576638378230702,-0.2532434581180102,normal,0.9,0.9,,2026-01-30 01:11:38 UTC,1.0
2026-01-21 00:00:00+00:00,CAT,0.17578428850225497,1.0120314881859207,normal,0.9,0.9,,2026-01-30 01:11:38 UTC,1.0
2026-01-21 00:00:00+00:00,CB,0.000489382604047399,-0.004706120883069,normal,0.9,0.9,,2026-01-30 01:11:38 UTC,1.0
2026-01-21 00:00:00+00:00,CBOE,0.04340508239975631,0.518691919436411,normal,0.9,0.9,,2026-01-30 01:11:38 UTC,1.0
2026-01-21 00:00:00+00:00,CBRE,-0.005467020595486007,-0.060763384665895,normal,0.9,0.9,,2026-01-30 01:11:38 UTC,1.0
2026-01-21 00:00:00+00:00,CCEP,-0.01143372279744925,-0.2135074436468415,normal,0.9,0.9,,2026-01-30 01:11:38 UTC,1.0
2026-01-21 00:00:00+00:00,CCI,-0.042125985920164664,-0.5011108589367833,normal,0.9,0.9,,2026-01-30 01:11:38 UTC,1.0
2026-01-21 00:00:00+00:00,CCL,-0.05296634739524333,-0.682175965444085,normal,0.9,0.9,,2026-01-30 01:11:38 UTC,1.0
2026-01-21 00:00:00+00:00,CDNS,-0.3035991811174801,-0.6027260324734802,normal,0.9,0.9,,2026-01-30 01:11:38 UTC,1.0
2026-01-21 00:00:00+00:00,CDW,-0.2597392893672407,-1.213600946022068,normal,0.9,0.9,,2026-01-30 01:11:38 UTC,1.0
2026-01-21 00:00:00+00:00,CEG,-0.07252263323541916,-1.501932716215987,normal,0.9,0.9,,2026-01-30 01:11:38 UTC,1.0
2026-01-21 00:00:00+00:00,CF,0.12102691808235193,0.2345553679007875,normal,0.9,0.9,,2026-01-30 01:11:38 UTC,1.0
2026-01-21 00:00:00+00:00,CFG,0.053606965017211065,0.4258367594342491,normal,0.9,0.9,,2026-01-30 01:11:38 UTC,1.0
2026-01-21 00:00:00+00:00,CHD,0.04023226367009267,0.2359928921340836,normal,0.9,0.9,,2026-01-30 01:11:38 UTC,1.0
2026-01-21 00:00:00+00:00,CHRW,0.32353709764018157,1.513264312709153,normal,0.9,0.9,,2026-01-30 01:11:38 UTC,1.0
2026-01-21 00:00:00+00:00,CHTR,-0.5936844031566297,-1.329613466667365,normal,0.9,0.9,,2026-01-30 01:11:38 UTC,1.0
2026-01-21 00:00:00+00:00,CI,-0.03406190915576503,-0.3724443447535286,normal,0.9,0.9,,2026-01-30 01:11:38 UTC,1.0
2026-01-21 00:00:00+00:00,CINF,-0.0011578930019055561,-0.0858725274344803,normal,0.9,0.9,,2026-01-30 01:11:38 UTC,1.0
2026-01-21 00:00:00+00:00,CL,0.06088727636797291,0.29128498582537,normal,0.9,0.9,,2026-01-30 01:11:38 UTC,1.0
2026-01-21 00:00:00+00:00,CLX,0.017718265730741235,0.1223907558272116,normal,0.9,0.9,,2026-01-30 01:11:38 UTC,1.0
2026-01-21 00:00:00+00:00,CMCSA,0.02570866088318233,0.0544034153618097,normal,0.9,0.9,,2026-01-30 01:11:38 UTC,1.0
2026-01-21 00:00:00+00:00,CME,0.012978651718700739,0.0871394640343905,normal,0.9,0.9,,2026-01-30 01:11:38 UTC,1.0
2026-01-21 00:00:00+00:00,CMG,-0.09319925836205063,-0.2533578919609266,normal,0.9,0.9,,2026-01-30 01:11:38 UTC,1.0
2026-01-21 00:00:00+00:00,CMI,0.7367001897959651,1.3380408803215724,normal,0.9,0.9,,2026-01-30 01:11:38 UTC,1.0
2026-01-21 00:00:00+00:00,CMS,-0.0006042090267508416,-0.0384957815683039,normal,0.9,0.9,,2026-01-30 01:11:38 UTC,1.0
2026-01-21 00:00:00+00:00,CNC,0.2992716982620785,1.339651283565208,normal,0.9,0.9,,2026-01-30 01:11:38 UTC,1.0
2026-01-21 00:00:00+00:00,CNP,0.0026714277133603518,0.1223254793036347,normal,0.9,0.9,,2026-01-30 01:11:38 UTC,1.0
2026-01-21 00:00:00+00:00,COF,-0.17084832735783204,-0.3511900027963467,normal,0.9,0.9,,2026-01-30 01:11:38 UTC,1.0
2026-01-21 00:00:00+00:00,COIN,-0.09484505233289314,-1.4530430434523254,normal,0.9,0.9,,2026-01-30 01:11:38 UTC,1.0
2026-01-21 00:00:00+00:00,COO,-0.006773988850463732,-0.0376259487335661,normal,0.9,0.9,,2026-01-30 01:11:38 UTC,1.0
2026-01-21 00:00:00+00:00,COP,0.005227283887033213,0.0290869399141477,normal,0.9,0.9,,2026-01-30 01:11:38 UTC,1.0
2026-01-21 00:00:00+00:00,COR,0.016331062177825463,0.358643886301342,normal,0.9,0.9,,2026-01-30 01:11:38 UTC,1.0
2026-01-21 00:00:00+00:00,COST,0.06730113415139795,0.521689180649521,normal,0.9,0.9,,2026-01-30 01:11:38 UTC,1.0
2026-01-21 00:00:00+00:00,CPAY,-0.16225495054975758,-0.2979440481800672,normal,0.9,0.9,,2026-01-30 01:11:38 UTC,1.0
2026-01-21 00:00:00+00:00,CPB,-0.3971857556362825,-0.7206112266686304,normal,0.9,0.9,,2026-01-30 01:11:38 UTC,1.0
2026-01-21 00:00:00+00:00,CPRT,-0.03465004259258772,-0.3188893393321012,normal,0.9,0.9,,2026-01-30 01:11:38 UTC,1.0
2026-01-21 00:00:00+00:00,CPT,-0.010846261330912455,-0.1887082978555635,normal,0.9,0.9,,2026-01-30 01:11:38 UTC,1.0
2026-01-21 00:00:00+00:00,CRL,0.22939346940850514,0.4762445242169442,normal,0.9,0.9,,2026-01-30 01:11:38 UTC,1.0
2026-01-21 00:00:00+00:00,CRM,-0.36231130284895946,-1.1993862614436517,normal,0.9,0.9,,2026-01-30 01:11:38 UTC,1.0
2026-01-21 00:00:00+00:00,CRWD,-0.27659746089417636,-0.6728901514982367,normal,0.9,0.9,,2026-01-30 01:11:38 UTC,1.0
2026-01-21 00:00:00+00:00,CSCO,-0.0003117318283281113,-0.0084418175496513,normal,0.9,0.9,,2026-01-30 01:11:38 UTC,1.0
2026-01-21 00:00:00+00:00,CSGP,-0.10136870586549886,-1.081662025671665,normal,0.9,0.9,,2026-01-30 01:11:38 UTC,1.0
2026-01-21 00:00:00+00:00,CSX,-0.0030414740866305796,-0.1619254970841761,normal,0.9,0.9,,2026-01-30 01:11:38 UTC,1.0
2026-01-21 00:00:00+00:00,CTAS,-0.0033688440827594267,-0.068035850193486,normal,0.9,0.9,,2026-01-30 01:11:38 UTC,1.0
2026-01-21 00:00:00+00:00,CTRA,0.0673404058114493,0.1335472918987732,normal,0.9,0.9,,2026-01-30 01:11:38 UTC,1.0
2026-01-21 00:00:00+00:00,CTSH,0.02029886914842525,0.1374627827807089,normal,0.9,0.9,,2026-01-30 01:11:38 UTC,1.0
2026-01-21 00:00:00+00:00,CTVA,0.0032829208580405357,0.0697908356923855,normal,0.9,0.9,,2026-01-30 01:11:38 UTC,1.0
2026-01-21 00:00:00+00:00,CVS,0.02958786445638421,0.336807822117947,normal,0.9,0.9,,2026-01-30 01:11:38 UTC,1.0
2026-01-21 00:00:00+00:00,CVX,0.22849030370961337,0.4294695543690014,normal,0.9,0.9,,2026-01-30 01:11:38 UTC,1.0
2026-01-21 00:00:00+00:00,D,0.058475719792680396,0.1916124657564471,normal,0.9,0.9,,2026-01-30 01:11:38 UTC,1.0
2026-01-21 00:00:00+00:00,DAL,-0.008989277549277747,-0.0140632457214955,normal,0.9,0.9,,2026-01-30 01:11:38 UTC,1.0
2026-01-21 00:00:00+00:00,DASH,-0.20603667532428263,-0.9797971050027576,normal,0.9,0.9,,2026-01-30 01:11:38 UTC,1.0
2026-01-21 00:00:00+00:00,DAY,1.000210274362446e-05,0.1326029679829155,normal,0.9,0.9,,2026-01-30 01:11:38 UTC,1.0
2026-01-21 00:00:00+00:00,DD,0.07647528439164539,0.698271121791073,normal,0.9,0.9,,2026-01-30 01:11:38 UTC,1.0
2026-01-21 00:00:00+00:00,DDOG,-0.34600634902783833,-1.4922687201565976,normal,0.9,0.9,,2026-01-30 01:11:38 UTC,1.0
2026-01-21 00:00:00+00:00,DE,0.16022991605236123,0.3065004429746334,normal,0.9,0.9,,2026-01-30 01:11:38 UTC,1.0
2026-01-21 00:00:00+00:00,DECK,-0.09597441075672834,-0.3638156393036382,normal,0.9,0.9,,2026-01-30 01:11:38 UTC,1.0
2026-01-21 00:00:00+00:00,DELL,-0.153253617535861,-1.2064262383129838,normal,0.9,0.9,,2026-01-30 01:11:38 UTC,1.0
2026-01-21 00:00:00+00:00,DG,0.1390443345782227,1.419473668480925,normal,0.9,0.9,,2026-01-30 01:11:38 UTC,1.0
2026-01-21 00:00:00+00:00,DGX,0.06115766664256319,0.3281875186716808,normal,0.9,0.9,,2026-01-30 01:11:38 UTC,1.0
2026-01-21 00:00:00+00:00,DHI,-0.010253174062053375,-0.0396078044496364,normal,0.9,0.9,,2026-01-30 01:11:38 UTC,1.0
2026-01-21 00:00:00+00:00,DHR,0.01722498659613303,0.2368608881328063,normal,0.9,0.9,,2026-01-30 01:11:38 UTC,1.0
2026-01-21 00:00:00+00:00,DIS,-0.02151958066489793,-0.2263280005666496,normal,0.9,0.9,,2026-01-30 01:11:38 UTC,1.0
2026-01-21 00:00:00+00:00,DLR,-0.06333223894243238,-0.2288410929125192,normal,0.9,0.9,,2026-01-30 01:11:38 UTC,1.0
2026-01-21 00:00:00+00:00,DLTR,0.1421502970713141,1.1236208706159314,normal,0.9,0.9,,2026-01-30 01:11:38 UTC,1.0
2026-01-21 00:00:00+00:00,DOC,0.04200251743038426,0.3347563436137907,normal,0.9,0.9,,2026-01-30 01:11:38 UTC,1.0
2026-01-21 00:00:00+00:00,DOV,0.0330508807309267,0.1798716082927962,normal,0.9,0.9,,2026-01-30 01:11:38 UTC,1.0
2026-01-21 00:00:00+00:00,DOW,0.06453205546694321,0.421150508546928,normal,0.9,0.9,,2026-01-30 01:11:38 UTC,1.0
2026-01-21 00:00:00+00:00,DPZ,-0.17361819954386237,-0.7265226616780832,normal,0.9,0.9,,2026-01-30 01:11:38 UTC,1.0
2026-01-21 00:00:00+00:00,DRI,0.29511162055079065,0.5365376353618376,normal,0.9,0.9,,2026-01-30 01:11:38 UTC,1.0
2026-01-21 00:00:00+00:00,DTE,0.0016835299055454097,0.1230345975694631,normal,0.9,0.9,,2026-01-30 01:11:38 UTC,1.0
2026-01-21 00:00:00+00:00,DUK,0.0003430446183248085,0.02898160809878,normal,0.9,0.9,,2026-01-30 01:11:38 UTC,1.0
2026-01-21 00:00:00+00:00,DVA,-0.2055998661799696,-1.2025929102774378,normal,0.9,0.9,,2026-01-30 01:11:38 UTC,1.0
2026-01-21 00:00:00+00:00,DVN,-0.005507442879453456,-0.0585845851358799,normal,0.9,0.9,,2026-01-30 01:11:38 UTC,1.0
2026-01-21 00:00:00+00:00,DXCM,-0.09172728887341036,-0.1798996900684951,normal,0.9,0.9,,2026-01-30 01:11:38 UTC,1.0
2026-01-21 00:00:00+00:00,EA,6.955381109734377e-05,0.5253830616953589,normal,0.9,0.9,,2026-01-30 01:11:38 UTC,1.0
2026-01-21 00:00:00+00:00,EBAY,0.11393830275457868,0.2203350702564087,normal,0.9,0.9,,2026-01-30 01:11:38 UTC,1.0
2026-01-21 00:00:00+00:00,ECL,0.0025887986023348693,0.0695774394264312,normal,0.9,0.9,,2026-01-30 01:11:38 UTC,1.0
2026-01-21 00:00:00+00:00,ED,0.009119610697744016,0.3071899082715131,normal,0.9,0.9,,2026-01-30 01:11:38 UTC,1.0
2026-01-21 00:00:00+00:00,EFX,-0.42600520875962666,-0.7726402908265766,normal,0.9,0.9,,2026-01-30 01:11:38 UTC,1.0
2026-01-21 00:00:00+00:00,EG,-0.05333687391298183,-0.5660569378089169,normal,0.9,0.9,,2026-01-30 01:11:38 UTC,1.0
2026-01-21 00:00:00+00:00,EIX,0.0378835755527751,0.1278466279053155,normal,0.9,0.9,,2026-01-30 01:11:38 UTC,1.0
2026-01-21 00:00:00+00:00,EL,0.14508716556770423,0.5305672384665516,normal,0.9,0.9,,2026-01-30 01:11:38 UTC,1.0
2026-01-21 00:00:00+00:00,ELV,0.23629694921552025,0.4321469702717362,normal,0.9,0.9,,2026-01-30 01:11:38 UTC,1.0
2026-01-21 00:00:00+00:00,EME,0.03662543115570237,0.1702771885856539,normal,0.9,0.9,,2026-01-30 01:11:38 UTC,1.0
2026-01-21 00:00:00+00:00,EMR,0.14464219731758032,0.2559159980860221,normal,0.9,0.9,,2026-01-30 01:11:38 UTC,1.0
2026-01-21 00:00:00+00:00,EOG,-0.0742099934620768,-0.1517257388706659,normal,0.9,0.9,,2026-01-30 01:11:38 UTC,1.0
2026-01-21 00:00:00+00:00,EPAM,0.0541475957735295,0.2176814409242076,normal,0.9,0.9,,2026-01-30 01:11:38 UTC,1.0
2026-01-21 00:00:00+00:00,EQIX,-0.012944808231606438,-0.1517225819654716,normal,0.9,0.9,,2026-01-30 01:11:38 UTC,1.0
2026-01-21 00:00:00+00:00,EQR,-0.03970447129771104,-0.3669272740769884,normal,0.9,0.9,,2026-01-30 01:11:38 UTC,1.0
2026-01-21 00:00:00+00:00,EQT,-0.1964619669347034,-0.4036970469496413,normal,0.9,0.9,,2026-01-30 01:11:38 UTC,1.0
2026-01-21 00:00:00+00:00,ERIE,-0.22156739627258656,-0.5376615007102417,normal,0.9,0.9,,2026-01-30 01:11:38 UTC,1.0
2026-01-21 00:00:00+00:00,ES,0.01130717805567547,0.1508744230999871,normal,0.9,0.9,,2026-01-30 01:11:38 UTC,1.0
2026-01-21 00:00:00+00:00,ESS,-0.04335092340876054,-0.2968643533947842,normal,0.9,0.9,,2026-01-30 01:11:38 UTC,1.0
2026-01-21 00:00:00+00:00,ETN,-0.06593861192092886,-0.2098942605226244,normal,0.9,0.9,,2026-01-30 01:11:38 UTC,1.0
2026-01-21 00:00:00+00:00,ETR,0.0018314128492679172,0.0551130053935332,normal,0.9,0.9,,2026-01-30 01:11:38 UTC,1.0
2026-01-21 00:00:00+00:00,EVRG,0.001673456280527407,0.1976407266556829,normal,0.9,0.9,,2026-01-30 01:11:38 UTC,1.0
2026-01-21 00:00:00+00:00,EW,0.00010008927186753662,-0.0008305164744282,normal,0.9,0.9,,2026-01-30 01:11:38 UTC,1.0
2026-01-21 00:00:00+00:00,EXC,0.0005777985729673457,0.0355541693792485,normal,0.9,0.9,,2026-01-30 01:11:38 UTC,1.0
2026-01-21 00:00:00+00:00,EXE,-0.08698648797653499,-0.3052708367708677,normal,0.9,0.9,,2026-01-30 01:11:38 UTC,1.0
2026-01-21 00:00:00+00:00,EXPD,0.051391978501648374,1.0332082866475003,normal,0.9,0.9,,2026-01-30 01:11:38 UTC,1.0
2026-01-21 00:00:00+00:00,EXPE,0.21142636980592688,0.4844039444501087,normal,0.9,0.9,,2026-01-30 01:11:38 UTC,1.0
2026-01-21 00:00:00+00:00,EXR,0.03986630024765164,0.2413828176297755,normal,0.9,0.9,,2026-01-30 01:11:38 UTC,1.0
2026-01-21 00:00:00+00:00,F,0.03149395433275114,0.0905498241382108,normal,0.9,0.9,,2026-01-30 01:11:38 UTC,1.0
2026-01-21 00:00:00+00:00,FANG,-0.038276268472385286,-0.2146977090300259,normal,0.9,0.9,,2026-01-30 01:11:38 UTC,1.0
2026-01-21 00:00:00+00:00,FAST,-0.010146131178070646,-0.0595640073042849,normal,0.9,0.9,,2026-01-30 01:11:38 UTC,1.0
2026-01-21 00:00:00+00:00,FCX,0.28057932010573544,1.5547860887227771,normal,0.9,0.9,,2026-01-30 01:11:38 UTC,1.0
2026-01-21 00:00:00+00:00,FDS,-0.09852043266766336,-0.71981344285316,normal,0.9,0.9,,2026-01-30 01:11:38 UTC,1.0
2026-01-21 00:00:00+00:00,FDX,0.05668042585841244,0.6628598803235708,normal,0.9,0.9,,2026-01-30 01:11:38 UTC,1.0
2026-01-21 00:00:00+00:00,FE,0.0035002927467790443,0.3463896266548676,normal,0.9,0.9,,2026-01-30 01:11:38 UTC,1.0
2026-01-21 00:00:00+00:00,FFIV,-0.31369843979109996,-0.5821445977431929,normal,0.9,0.9,,2026-01-30 01:11:38 UTC,1.0
2026-01-21 00:00:00+00:00,FICO,-0.3297165050743367,-0.9345220596148458,normal,0.9,0.9,,2026-01-30 01:11:38 UTC,1.0
2026-01-21 00:00:00+00:00,FIS,-0.038504383072932094,-0.9564545218259768,normal,0.9,0.9,,2026-01-30 01:11:38 UTC,1.0
2026-01-21 00:00:00+00:00,FISV,-0.48482398202880633,-1.647802612650791,normal,0.9,0.9,,2026-01-30 01:11:38 UTC,1.0
2026-01-21 00:00:00+00:00,FITB,0.13676647352324597,0.5972234589822767,normal,0.9,0.9,,2026-01-30 01:11:38 UTC,1.0
2026-01-21 00:00:00+00:00,FOX,0.015752972270964047,0.5361358544459516,normal,0.9,0.9,,2026-01-30 01:11:38 UTC,1.0
2026-01-21 00:00:00+00:00,FOXA,0.033862615018145886,0.4393517838116736,normal,0.9,0.9,,2026-01-30 01:11:38 UTC,1.0
2026-01-21 00:00:00+00:00,FRT,0.0017290448717153198,0.0660435809274228,normal,0.9,0.9,,2026-01-30 01:11:38 UTC,1.0
2026-01-21 00:00:00+00:00,FSLR,-0.016944692737716805,-0.3786111666694953,normal,0.9,0.9,,2026-01-30 01:11:38 UTC,1.0
2026-01-21 00:00:00+00:00,FTNT,-0.410585348029721,-0.7883751738415153,normal,0.9,0.9,,2026-01-30 01:11:38 UTC,1.0
2026-01-21 00:00:00+00:00,FTV,-0.060787694230667544,-0.3184698636048397,normal,0.9,0.9,,2026-01-30 01:11:38 UTC,1.0
2026-01-21 00:00:00+00:00,GD,0.0916068933551304,0.275405930371129,normal,0.9,0.9,,2026-01-30 01:11:38 UTC,1.0
2026-01-21 00:00:00+00:00,GDDY,-0.2460950704799694,-1.5639556600436335,normal,0.9,0.9,,2026-01-30 01:11:38 UTC,1.0
2026-01-21 00:00:00+00:00,GE,0.055082414227306746,0.1512276066615839,normal,0.9,0.9,,2026-01-30 01:11:38 UTC,1.0
2026-01-21 00:00:00+00:00,GEHC,-0.2073144373283433,-0.3812152670975858,normal,0.9,0.9,,2026-01-30 01:11:38 UTC,1.0
2026-01-21 00:00:00+00:00,GEN,-0.11274748453229547,-0.7594447051417104,normal,0.9,0.9,,2026-01-30 01:11:38 UTC,1.0
2026-01-21 00:00:00+00:00,GEV,0.01948431556876113,0.4909250036393839,normal,0.9,0.9,,2026-01-30 01:11:38 UTC,1.0
2026-01-21 00:00:00+00:00,GFS,0.09320462165092142,0.9001572732742908,normal,0.9,0.9,,2026-01-30 01:11:38 UTC,1.0
2026-01-21 00:00:00+00:00,GILD,0.019663333222100215,0.031479181829116,normal,0.9,0.9,,2026-01-30 01:11:38 UTC,1.0
2026-01-21 00:00:00+00:00,GIS,-0.22629081906743836,-0.5145611892380874,normal,0.9,0.9,,2026-01-30 01:11:38 UTC,1.0
2026-01-21 00:00:00+00:00,GL,-0.013151865855762444,-0.2493407093976877,normal,0.9,0.9,,2026-01-30 01:11:38 UTC,1.0
2026-01-21 00:00:00+00:00,GLW,0.07852924500823151,0.5979803226865293,normal,0.9,0.9,,2026-01-30 01:11:38 UTC,1.0
2026-01-21 00:00:00+00:00,GM,0.13880923332724765,0.3492886167600874,normal,0.9,0.9,,2026-01-30 01:11:38 UTC,1.0
2026-01-21 00:00:00+00:00,GNRC,0.007361997617801367,0.1153116134094979,normal,0.9,0.9,,2026-01-30 01:11:38 UTC,1.0
2026-01-21 00:00:00+00:00,GOOG,0.15602883018994423,1.1201275224683502,normal,0.9,0.9,,2026-01-30 01:11:38 UTC,1.0
2026-01-21 00:00:00+00:00,GOOGL,0.16144183893294706,1.1600759003393526,normal,0.9,0.9,,2026-01-30 01:11:38 UTC,1.0
2026-01-21 00:00:00+00:00,GPC,0.028377368191583735,0.1009523735054425,normal,0.9,0.9,,2026-01-30 01:11:38 UTC,1.0
2026-01-21 00:00:00+00:00,GPN,-0.4115679103963269,-1.0007739262274231,normal,0.9,0.9,,2026-01-30 01:11:38 UTC,1.0
2026-01-21 00:00:00+00:00,GRMN,-0.13932330965606501,-0.6630257617686665,normal,0.9,0.9,,2026-01-30 01:11:38 UTC,1.0
2026-01-21 00:00:00+00:00,GS,0.3893973445837079,0.7189649189243554,normal,0.9,0.9,,2026-01-30 01:11:38 UTC,1.0
2026-01-21 00:00:00+00:00,GWW,-0.0013657204665738852,-0.015905561598072,normal,0.9,0.9,,2026-01-30 01:11:38 UTC,1.0
2026-01-21 00:00:00+00:00,HAL,0.09078472377585475,0.8891090685367555,normal,0.9,0.9,,2026-01-30 01:11:38 UTC,1.0
2026-01-21 00:00:00+00:00,HAS,0.12326882272366149,0.4184924838619417,normal,0.9,0.9,,2026-01-30 01:11:38 UTC,1.0
2026-01-21 00:00:00+00:00,HBAN,0.036502586899993486,0.2465008276787873,normal,0.9,0.9,,2026-01-30 01:11:38 UTC,1.0
2026-01-21 00:00:00+00:00,HCA,0.06527238357439541,0.2285187951212089,normal,0.9,0.9,,2026-01-30 01:11:38 UTC,1.0
2026-01-21 00:00:00+00:00,HD,0.04154260218917432,0.208728806535282,normal,0.9,0.9,,2026-01-30 01:11:38 UTC,1.0
2026-01-21 00:00:00+00:00,HIG,-0.010502311986384207,-0.2438895097005565,normal,0.9,0.9,,2026-01-30 01:11:38 UTC,1.0
2026-01-21 00:00:00+00:00,HII,0.20117492217435487,1.6983981451345556,normal,0.9,0.9,,2026-01-30 01:11:38 UTC,1.0
2026-01-21 00:00:00+00:00,HLT,0.020225295263911005,0.0750134901680845,normal,0.9,0.9,,2026-01-30 01:11:38 UTC,1.0
2026-01-21 00:00:00+00:00,HOLX,3.3416144167666154e-05,0.1476550513141599,normal,0.9,0.9,,2026-01-30 01:11:38 UTC,1.0
2026-01-21 00:00:00+00:00,HON,0.038105680814441434,0.4315127417590608,normal,0.9,0.9,,2026-01-30 01:11:38 UTC,1.0
2026-01-21 00:00:00+00:00,HOOD,-0.04468672890222516,-0.8255098862027198,normal,0.9,0.9,,2026-01-30 01:11:38 UTC,1.0
2026-01-21 00:00:00+00:00,HPE,-0.48318912419182203,-1.0093943333939206,normal,0.9,0.9,,2026-01-30 01:11:38 UTC,1.0
2026-01-21 00:00:00+00:00,HPQ,-0.513341490468842,-1.3653136913758197,normal,0.9,0.9,,2026-01-30 01:11:38 UTC,1.0
2026-01-21 00:00:00+00:00,HRL,-0.07477371443247016,-0.1879837886329949,normal,0.9,0.9,,2026-01-30 01:11:38 UTC,1.0
2026-01-21 00:00:00+00:00,HSIC,0.018086734673315442,0.2725176907981525,normal,0.9,0.9,,2026-01-30 01:11:38 UTC,1.0
2026-01-21 00:00:00+00:00,HST,0.10938579482975529,0.2241041771450836,normal,0.9,0.9,,2026-01-30 01:11:38 UTC,1.0
2026-01-21 00:00:00+00:00,HSY,0.1263974383431577,0.5492430053757988,normal,0.9,0.9,,2026-01-30 01:11:38 UTC,1.0
2026-01-21 00:00:00+00:00,HUBB,0.0855183032215586,0.1850885323248364,normal,0.9,0.9,,2026-01-30 01:11:38 UTC,1.0
2026-01-21 00:00:00+00:00,HUM,-0.01329521686827568,-0.0750903432470446,normal,0.9,0.9,,2026-01-30 01:11:38 UTC,1.0
2026-01-21 00:00:00+00:00,HWM,0.26370933985718975,0.5282348055276215,normal,0.9,0.9,,2026-01-30 01:11:38 UTC,1.0
2026-01-21 00:00:00+00:00,IBKR,0.05862601931330091,0.2742839053004683,normal,0.9,0.9,,2026-01-30 01:11:38 UTC,1.0
2026-01-21 00:00:00+00:00,IBM,-0.05068055719488787,-0.2718181031713799,normal,0.9,0.9,,2026-01-30 01:11:38 UTC,1.0
2026-01-21 00:00:00+00:00,ICE,0.015218208447008429,0.1696385042567592,normal,0.9,0.9,,2026-01-30 01:11:38 UTC,1.0
2026-01-21 00:00:00+00:00,IDXX,0.027446735192208218,0.2270271272875582,normal,0.9,0.9,,2026-01-30 01:11:38 UTC,1.0
2026-01-21 00:00:00+00:00,IEX,0.018910756705512104,0.3839657219079608,normal,0.9,0.9,,2026-01-30 01:11:38 UTC,1.0
2026-01-21 00:00:00+00:00,IFF,0.02556329283249862,0.1355435328859144,normal,0.9,0.9,,2026-01-30 01:11:38 UTC,1.0
2026-01-21 00:00:00+00:00,INCY,0.03721547548081672,0.3043786345007767,normal,0.9,0.9,,2026-01-30 01:11:38 UTC,1.0
2026-01-21 00:00:00+00:00,INTC,0.13594273084865524,2.661400103169312,normal,0.9,0.9,,2026-01-30 01:11:38 UTC,1.0
2026-01-21 00:00:00+00:00,INTU,-0.5730225413849314,-1.5988175937666804,normal,0.9,0.9,,2026-01-30 01:11:38 UTC,1.0
2026-01-21 00:00:00+00:00,INVH,-0.20392237945742636,-0.3843238522142843,normal,0.9,0.9,,2026-01-30 01:11:38 UTC,1.0
2026-01-21 00:00:00+00:00,IP,-0.15756429210819717,-0.5159919454742729,normal,0.9,0.9,,2026-01-30 01:11:38 UTC,1.0
2026-01-21 00:00:00+00:00,IPG,-0.0303762117598349,-0.0582687392072667,normal,0.9,0.9,0.9,2026-01-23 15:12:59 UTC,
2026-01-21 00:00:00+00:00,IQV,0.04382992112592122,0.2722117247872008,normal,0.9,0.9,,2026-01-30 01:11:38 UTC,1.0
2026-01-21 00:00:00+00:00,IR,0.029661255427118578,0.0545675610956752,normal,0.9,0.9,,2026-01-30 01:11:38 UTC,1.0
2026-01-21 00:00:00+00:00,IRM,0.048415716170301756,0.0903999316421783,normal,0.9,0.9,,2026-01-30 01:11:38 UTC,1.0
2026-01-21 00:00:00+00:00,ISRG,-0.16919904771753091,-0.4639162727441104,normal,0.9,0.9,,2026-01-30 01:11:38 UTC,1.0
2026-01-21 00:00:00+00:00,IT,-0.40282089385937747,-1.2610748959262243,normal,0.9,0.9,,2026-01-30 01:11:38 UTC,1.0
2026-01-21 00:00:00+00:00,ITW,-0.005664834794072132,-0.0283586435680069,normal,0.9,0.9,,2026-01-30 01:11:38 UTC,1.0
2026-01-21 00:00:00+00:00,IVZ,0.21622684573603088,0.5426408922120084,normal,0.9,0.9,,2026-01-30 01:11:38 UTC,1.0
2026-01-21 00:00:00+00:00,J,-0.03839343387760171,-0.454046168829532,normal,0.9,0.9,,2026-01-30 01:11:38 UTC,1.0
2026-01-21 00:00:00+00:00,JBHT,0.08041078910556705,0.7321023600559805,normal,0.9,0.9,,2026-01-30 01:11:38 UTC,1.0
2026-01-21 00:00:00+00:00,JBL,0.02165853317875827,0.2790761917849579,normal,0.9,0.9,,2026-01-30 01:11:38 UTC,1.0
2026-01-21 00:00:00+00:00,JCI,-0.0769207022166569,-0.1443409563256102,normal,0.9,0.9,,2026-01-30 01:11:38 UTC,1.0
2026-01-21 00:00:00+00:00,JKHY,0.023246948580937937,0.2643752570401093,normal,0.9,0.9,,2026-01-30 01:11:38 UTC,1.0
2026-01-21 00:00:00+00:00,JNJ,0.06328940588500448,0.8166944335164156,normal,0.9,0.9,,2026-01-30 01:11:38 UTC,1.0
2026-01-21 00:00:00+00:00,JPM,-0.11988626984508728,-0.22528943772576,normal,0.9,0.9,,2026-01-30 01:11:38 UTC,1.0
2026-01-21 00:00:00+00:00,K,0.0076997907726805,0.2335528377262715,normal,0.9,0.9,0.9,2026-01-23 15:12:59 UTC,
2026-01-21 00:00:00+00:00,KDP,-0.003346809250199885,-0.1112732821846301,normal,0.9,0.9,,2026-01-30 01:11:38 UTC,1.0
2026-01-21 00:00:00+00:00,KEY,0.028997488971265743,0.4352776325208891,normal,0.9,0.9,,2026-01-30 01:11:38 UTC,1.0
2026-01-21 00:00:00+00:00,KEYS,0.13016087421231884,0.6195044042607352,normal,0.9,0.9,,2026-01-30 01:11:38 UTC,1.0
2026-01-21 00:00:00+00:00,KHC,-0.036504076988332176,-0.35116757740702,normal,0.9,0.9,,2026-01-30 01:11:38 UTC,1.0
2026-01-21 00:00:00+00:00,KIM,-0.0014625478992064175,-0.0394283350982091,normal,0.9,0.9,,2026-01-30 01:11:38 UTC,1.0
2026-01-21 00:00:00+00:00,KKR,-0.16407896901168867,-0.6449334899339658,normal,0.9,0.9,,2026-01-30 01:11:38 UTC,1.0
2026-01-21 00:00:00+00:00,KLAC,0.10208491681284573,1.4067588521136158,normal,0.9,0.9,,2026-01-30 01:11:38 UTC,1.0
2026-01-21 00:00:00+00:00,KMB,-0.013484355004828419,-0.4176093907905399,normal,0.9,0.9,,2026-01-30 01:11:38 UTC,1.0
2026-01-21 00:00:00+00:00,KMI,0.027058581085388358,0.1617046479481491,normal,0.9,0.9,,2026-01-30 01:11:38 UTC,1.0
2026-01-21 00:00:00+00:00,KO,0.005290999775324786,0.2015402709990164,normal,0.9,0.9,,2026-01-30 01:11:38 UTC,1.0
2026-01-21 00:00:00+00:00,KR,-0.10430189755929008,-0.2203000779576226,normal,0.9,0.9,,2026-01-30 01:11:38 UTC,1.0
2026-01-21 00:00:00+00:00,KVUE,0.005947396575032739,0.2157281818517512,normal,0.9,0.9,,2026-01-30 01:11:38 UTC,1.0
2026-01-21 00:00:00+00:00,L,-0.002299500677804089,-0.0970200006791689,normal,0.9,0.9,,2026-01-30 01:11:38 UTC,1.0
2026-01-21 00:00:00+00:00,LDOS,0.021908154695648982,0.0562001495843063,normal,0.9,0.9,,2026-01-30 01:11:38 UTC,1.0
2026-01-21 00:00:00+00:00,LEN,-0.02148844997121512,-0.1624551566482108,normal,0.9,0.9,,2026-01-30 01:11:38 UTC,1.0
2026-01-21 00:00:00+00:00,LH,0.01076790078699205,0.1224049502990447,normal,0.9,0.9,,2026-01-30 01:11:38 UTC,1.0
2026-01-21 00:00:00+00:00,LHX,0.5255756821303755,0.9991604204340152,normal,0.9,0.9,,2026-01-30 01:11:38 UTC,1.0
2026-01-21 00:00:00+00:00,LII,-0.1234301560894436,-0.2779888386926099,normal,0.9,0.9,,2026-01-30 01:11:38 UTC,1.0
2026-01-21 00:00:00+00:00,LIN,-0.00037824419978211307,-0.016480415415352,normal,0.9,0.9,,2026-01-30 01:11:38 UTC,1.0
2026-01-21 00:00:00+00:00,LKQ,0.04385909532051113,0.2029477906838837,normal,0.9,0.9,,2026-01-30 01:11:38 UTC,1.0
2026-01-21 00:00:00+00:00,LLY,0.2947812133314551,0.5411447338900999,normal,0.9,0.9,,2026-01-30 01:11:38 UTC,1.0
2026-01-21 00:00:00+00:00,LMT,0.4952269624920357,1.1585582176159497,normal,0.9,0.9,,2026-01-30 01:11:38 UTC,1.0
2026-01-21 00:00:00+00:00,LNT,0.0007461980489978242,0.0619455377346523,normal,0.9,0.9,,2026-01-30 01:11:38 UTC,1.0
2026-01-21 00:00:00+00:00,LOW,0.13206935721991692,0.5682827057775212,normal,0.9,0.9,,2026-01-30 01:11:38 UTC,1.0
2026-01-21 00:00:00+00:00,LRCX,0.12910274195463856,2.724235204882513,normal,0.9,0.9,,2026-01-30 01:11:38 UTC,1.0
2026-01-21 00:00:00+00:00,LULU,-0.0784724410526248,-0.7766356002629835,normal,0.9,0.9,,2026-01-30 01:11:38 UTC,1.0
2026-01-21 00:00:00+00:00,LUV,0.4617083656763368,0.843371226549528,normal,0.9,0.9,,2026-01-30 01:11:38 UTC,1.0
2026-01-21 00:00:00+00:00,LVS,-0.08790687722835162,-0.3885884417713257,normal,0.9,0.9,,2026-01-30 01:11:38 UTC,1.0
2026-01-21 00:00:00+00:00,LW,-0.022073428831238775,-0.8684359453761498,normal,0.9,0.9,,2026-01-30 01:11:38 UTC,1.0
2026-01-21 00:00:00+00:00,LYB,0.007891586701460743,0.0661584150955528,normal,0.9,0.9,,2026-01-30 01:11:38 UTC,1.0
2026-01-21 00:00:00+00:00,LYV,-0.1346317906124711,-0.4008543532685519,normal,0.9,0.9,,2026-01-30 01:11:38 UTC,1.0
2026-01-21 00:00:00+00:00,MA,-0.05594260670771281,-0.4756532080274188,normal,0.9,0.9,,2026-01-30 01:11:38 UTC,1.0
2026-01-21 00:00:00+00:00,MAA,-0.02884930604071723,-0.2437927066754263,normal,0.9,0.9,,2026-01-30 01:11:38 UTC,1.0
2026-01-21 00:00:00+00:00,MAR,0.09312979661290621,0.2425171950287133,normal,0.9,0.9,,2026-01-30 01:11:38 UTC,1.0
2026-01-21 00:00:00+00:00,MAS,-0.011647092393886371,-0.0248601183334356,normal,0.9,0.9,,2026-01-30 01:11:38 UTC,1.0
2026-01-21 00:00:00+00:00,MCD,-0.003140100005354455,-0.0857121916012825,normal,0.9,0.9,,2026-01-30 01:11:38 UTC,1.0
2026-01-21 00:00:00+00:00,MCHP,0.036491950682702834,0.511526310820598,normal,0.9,0.9,,2026-01-30 01:11:38 UTC,1.0
2026-01-21 00:00:00+00:00,MCK,0.004168198629483037,0.1896888021879516,normal,0.9,0.9,,2026-01-30 01:11:38 UTC,1.0
2026-01-21 00:00:00+00:00,MCO,-0.01911863282734243,-0.0600287015587535,normal,0.9,0.9,,2026-01-30 01:11:38 UTC,1.0
2026-01-21 00:00:00+00:00,MDLZ,-0.0009884959099184922,-0.0070869782416099,normal,0.9,0.9,,2026-01-30 01:11:38 UTC,1.0
2026-01-21 00:00:00+00:00,MDT,0.00403896677320354,0.1231211932163363,normal,0.9,0.9,,2026-01-30 01:11:38 UTC,1.0
2026-01-21 00:00:00+00:00,MELI,-0.042841528205356576,-0.3597415627841605,normal,0.9,0.9,,2026-01-30 01:11:38 UTC,1.0
2026-01-21 00:00:00+00:00,MET,-0.07731269980684081,-0.4967618174154158,normal,0.9,0.9,,2026-01-30 01:11:38 UTC,1.0
2026-01-21 00:00:00+00:00,META,-0.08782210435001161,-0.7208896405599343,normal,0.9,0.9,,2026-01-30 01:11:38 UTC,1.0
2026-01-21 00:00:00+00:00,MGM,-0.3402807845256468,-0.630696745784152,normal,0.9,0.9,,2026-01-30 01:11:38 UTC,1.0
2026-01-21 00:00:00+00:00,MHK,-0.0072044703665517075,-0.0177326925078658,normal,0.9,0.9,,2026-01-30 01:11:38 UTC,1.0
2026-01-21 00:00:00+00:00,MKC,-0.02024057568298401,-0.204408513090041,normal,0.9,0.9,,2026-01-30 01:11:38 UTC,1.0
2026-01-21 00:00:00+00:00,MLM,-0.08372473260938626,-0.1637868750705175,normal,0.9,0.9,,2026-01-30 01:11:38 UTC,1.0
2026-01-21 00:00:00+00:00,MMC,-0.010635654846268182,-0.3489184412524341,normal,0.9,0.9,,2026-01-30 01:11:38 UTC,1.0
2026-01-21 00:00:00+00:00,MMM,-0.028223118044772507,-0.3115626065867994,normal,0.9,0.9,,2026-01-30 01:11:38 UTC,1.0
2026-01-21 00:00:00+00:00,MNST,0.027762626900087784,0.7804527329249561,normal,0.9,0.9,,2026-01-30 01:11:38 UTC,1.0
2026-01-21 00:00:00+00:00,MO,0.011521656636669618,0.1553086642737823,normal,0.9,0.9,,2026-01-30 01:11:38 UTC,1.0
2026-01-21 00:00:00+00:00,MOH,0.19986607189968172,0.6430369472117163,normal,0.9,0.9,,2026-01-30 01:11:38 UTC,1.0
2026-01-21 00:00:00+00:00,MOS,-0.020390613289651343,-0.2249269620850901,normal,0.9,0.9,,2026-01-30 01:11:38 UTC,1.0
2026-01-21 00:00:00+00:00,MPC,-0.043778215713137406,-0.1697900131719675,normal,0.9,0.9,,2026-01-30 01:11:38 UTC,1.0
2026-01-21 00:00:00+00:00,MPWR,0.0926556600870337,0.5517092733419914,normal,0.9,0.9,,2026-01-30 01:11:38 UTC,1.0
2026-01-21 00:00:00+00:00,MRK,0.16359264463683668,0.8233564727357262,normal,0.9,0.9,,2026-01-30 01:11:38 UTC,1.0
2026-01-21 00:00:00+00:00,MRNA,0.0546795514931469,1.7385885792897358,normal,0.9,0.9,,2026-01-30 01:11:38 UTC,1.0
2026-01-21 00:00:00+00:00,MRVL,-0.044339150963857404,-0.5929934235573779,normal,0.9,0.9,,2026-01-30 01:11:38 UTC,1.0
2026-01-21 00:00:00+00:00,MS,0.11311853507550856,0.3837447753483128,normal,0.9,0.9,,2026-01-30 01:11:38 UTC,1.0
2026-01-21 00:00:00+00:00,MSCI,0.002887853387221766,0.067553447648426,normal,0.9,0.9,,2026-01-30 01:11:38 UTC,1.0
2026-01-21 00:00:00+00:00,MSFT,-0.017882453778607338,-0.4221600517163327,normal,0.9,0.9,,2026-01-30 01:11:38 UTC,1.0
2026-01-21 00:00:00+00:00,MSI,-0.008108196743750884,-0.2157858750632351,normal,0.9,0.9,,2026-01-30 01:11:38 UTC,1.0
2026-01-21 00:00:00+00:00,MSTR,-0.07056975719112768,-1.606467230908681,normal,0.9,0.9,,2026-01-30 01:11:38 UTC,1.0
2026-01-21 00:00:00+00:00,MTB,0.021882608710387625,0.3236687804958615,normal,0.9,0.9,,2026-01-30 01:11:38 UTC,1.0
2026-01-21 00:00:00+00:00,MTCH,-0.021657126400001222,-0.4892926250177987,normal,0.9,0.9,,2026-01-30 01:11:38 UTC,1.0
2026-01-21 00:00:00+00:00,MTD,-0.020974061489120087,-0.1390305795894477,normal,0.9,0.9,,2026-01-30 01:11:38 UTC,1.0
2026-01-21 00:00:00+00:00,MU,0.09893125091450017,3.0,normal,0.9,0.9,,2026-01-30 01:11:38 UTC,1.0
2026-01-21 00:00:00+00:00,NCLH,-0.06962415444281686,-1.1049004519938128,normal,0.9,0.9,,2026-01-30 01:11:38 UTC,1.0
2026-01-21 00:00:00+00:00,NDAQ,0.004096801949211233,0.0730113171699498,normal,0.9,0.9,,2026-01-30 01:11:38 UTC,1.0
2026-01-21 00:00:00+00:00,NDSN,0.01931858170767745,0.622367819087003,normal,0.9,0.9,,2026-01-30 01:11:38 UTC,1.0
2026-01-21 00:00:00+00:00,NEE,0.018200767047016144,0.2863158119633274,normal,0.9,0.9,,2026-01-30 01:11:38 UTC,1.0
2026-01-21 00:00:00+00:00,NEM,0.1817738177194531,2.005936609018496,normal,0.9,0.9,,2026-01-30 01:11:38 UTC,1.0
2026-01-21 00:00:00+00:00,NFLX,-0.14528078584451937,-0.7051457885258994,normal,0.9,0.9,,2026-01-30 01:11:38 UTC,1.0
2026-01-21 00:00:00+00:00,NI,0.0029028379780508067,0.1517512022404301,normal,0.9,0.9,,2026-01-30 01:11:38 UTC,1.0
2026-01-21 00:00:00+00:00,NKE,-0.0006543059860219375,-0.0151627421434428,normal,0.9,0.9,,2026-01-30 01:11:38 UTC,1.0
2026-01-21 00:00:00+00:00,NOC,0.14685727316845928,0.564383120229928,normal,0.9,0.9,,2026-01-30 01:11:38 UTC,1.0
2026-01-21 00:00:00+00:00,NOW,-0.13726462213671076,-1.6704257256507464,normal,0.9,0.9,,2026-01-30 01:11:38 UTC,1.0
2026-01-21 00:00:00+00:00,NRG,-0.04639819479273102,-0.7220399419370246,normal,0.9,0.9,,2026-01-30 01:11:38 UTC,1.0
2026-01-21 00:00:00+00:00,NSC,-0.004741813447259997,-0.1854765868488985,normal,0.9,0.9,,2026-01-30 01:11:38 UTC,1.0
2026-01-21 00:00:00+00:00,NTAP,-0.31952823144123543,-1.2258602714980391,normal,0.9,0.9,,2026-01-30 01:11:38 UTC,1.0
2026-01-21 00:00:00+00:00,NTRS,0.02410519474620918,0.2950926668962667,normal,0.9,0.9,,2026-01-30 01:11:38 UTC,1.0
2026-01-21 00:00:00+00:00,NUE,0.37391339357389997,0.7601631555053213,normal,0.9,0.9,,2026-01-30 01:11:38 UTC,1.0
2026-01-21 00:00:00+00:00,NVDA,-0.02034047844345497,-0.0673041096240327,normal,0.9,0.9,,2026-01-30 01:11:38 UTC,1.0
2026-01-21 00:00:00+00:00,NVR,-0.007577841830498138,-0.0421305599164798,normal,0.9,0.9,,2026-01-30 01:11:38 UTC,1.0
2026-01-21 00:00:00+00:00,NWS,-0.0009443997454803505,-0.2083905579587751,normal,0.9,0.9,,2026-01-30 01:11:38 UTC,1.0
2026-01-21 00:00:00+00:00,NWSA,-0.0021149540674885764,-0.3187637042571747,normal,0.9,0.9,,2026-01-30 01:11:38 UTC,1.0
2026-01-21 00:00:00+00:00,NXPI,-0.008688486093113111,-0.083118594413555,normal,0.9,0.9,,2026-01-30 01:11:38 UTC,1.0
2026-01-21 00:00:00+00:00,O,0.018571556013801924,0.5324785218418329,normal,0.9,0.9,,2026-01-30 01:11:38 UTC,1.0
2026-01-21 00:00:00+00:00,ODFL,0.20339231994985868,0.4975243893847207,normal,0.9,0.9,,2026-01-30 01:11:38 UTC,1.0
2026-01-21 00:00:00+00:00,OKE,-0.06321882815343739,-0.1261246895457207,normal,0.9,0.9,,2026-01-30 01:11:38 UTC,1.0
2026-01-21 00:00:00+00:00,OMC,-0.06378409505629594,-0.194552220042463,normal,0.9,0.9,,2026-01-30 01:11:38 UTC,1.0
2026-01-21 00:00:00+00:00,ON,0.038252938228538494,0.3652247422580327,normal,0.9,0.9,,2026-01-30 01:11:38 UTC,1.0
2026-01-21 00:00:00+00:00,ORCL,-0.06220168439088583,-1.1984729229786293,normal,0.9,0.9,,2026-01-30 01:11:38 UTC,1.0
2026-01-21 00:00:00+00:00,ORLY,0.0009470083212681429,0.0259706502904957,normal,0.9,0.9,,2026-01-30 01:11:38 UTC,1.0
2026-01-21 00:00:00+00:00,OTIS,-0.0023137731490100516,-0.1247495485817883,normal,0.9,0.9,,2026-01-30 01:11:38 UTC,1.0
2026-01-21 00:00:00+00:00,OXY,-0.020638727099511738,-0.1098126127140882,normal,0.9,0.9,,2026-01-30 01:11:38 UTC,1.0
2026-01-21 00:00:00+00:00,PANW,-0.2557214779215608,-0.4729465448187771,normal,0.9,0.9,,2026-01-30 01:11:38 UTC,1.0
2026-01-21 00:00:00+00:00,PAYC,-0.6653444937402035,-1.2313690280119771,normal,0.9,0.9,,2026-01-30 01:11:38 UTC,1.0
2026-01-21 00:00:00+00:00,PAYX,-0.2179317168993803,-0.8312820726543839,normal,0.9,0.9,,2026-01-30 01:11:38 UTC,1.0
2026-01-21 00:00:00+00:00,PCAR,0.16812783725139127,0.6102593156069905,normal,0.9,0.9,,2026-01-30 01:11:38 UTC,1.0
2026-01-21 00:00:00+00:00,PCG,-0.0685922907147007,-0.2916143646277038,normal,0.9,0.9,,2026-01-30 01:11:38 UTC,1.0
2026-01-21 00:00:00+00:00,PDD,-0.19736584022878165,-0.8441859390776882,normal,0.9,0.9,,2026-01-30 01:11:38 UTC,1.0
2026-01-21 00:00:00+00:00,PEG,-0.0054839014313584206,-0.2394814676901299,normal,0.9,0.9,,2026-01-30 01:11:38 UTC,1.0
2026-01-21 00:00:00+00:00,PEP,0.0048509248088731095,0.0967375633591127,normal,0.9,0.9,,2026-01-30 01:11:38 UTC,1.0
2026-01-21 00:00:00+00:00,PFE,0.01792078415867725,0.2397104013350923,normal,0.9,0.9,,2026-01-30 01:11:38 UTC,1.0
2026-01-21 00:00:00+00:00,PFG,0.006643855324762003,0.1443365706981147,normal,0.9,0.9,,2026-01-30 01:11:38 UTC,1.0
2026-01-21 00:00:00+00:00,PG,-0.003999045465304693,-0.0436339399806167,normal,0.9,0.9,,2026-01-30 01:11:38 UTC,1.0
2026-01-21 00:00:00+00:00,PGR,-0.10730815012692888,-0.4224556942348257,normal,0.9,0.9,,2026-01-30 01:11:38 UTC,1.0
2026-01-21 00:00:00+00:00,PH,0.06438373215670407,0.7020599208126987,normal,0.9,0.9,,2026-01-30 01:11:38 UTC,1.0
2026-01-21 00:00:00+00:00,PHM,0.038216412017139205,0.1625507144462756,normal,0.9,0.9,,2026-01-30 01:11:38 UTC,1.0
2026-01-21 00:00:00+00:00,PKG,0.07161872819222882,0.1714592997498868,normal,0.9,0.9,,2026-01-30 01:11:38 UTC,1.0
2026-01-21 00:00:00+00:00,PLD,0.0066980616453089555,0.3022222872612223,normal,0.9,0.9,,2026-01-30 01:11:38 UTC,1.0
2026-01-21 00:00:00+00:00,PLTR,-0.03181373124762257,-0.4423174028989929,normal,0.9,0.9,,2026-01-30 01:11:38 UTC,1.0
2026-01-21 00:00:00+00:00,PM,0.06286505169081114,0.24371987205783,normal,0.9,0.9,,2026-01-30 01:11:38 UTC,1.0
2026-01-21 00:00:00+00:00,PNC,0.036336154637518034,0.5786096026423915,normal,0.9,0.9,,2026-01-30 01:11:38 UTC,1.0
2026-01-21 00:00:00+00:00,PNR,-0.1479307988950661,-0.3413845338790197,normal,0.9,0.9,,2026-01-30 01:11:38 UTC,1.0
2026-01-21 00:00:00+00:00,PNW,0.0036259229415370586,0.144780803519486,normal,0.9,0.9,,2026-01-30 01:11:38 UTC,1.0
2026-01-21 00:00:00+00:00,PODD,-0.21050484418486187,-0.4209841196054298,normal,0.9,0.9,,2026-01-30 01:11:38 UTC,1.0
2026-01-21 00:00:00+00:00,POOL,-0.016192871452295775,-0.0655069266091436,normal,0.9,0.9,,2026-01-30 01:11:38 UTC,1.0
2026-01-21 00:00:00+00:00,PPG,0.005306723924813417,0.1979781112493848,normal,0.9,0.9,,2026-01-30 01:11:38 UTC,1.0
2026-01-21 00:00:00+00:00,PPL,0.005921046637381724,0.1914215573498768,normal,0.9,0.9,,2026-01-30 01:11:38 UTC,1.0
2026-01-21 00:00:00+00:00,PRU,-0.01400762908322778,-0.204270133212708,normal,0.9,0.9,,2026-01-30 01:11:38 UTC,1.0
2026-01-21 00:00:00+00:00,PSA,0.0350331902692332,0.12383690081348,normal,0.9,0.9,,2026-01-30 01:11:38 UTC,1.0
2026-01-21 00:00:00+00:00,PSKY,-0.10814361295761768,-1.2380877209588834,normal,0.9,0.9,,2026-01-30 01:11:38 UTC,1.0
2026-01-21 00:00:00+00:00,PSX,0.018584020379107807,0.1537987948384692,normal,0.9,0.9,,2026-01-30 01:11:38 UTC,1.0
2026-01-21 00:00:00+00:00,PTC,-0.05685256725986979,-0.9999756979704226,normal,0.9,0.9,,2026-01-30 01:11:38 UTC,1.0
2026-01-21 00:00:00+00:00,PWR,0.03039027965918416,0.2794445781289027,normal,0.9,0.9,,2026-01-30 01:11:38 UTC,1.0
2026-01-21 00:00:00+00:00,PYPL,-0.06584718645973198,-0.9360059367669498,normal,0.9,0.9,,2026-01-30 01:11:38 UTC,1.0
2026-01-21 00:00:00+00:00,Q,0.0135475238530911,0.1812401453228459,normal,0.9,0.9,,2026-01-30 01:11:38 UTC,1.0
2026-01-21 00:00:00+00:00,QCOM,-0.4191789786504397,-0.7553555265959959,normal,0.9,0.9,,2026-01-30 01:11:38 UTC,1.0
2026-01-21 00:00:00+00:00,RCL,-0.07144747605184378,-0.8715086321654005,normal,0.9,0.9,,2026-01-30 01:11:38 UTC,1.0
2026-01-21 00:00:00+00:00,REG,-0.0016884512052404393,-0.0804133882301444,normal,0.9,0.9,,2026-01-30 01:11:38 UTC,1.0
2026-01-21 00:00:00+00:00,REGN,0.14446203323281792,0.2933541577828552,normal,0.9,0.9,,2026-01-30 01:11:38 UTC,1.0
2026-01-21 00:00:00+00:00,RF,0.023676143002086827,0.2191547968654436,normal,0.9,0.9,,2026-01-30 01:11:38 UTC,1.0
2026-01-21 00:00:00+00:00,RJF,-0.016045370361421542,-0.0823989175984154,normal,0.9,0.9,,2026-01-30 01:11:38 UTC,1.0
2026-01-21 00:00:00+00:00,RL,0.07084050412227627,0.2199112679460161,normal,0.9,0.9,,2026-01-30 01:11:38 UTC,1.0
2026-01-21 00:00:00+00:00,RMD,-0.0063166933935240475,-0.0720761863640099,normal,0.9,0.9,,2026-01-30 01:11:38 UTC,1.0
2026-01-21 00:00:00+00:00,ROK,0.06589158120022769,0.3603406808237638,normal,0.9,0.9,,2026-01-30 01:11:38 UTC,1.0
2026-01-21 00:00:00+00:00,ROL,0.020565616129484144,0.398275259361076,normal,0.9,0.9,,2026-01-30 01:11:38 UTC,1.0
2026-01-21 00:00:00+00:00,ROP,-0.023547559531480855,-0.9605075603925266,normal,0.9,0.9,,2026-01-30 01:11:38 UTC,1.0
2026-01-21 00:00:00+00:00,ROST,0.016402802058194676,0.7983928560599088,normal,0.9,0.9,,2026-01-30 01:11:38 UTC,1.0
2026-01-21 00:00:00+00:00,RSG,-0.004089222084300925,-0.2595456859421378,normal,0.9,0.9,,2026-01-30 01:11:38 UTC,1.0
2026-01-21 00:00:00+00:00,RTX,0.09604695545470225,0.6042224313174565,normal,0.9,0.9,,2026-01-30 01:11:38 UTC,1.0
2026-01-21 00:00:00+00:00,RVTY,0.1549513459040149,0.5640770549672838,normal,0.9,0.9,,2026-01-30 01:11:38 UTC,1.0
2026-01-21 00:00:00+00:00,SBAC,-0.03846075559048981,-0.565622533715665,normal,0.9,0.9,,2026-01-30 01:11:38 UTC,1.0
2026-01-21 00:00:00+00:00,SBUX,0.1371336325264636,0.4659645475071226,normal,0.9,0.9,,2026-01-30 01:11:38 UTC,1.0
2026-01-21 00:00:00+00:00,SCHW,0.011609154346780512,0.1366355569457036,normal,0.9,0.9,,2026-01-30 01:11:38 UTC,1.0
2026-01-21 00:00:00+00:00,SHOP,-0.09792756669989765,-0.8956431649223056,normal,0.9,0.9,,2026-01-30 01:11:38 UTC,1.0
2026-01-21 00:00:00+00:00,SHW,0.021038512089621784,0.1965587942018781,normal,0.9,0.9,,2026-01-30 01:11:38 UTC,1.0
2026-01-21 00:00:00+00:00,SJM,-0.0011153380122876709,0.0030640366899974,normal,0.9,0.9,,2026-01-30 01:11:38 UTC,1.0
2026-01-21 00:00:00+00:00,SLB,0.12966167519020613,1.2776724813310485,normal,0.9,0.9,,2026-01-30 01:11:38 UTC,1.0
2026-01-21 00:00:00+00:00,SMCI,-0.07036278939965489,-1.1796662860887428,normal,0.9,0.9,,2026-01-30 01:11:38 UTC,1.0
2026-01-21 00:00:00+00:00,SNA,0.00609196261012143,0.2133582266875763,normal,0.9,0.9,,2026-01-30 01:11:38 UTC,1.0
2026-01-21 00:00:00+00:00,SNPS,0.031485349396411434,0.1282111683620281,normal,0.9,0.9,,2026-01-30 01:11:38 UTC,1.0
2026-01-21 00:00:00+00:00,SO,-0.0006576441969007425,-0.0248130288225904,normal,0.9,0.9,,2026-01-30 01:11:38 UTC,1.0
2026-01-21 00:00:00+00:00,SOLS,0.2779349135052578,1.471338945727218,normal,0.9,0.9,,2026-01-30 01:11:38 UTC,1.0
2026-01-21 00:00:00+00:00,SOLV,-0.06589158686640828,-0.1282729047464796,normal,0.9,0.9,,2026-01-30 01:11:38 UTC,1.0
2026-01-21 00:00:00+00:00,SPG,0.001012367965783581,0.0844590919203892,normal,0.9,0.9,,2026-01-30 01:11:38 UTC,1.0
2026-01-21 00:00:00+00:00,SPGI,-0.0074541834899870315,-0.0678097279567567,normal,0.9,0.9,,2026-01-30 01:11:38 UTC,1.0
2026-01-21 00:00:00+00:00,SRE,-0.00785565539950269,-0.1111584488039531,normal,0.9,0.9,,2026-01-30 01:11:38 UTC,1.0
2026-01-21 00:00:00+00:00,STE,0.004229424647784691,0.105124300727903,normal,0.9,0.9,,2026-01-30 01:11:38 UTC,1.0
2026-01-21 00:00:00+00:00,STLD,0.12116485004748243,0.2243384629607105,normal,0.9,0.9,,2026-01-30 01:11:38 UTC,1.0
2026-01-21 00:00:00+00:00,STT,-0.0010269913010755275,-0.0176895578526657,normal,0.9,0.9,,2026-01-30 01:11:38 UTC,1.0
2026-01-21 00:00:00+00:00,STX,0.07189196742746128,2.0933924538532627,normal,0.9,0.9,,2026-01-30 01:11:38 UTC,1.0
2026-01-21 00:00:00+00:00,STZ,0.11478796618170005,0.668623168624222,normal,0.9,0.9,,2026-01-30 01:11:38 UTC,1.0
2026-01-21 00:00:00+00:00,SW,-0.0645979585833386,-0.2647414028692673,normal,0.9,0.9,,2026-01-30 01:11:38 UTC,1.0
2026-01-21 00:00:00+00:00,SWK,0.11767664245990382,0.4216555698483522,normal,0.9,0.9,,2026-01-30 01:11:38 UTC,1.0
2026-01-21 00:00:00+00:00,SWKS,-0.32063825207601815,-1.3038754424700791,normal,0.9,0.9,,2026-01-30 01:11:38 UTC,1.0
2026-01-21 00:00:00+00:00,SYF,-0.20522698083067153,-0.5937480253993517,normal,0.9,0.9,,2026-01-30 01:11:38 UTC,1.0
2026-01-21 00:00:00+00:00,SYK,-0.021838875182644494,-0.2353799906321287,normal,0.9,0.9,,2026-01-30 01:11:38 UTC,1.0
2026-01-21 00:00:00+00:00,SYY,0.0009252155436567392,0.0227971223482208,normal,0.9,0.9,,2026-01-30 01:11:38 UTC,1.0
2026-01-21 00:00:00+00:00,T,-0.006832106052623863,-0.30176427660231,normal,0.9,0.9,,2026-01-30 01:11:38 UTC,1.0
2026-01-21 00:00:00+00:00,TAP,0.13063320998389744,0.2887948299936835,normal,0.9,0.9,,2026-01-30 01:11:38 UTC,1.0
2026-01-21 00:00:00+00:00,TDG,0.021864385006617047,0.4214478530346048,normal,0.9,0.9,,2026-01-30 01:11:38 UTC,1.0
2026-01-21 00:00:00+00:00,TDY,0.027238180676448624,0.3518269163699088,normal,0.9,0.9,,2026-01-30 01:11:38 UTC,1.0
2026-01-21 00:00:00+00:00,TEAM,-0.32645510087394175,-2.2290375477019757,normal,0.9,0.9,,2026-01-30 01:11:38 UTC,1.0
2026-01-21 00:00:00+00:00,TECH,0.24219027093085901,0.619489993634565,normal,0.9,0.9,,2026-01-30 01:11:38 UTC,1.0
2026-01-21 00:00:00+00:00,TEL,0.08032502671642734,0.148391385976547,normal,0.9,0.9,,2026-01-30 01:11:38 UTC,1.0
2026-01-21 00:00:00+00:00,TER,0.17864393486645627,2.3581121587352696,normal,0.9,0.9,,2026-01-30 01:11:38 UTC,1.0
2026-01-21 00:00:00+00:00,TFC,0.005024242843502334,0.1803045491414532,normal,0.9,0.9,,2026-01-30 01:11:38 UTC,1.0
2026-01-21 00:00:00+00:00,TGT,0.4260121453775054,0.768524072185884,normal,0.9,0.9,,2026-01-30 01:11:38 UTC,1.0
2026-01-21 00:00:00+00:00,TJX,0.0065289306229350755,0.3742106607140569,normal,0.9,0.9,,2026-01-30 01:11:38 UTC,1.0
2026-01-21 00:00:00+00:00,TKO,-0.009299722426163785,-0.0256944274265105,normal,0.9,0.9,,2026-01-30 01:11:38 UTC,1.0
2026-01-21 00:00:00+00:00,TMO,0.0538262025090902,0.5313163783815169,normal,0.9,0.9,,2026-01-30 01:11:38 UTC,1.0
2026-01-21 00:00:00+00:00,TMUS,-0.1116200418288431,-0.791401617453819,normal,0.9,0.9,,2026-01-30 01:11:38 UTC,1.0
2026-01-21 00:00:00+00:00,TPL,-0.00020620297023037738,-0.0011374518261728,normal,0.9,0.9,,2026-01-30 01:11:38 UTC,1.0
2026-01-21 00:00:00+00:00,TPR,0.21428619414541497,0.4161139637649693,normal,0.9,0.9,,2026-01-30 01:11:38 UTC,1.0
2026-01-21 00:00:00+00:00,TRGP,0.11069071078696088,0.2305036152288719,normal,0.9,0.9,,2026-01-30 01:11:38 UTC,1.0
2026-01-21 00:00:00+00:00,TRI,-0.22375187218601655,-1.27652180770987,normal,0.9,0.9,,2026-01-30 01:11:38 UTC,1.0
2026-01-21 00:00:00+00:00,TRMB,-0.6114179224984744,-1.140628600341298,normal,0.9,0.9,,2026-01-30 01:11:38 UTC,1.0
2026-01-21 00:00:00+00:00,TROW,-0.06247501627389274,-0.2168902268455296,normal,0.9,0.9,,2026-01-30 01:11:38 UTC,1.0
2026-01-21 00:00:00+00:00,TRV,-0.005770203696586003,-0.271458284990701,normal,0.9,0.9,,2026-01-30 01:11:38 UTC,1.0
2026-01-21 00:00:00+00:00,TSCO,-0.11370268526732925,-0.3829294668051884,normal,0.9,0.9,,2026-01-30 01:11:38 UTC,1.0
2026-01-21 00:00:00+00:00,TSLA,-0.038681538781847435,-0.3321790420714191,normal,0.9,0.9,,2026-01-30 01:11:38 UTC,1.0
2026-01-21 00:00:00+00:00,TSN,0.11101250156105524,0.5096811397539996,normal,0.9,0.9,,2026-01-30 01:11:38 UTC,1.0
2026-01-21 00:00:00+00:00,TT,-0.10390867399201933,-0.4094701954274565,normal,0.9,0.9,,2026-01-30 01:11:38 UTC,1.0
2026-01-21 00:00:00+00:00,TTD,-0.3566191091761887,-1.7348523843509107,normal,0.9,0.9,,2026-01-30 01:11:38 UTC,1.0
2026-01-21 00:00:00+00:00,TTWO,-0.01794255833005751,-0.2001572584109333,normal,0.9,0.9,,2026-01-30 01:11:38 UTC,1.0
2026-01-21 00:00:00+00:00,TXN,0.07209340992955657,0.2719521048559599,normal,0.9,0.9,,2026-01-30 01:11:38 UTC,1.0
2026-01-21 00:00:00+00:00,TXT,0.07339697672919557,0.3446240338142469,normal,0.9,0.9,,2026-01-30 01:11:38 UTC,1.0
2026-01-21 00:00:00+00:00,TYL,-0.11883006658860096,-0.9320993922811674,normal,0.9,0.9,,2026-01-30 01:11:38 UTC,1.0
2026-01-21 00:00:00+00:00,UAL,-0.017032531939891408,-0.0568872863551956,normal,0.9,0.9,,2026-01-30 01:11:38 UTC,1.0
2026-01-21 00:00:00+00:00,UBER,-0.029878780148623642,-0.1535013035316301,normal,0.9,0.9,,2026-01-30 01:11:38 UTC,1.0
2026-01-21 00:00:00+00:00,UDR,0.0006690817597388539,0.0058000333675989,normal,0.9,0.9,,2026-01-30 01:11:38 UTC,1.0
2026-01-21 00:00:00+00:00,UHS,-0.325184855896024,-0.6055153395097438,normal,0.9,0.9,,2026-01-30 01:11:38 UTC,1.0
2026-01-21 00:00:00+00:00,ULTA,0.44469112733826904,1.2130312252748467,normal,0.9,0.9,,2026-01-30 01:11:38 UTC,1.0
2026-01-21 00:00:00+00:00,UNH,0.038545021496867414,0.125780224072594,normal,0.9,0.9,,2026-01-30 01:11:38 UTC,1.0
2026-01-21 00:00:00+00:00,UNP,-0.018488935746006154,-0.2532273546875221,normal,0.9,0.9,,2026-01-30 01:11:38 UTC,1.0
2026-01-21 00:00:00+00:00,UPS,0.06471775646542188,0.6941605517165432,normal,0.9,0.9,,2026-01-30 01:11:38 UTC,1.0
2026-01-21 00:00:00+00:00,URI,0.07524119360415003,0.2730093412953427,normal,0.9,0.9,,2026-01-30 01:11:38 UTC,1.0
2026-01-21 00:00:00+00:00,USB,0.03903784860310211,0.3699890784868837,normal,0.9,0.9,,2026-01-30 01:11:38 UTC,1.0
2026-01-21 00:00:00+00:00,V,-0.14087003251350788,-0.4821855670020581,normal,0.9,0.9,,2026-01-30 01:11:38 UTC,1.0
2026-01-21 00:00:00+00:00,VICI,-0.001681802491420002,-0.0869012646296665,normal,0.9,0.9,,2026-01-30 01:11:38 UTC,1.0
2026-01-21 00:00:00+00:00,VLO,0.08356887010902522,0.5557970153161754,normal,0.9,0.9,,2026-01-30 01:11:38 UTC,1.0
2026-01-21 00:00:00+00:00,VLTO,-0.006443918514161938,-0.2454594071058156,normal,0.9,0.9,,2026-01-30 01:11:38 UTC,1.0
2026-01-21 00:00:00+00:00,VMC,-0.04957343604220883,-0.0959477389288231,normal,0.9,0.9,,2026-01-30 01:11:38 UTC,1.0
2026-01-21 00:00:00+00:00,VRSK,-0.0073871166012834215,-0.4207994974812209,normal,0.9,0.9,,2026-01-30 01:11:38 UTC,1.0
2026-01-21 00:00:00+00:00,VRSN,-0.003254025570454569,-0.0907658589006313,normal,0.9,0.9,,2026-01-30 01:11:38 UTC,1.0
2026-01-21 00:00:00+00:00,VRTX,-0.13321395829843197,-0.2671389063359832,normal,0.9,0.9,,2026-01-30 01:11:38 UTC,1.0
2026-01-21 00:00:00+00:00,VST,-0.04882067414171819,-1.172280776608433,normal,0.9,0.9,,2026-01-30 01:11:38 UTC,1.0
2026-01-21 00:00:00+00:00,VTR,0.008625769332492487,0.2940590624436556,normal,0.9,0.9,,2026-01-30 01:11:38 UTC,1.0
2026-01-21 00:00:00+00:00,VTRS,0.13071146663535727,0.676975747353444,normal,0.9,0.9,,2026-01-30 01:11:38 UTC,1.0
2026-01-21 00:00:00+00:00,VZ,-0.0008936066836534999,-0.0217413975862056,normal,0.9,0.9,,2026-01-30 01:11:38 UTC,1.0
2026-01-21 00:00:00+00:00,WAB,0.06398453466510806,0.3818431113664872,normal,0.9,0.9,,2026-01-30 01:11:38 UTC,1.0
2026-01-21 00:00:00+00:00,WAT,0.010124213594822334,0.1461541500456564,normal,0.9,0.9,,2026-01-30 01:11:38 UTC,1.0
2026-01-21 00:00:00+00:00,WBD,0.5971778889505625,1.659910048618738,normal,0.9,0.9,,2026-01-30 01:11:38 UTC,1.0
2026-01-21 00:00:00+00:00,WDAY,-0.7390286687445717,-1.3518873572017642,normal,0.9,0.9,,2026-01-30 01:11:38 UTC,1.0
2026-01-21 00:00:00+00:00,WDC,0.09077357775408865,3.0,normal,0.9,0.9,,2026-01-30 01:11:38 UTC,1.0
2026-01-21 00:00:00+00:00,WEC,0.00047182527661627523,0.0624830665980342,normal,0.9,0.9,,2026-01-30 01:11:38 UTC,1.0
2026-01-21 00:00:00+00:00,WELL,0.013658991276537165,0.2934523395041388,normal,0.9,0.9,,2026-01-30 01:11:38 UTC,1.0
2026-01-21 00:00:00+00:00,WFC,-0.05036322635914939,-0.2987668086718058,normal,0.9,0.9,,2026-01-30 01:11:38 UTC,1.0
2026-01-21 00:00:00+00:00,WM,-0.0002731757242833294,-0.0191825592838998,normal,0.9,0.9,,2026-01-30 01:11:38 UTC,1.0
2026-01-21 00:00:00+00:00,WMB,0.027995918500221924,0.2063336325751044,normal,0.9,0.9,,2026-01-30 01:11:38 UTC,1.0
2026-01-21 00:00:00+00:00,WMT,0.0472219417285132,0.6792269440064853,normal,0.9,0.9,,2026-01-30 01:11:38 UTC,1.0
2026-01-21 00:00:00+00:00,WRB,-0.13809675444843103,-0.3949306524240548,normal,0.9,0.9,,2026-01-30 01:11:38 UTC,1.0
2026-01-21 00:00:00+00:00,WSM,0.07790656991877014,0.2933136653488892,normal,0.9,0.9,,2026-01-30 01:11:38 UTC,1.0
2026-01-21 00:00:00+00:00,WST,-0.307656127025995,-0.8921536748553167,normal,0.9,0.9,,2026-01-30 01:11:38 UTC,1.0
2026-01-21 00:00:00+00:00,WTW,-0.009879446568318791,-0.2244450544914261,normal,0.9,0.9,,2026-01-30 01:11:38 UTC,1.0
2026-01-21 00:00:00+00:00,WY,0.1740165476055889,0.4495517446335078,normal,0.9,0.9,,2026-01-30 01:11:38 UTC,1.0
2026-01-21 00:00:00+00:00,WYNN,-0.2733135266254703,-0.6850046583454049,normal,0.9,0.9,,2026-01-30 01:11:38 UTC,1.0
2026-01-21 00:00:00+00:00,XEL,0.004029380582955711,0.1088414073589667,normal,0.9,0.9,,2026-01-30 01:11:38 UTC,1.0
2026-01-21 00:00:00+00:00,XOM,0.33918805318743833,0.6473834985428462,normal,0.9,0.9,,2026-01-30 01:11:38 UTC,1.0
2026-01-21 00:00:00+00:00,XYL,-0.00923818689935233,-0.2106956556288429,normal,0.9,0.9,,2026-01-30 01:11:38 UTC,1.0
2026-01-21 00:00:00+00:00,XYZ,-0.35590668927434127,-0.953723290602383,normal,0.9,0.9,,2026-01-30 01:11:38 UTC,1.0
2026-01-21 00:00:00+00:00,YUM,0.0052219673586131245,0.0459271697957792,normal,0.9,0.9,,2026-01-30 01:11:38 UTC,1.0
2026-01-21 00:00:00+00:00,ZBH,-0.11971563272930902,-0.6552406955837964,normal,0.9,0.9,,2026-01-30 01:11:38 UTC,1.0
2026-01-21 00:00:00+00:00,ZBRA,-0.5796027919684824,-1.0772013213832583,normal,0.9,0.9,,2026-01-30 01:11:38 UTC,1.0
2026-01-21 00:00:00+00:00,ZS,-0.755067817303452,-1.3628723947642347,normal,0.9,0.9,,2026-01-30 01:11:38 UTC,1.0
2026-01-21 00:00:00+00:00,ZTS,-0.06302934604559642,-0.5039702729887927,normal,0.9,0.9,,2026-01-30 01:11:38 UTC,1.0
