week_start,lo_weekly_return,ls_weekly_return,spread_weekly_return,lo_cum_return,ls_cum_return,spread_cum_return,lo_drawdown,ls_drawdown,spread_drawdown
2021-02-01,0.1152962901740014,0.02662940474422,-0.0886668854297814,0.1152962901740015,0.0266294047442199,-0.0886668854297814,0.0,0.0,-0.0
2021-02-08,-0.0027449965504831,-0.0055863123144575,-0.0028413157639744003,0.1122348057047071,0.0208943322581129,-0.09125627057444163,-0.0265531914745404,-0.2153661541139695,0.029203519804593316
2021-02-15,-0.0180383853265974,-0.0039012468734998,0.014137138453097598,0.0921718857057525,0.0169115714362173,-0.07840923465316829,-0.2005650349490899,-0.3649286719453197,-0.0
2021-02-22,0.0080956100040558,0.0078882750774305,-0.00020733492662530079,0.1010136833498205,0.0249332496411283,-0.07860031260688005,-0.1238774188018206,-0.0636948185430162,0.002436931753727292
2021-03-01,0.0350911238313526,0.0523335919292027,0.0172424680978501,0.1396494908522627,0.0785716880825186,-0.0627131078916352,0.0,0.0,-0.0
2021-03-08,0.0200616488480609,-0.0750032179125936,-0.0950648667606545,0.1625127387476121,-0.0023246592730884,-0.15181616140642484,0.0,-1.0295864748463468,1.4208043024873653
2021-03-15,-0.0206749280425663,0.0097130218125973,0.0303879498551636,0.1384778715254386,0.0073657830732825,-0.12604159345128307,-0.1478952813631458,-0.9062539796071748,1.0098125844612265
2021-03-22,-0.1379640851819452,-0.0395499119201743,0.0984141732617709,-0.0185911865194566,-0.0324754449186633,-0.04003169940561646,-1.1143983337105003,-1.4133224792695882,-0.0
2021-03-29,0.0149342786113033,-0.0215609253098199,-0.0364952039211232,-0.0039345538673496,-0.0533361695861889,-0.07506593829362251,-1.0242107412481685,-1.678821734492626,0.875162418987657
2021-04-05,-0.0229430210295842,-4.492433567358789e-05,0.022898096693910613,-0.0267873043448132,-0.0533786978298764,-0.053886708713178466,-1.1648320282535811,-1.6793630012609164,0.3461009528268526
2021-04-12,-0.0162793423093471,-0.0008369819437416,0.0154423603656055,-0.0426305669571864,-0.0541710027673539,-0.0392764863224383,-1.2623213865307703,-1.6894468489777352,-0.0
2021-04-19,0.0089355839495823,-0.0141065115020477,-0.023042095451630003,-0.0340759120174682,-0.0675133503957866,-0.061413569227222076,-1.2096814826952695,-1.859257985203039,0.5636217741844455
2021-04-26,-0.0357252418027305,-0.0216790280248565,0.014046213777874,-0.0685837836237263,-0.087728754605361,-0.04822998357157582,-1.422020969877563,-2.116544098088172,0.22796074922879417
2021-05-03,-0.0043355117509347,0.0037250889734614,0.0080606007243961,-0.0726219495748368,-0.0843304630483354,-0.04055814548769432,-1.446869273968862,-2.073293257486956,0.03263171646094578
2021-05-10,0.0176865847983993,0.0053308312552147,-0.012355753543184599,-0.0562197990458178,-0.0794491832613055,-0.05241277258106436,-1.3459408750296746,-2.011168083570577,0.3344567574294807
2021-05-17,-0.042104298521406,-0.0388155305286722,0.003288767992733803,-0.0959570023653852,-0.1151808515916203,-0.049296378037205546,-1.5904583425574397,-2.465933269381377,0.25511171321460535
2021-05-24,0.0002330734358145,-0.0173834845348141,-0.0176165579706286,-0.0957462939578025,-0.1305620915740849,-0.06604450350639968,-1.5891617770745947,-2.6616938589503656,0.6815277966621229
2021-05-31,0.0229311374397889,0.0071446080627503,-0.015786529377038602,-0.0750107279441104,-0.1243502984834843,-0.08078841938864256,-1.4615682962589454,-2.5826349352821256,1.0569156498729082
2021-06-07,0.0038087196269471,-0.0107161485338502,-0.0145248681607973,-0.0714877031489156,-0.133733890748557,-0.09413984640890072,-1.439889843096783,-2.702062078749092,1.3968500042510037
2021-06-14,0.0092031224912683,0.0156990323919985,0.006495909900730202,-0.0629424907463461,-0.120134351039328,-0.0882554604685113,-1.3873080426273414,-2.5289775995796195,1.2470304432016301
2021-06-21,0.0276810179605268,0.008893748490302,-0.0187872694702248,-0.0370037850026491,-0.1123090472522154,-0.10538465082069537,-1.2276977502675483,-2.42938315305463,1.683148638998547
2021-06-28,0.0062695339204583,-0.004053425201083,-0.010322959121541301,-0.0309662475674502,-0.1159072361308568,-0.11461972849977675,-1.1905465861081936,-2.475178132982545,1.9182785740764075
2021-07-05,0.0075822639265776,0.0127333548728611,0.0051510909462835,-0.0236187779027446,-0.1046497692279824,-0.1100590541992339,-1.145334932416747,-2.3319017547144414,1.8021614076093708
2021-07-12,-0.046079757369473,0.0306537442331772,0.0767335016026502,-0.0686101877170957,-0.0772039322547806,-0.041770769208366754,-1.4221834438692813,-1.9825922560515488,0.0635057541922607
2021-07-19,0.0495828394908772,-0.0306280653113535,-0.0802109048022307,-0.0224292361512341,-0.1054673904867413,-0.11863120281810924,-1.1380152492911189,-2.3423078090924543,2.020412820133972
2021-07-26,0.0199528394108867,0.0202828803547625,0.00033004094387580063,-0.0029239236873818,-0.0873236925945504,-0.11834031502838471,-1.0179919661062555,-2.1113887804324643,2.0130066640095037
2021-08-02,0.0602981979305897,0.0256226134062726,-0.0346755845243171,0.0571979669139721,-0.063938540404836,-0.1489123799563007,-0.6480401022420614,-1.813760553772061,2.791387517045495
2021-08-09,-0.0561504659102816,-0.0166750514498129,0.0394754144604687,-0.00216419148765,-0.0795474134037724,-0.11531534341290173,-1.0133170575077877,-2.0124182812545537,1.9359892956367415
2021-08-16,-0.0036194716776001,-0.0024640578570631,0.001155413820537,-0.0057758299354556,-0.0818154618318289,-0.11429316653386401,-1.0355407827101215,-2.041284256816572,1.9099641346626612
2021-08-23,-0.0050612137895741,-0.0186112610212406,-0.013550047231666501,-0.0108078110149142,-0.098904033937344,-0.12629453596073992,-1.066504392813779,-2.2587744561816163,2.2155253126242354
2021-08-30,0.0049630128092323,-0.0092935769969447,-0.014256589806177,-0.0058984375101885,-0.1072784386795836,-0.13875059637296328,-1.0362952317193366,-2.365357437235104,2.5326631622263096
2021-09-06,-0.0293608962332405,-0.0126979896494363,0.0166629065838042,-0.0350861503317542,-0.1186142078250589,-0.12439967801496887,-1.2158978465450896,-2.509630386208404,2.1672812326875706
2021-09-13,-0.0378323839617154,-0.0013812605618776,0.0364511233998378,-0.0715911415823802,-0.1198316312595894,-0.0924830626293549,-1.4405263374064707,-2.525124815108186,1.354667417806164
2021-09-20,0.0321162180725738,0.0043842535855924,-0.027731964486981404,-0.0417741602249306,-0.1159727499330142,-0.11765029010785177,-1.2570516043656572,-2.4760119422560405,1.995438266600728
2021-09-27,0.0183953196361838,0.0183736906226928,-2.162901349099869e-05,-0.0241472896186174,-0.0997299067382535,-0.11766937446163084,-1.1485870572652093,-2.269285529840135,1.9959241642857295
2021-10-04,0.0304011864272997,0.0093392838467761,-0.021061902580523602,0.0055197905552726,-0.0913220287985185,-0.13625293614053247,-0.966034720737523,-2.162276527680162,2.469071419015718
2021-10-11,0.0120200064065195,-0.0215303120992439,-0.0335503185057634,0.0176061448796291,-0.1108861491161943,-0.1652319252414356,-0.8916629858353926,-2.411273600227831,3.206891723586794
2021-10-18,0.022846937559861,-0.0031996108778839,-0.0260465484377449,0.0408553289322248,-0.1137309674651595,-0.18697475233491756,-0.7486022988285577,-2.447480259628829,3.760475537448995
2021-10-25,0.0256460470179101,0.014424677764472,-0.011221369253438099,0.0675491536368628,-0.100946822258214,-0.19609800885133544,-0.5843454848067695,-2.284773494394014,3.9927584469109303
2021-11-01,0.0217350953231458,-0.0112986984866607,-0.033033793809806505,0.0907524362533038,-0.1111049530369927,-0.22265394147023332,-0.4415672460345063,-2.414058368203907,4.668886458996541
2021-11-08,-0.0189969606056661,-0.0095918056369927,0.0094051549686734,0.0700314551912655,-0.1196310615591474,-0.2153428813254734,-0.5690709803369521,-2.5225721182610568,4.482743022316892
2021-11-15,0.0228837065751961,0.0306596947730681,0.007775988197872001,0.0945177410380926,-0.0926392186188609,-0.20924139683128395,-0.4183979559603515,-2.17904070638737,4.327396017900569
2021-11-22,0.0242720669598503,0.0071944057857861,-0.017077661174064198,0.1210839489373134,-0.0861112969634969,-0.2227457043266755,-0.254926414566424,-2.095958341547402,4.6712227895860154
2021-11-29,-0.063200892766132,-0.0035331736077495,0.0596677191583825,0.0502304424986943,-0.0893402244094859,-0.17636871329779313,-0.6909138145982271,-2.137053646036697,3.490440205111609
2021-12-06,0.0170724127189197,0.0092331309421727,-0.007839281776747,0.0681604100630057,-0.0809319834576891,-0.18282539103439643,-0.5805842016553471,-2.030040023738469,3.6548306163005715
2021-12-13,0.0086759362991727,0.0273730749540774,0.018697138654904702,0.0774277017380105,-0.0557742657529811,-0.1675465640652991,-0.5235591847463825,-1.7098519468540003,3.265823645471598
2021-12-20,0.0220630017715218,-0.0258962760816516,-0.0479592778531734,0.1011989910301427,-0.0802261960504421,-0.20747042969912033,-0.3772857942705143,-2.021057304587701,4.282306263241129
2021-12-27,-0.0099778620983946,0.0034027316246123,0.0133805937230069,0.0902113793547527,-0.077096452640253,-0.19686591350545501,-0.4448965659556442,-1.9812243382028865,4.01230970329918
2022-01-03,-0.0554351739702356,0.0133826344161738,0.0688178083864094,0.0297753218758913,-0.0647455718645475,-0.14159598583247934,-0.8167816129039984,-1.8240318293346265,2.6051082744534315
2022-01-10,0.0357248726536996,0.0303598351887822,-0.005365037464917399,0.0665639141118301,-0.0363514015667765,-0.14620135552852365,-0.5904080220123163,-1.4626526736780687,2.7223634091983464
2022-01-17,-0.0824099623216925,0.0051209622256103,0.0875309245473028,-0.0213315778638026,-0.0314165934954376,-0.07146757080070143,-1.1312609585451106,-1.3998462329388024,0.8196019423426036
2022-01-24,0.0471947907340794,0.0044189375272511,-0.0427758532068283,0.0248564735169669,-0.0271364839321618,-0.11118633768991038,-0.8470490762230651,-1.3453722911446444,1.8308626381986373
2022-01-31,0.0392023156162114,0.025185626881032,-0.014016688735179403,0.0650332204530963,-0.0026343064103083,-0.12364456213808572,-0.5998269369264945,-1.033527425394523,2.1480555852942658
2022-02-07,-0.0214058128236563,-0.0004676094163063,0.02093820340735,0.0422353186851014,-0.0031006840001317,-0.10529525372299575,-0.7401107198698169,-1.039463120569273,1.6808725418709753
2022-02-14,-0.0220774551534248,0.0018046077917959,0.0238820629452207,0.0192254151775157,-0.0013016717268423,-0.0839278586550205,-0.881699026638315,-1.0165666763513508,1.13684742484394
2022-02-21,0.0121688755129037,-0.0298430416707552,-0.042011917183658896,0.0316282423743985,-0.0311058675540117,-0.12241380559146287,-0.8053799190258046,-1.3958915522006266,2.116719876276941
2022-02-28,-0.0212958312077018,0.045810133956609,0.0671059651643108,0.0096588614556951,0.0132793024431114,-0.06352253700080346,-0.9405655117861516,-0.8309912543922297,0.6173172029523836
2022-03-07,-0.0391146946739162,-0.0509084480783299,-0.011793753404413701,-0.0298336366349583,-0.03830517431416,-0.07456712126820697,-1.1835772190221403,-1.4875187901516207,0.8985181275140556
2022-03-14,0.0550962031112908,-0.0973893112952617,-0.1524855144065525,0.0236188463727444,-0.1319639710639207,-0.21568222983036112,-0.8546646462624364,-2.679535902618354,4.491383013738269
2022-03-21,0.036824933101234,0.006512194792335,-0.030312738308898995,0.0613135419115831,-0.1263111513567241,-0.2394570491485326,-0.6227154721279718,-2.6075911621507712,5.096702418406837
2022-03-28,0.0137727062555784,-0.0076658237083796,-0.021438529963958,0.075930701569399,-0.1330086960464006,-0.2557619719892389,-0.5327707713589023,-2.692832358478926,5.511834329822024
2022-04-04,-0.0742677386304311,-0.0257703104122023,0.04849742821822879,-0.0039762385592134,-0.1553513310739649,-0.2196683416485108,-1.0244672423211618,-2.977192228717418,4.59287151720128
2022-04-11,-0.0015113922593693,0.0006792393125305,0.0021906315718998,-0.005481621162403,-0.1547776124927538,-0.2179589224811731,-1.0337304091029822,-2.9698903799826857,4.549348806098655
2022-04-18,-0.0770104331689396,-0.0250968956183592,0.051913537550580396,-0.082069912311158,-0.1759900705263235,-0.1773604036373031,-1.5050060256421829,-3.2398662268970564,3.515689162754325
2022-04-25,-0.0358044785717601,-0.0082452015963803,0.0275592769753798,-0.114935920466187,-0.1827841985122531,-0.1546890511502288,-1.707242529736001,-3.3263366611175123,2.9384646039953006
2022-05-02,0.0023288413977393,0.1091723966303453,0.106843555232606,-0.1128747465981165,-0.0935667908996471,-0.06437302409807177,-1.6945593771169836,-2.1908461327874247,0.63897105177904
2022-05-09,0.0079933247280807,-0.0114312299555073,-0.019424554683588,-0.1057836663731943,-0.1039284373521817,-0.0825471614549188,-1.6509253809172462,-2.3227211975264237,1.1016941479248454
2022-05-16,-0.0330041427398997,-0.0263824356401623,0.006621707099737396,-0.1352965098885632,-0.1275689876827175,-0.07647205748025054,-1.8325286431772176,-2.6235999352430888,0.947018805410879
2022-05-23,0.0589457344548672,-0.0199893723555167,-0.0789351068103839,-0.0843259275782576,-0.1450083360424281,-0.14937083426542097,-1.5188881082683534,-2.845554544916171,2.8030600048886445
2022-05-30,-0.0098484255006964,-0.0046524976953547,0.0051959278053417,-0.0933438754634226,-0.1489861827885382,-0.144951026531146,-1.574378822132761,-2.896181518106978,2.690529375290294
2022-06-06,-0.0949327873802576,-0.0075500822606611,0.08738270511959649,-0.1794152685610619,-0.155411407113444,-0.07023453421970338,-2.1040074147030405,-2.977956830330865,0.7882081824508582
2022-06-13,-0.0765450100809856,-0.0307056895782966,0.045839320502689004,-0.2422269351013583,-0.1813450822679889,-0.02761471704146845,-2.490510448399648,-3.308020696685734,-0.0
2022-06-20,0.0571195571901021,-0.0232868475123443,-0.0804064047024464,-0.1989432731837612,-0.2004089745024451,-0.10580072162973497,-2.224170330996187,-3.550651251020198,2.831316521217879
2022-06-27,-0.0159502393452546,0.0303492862622838,0.0462995256075384,-0.2117203197056065,-0.1761419575768666,-0.06439971924258847,-2.3027921462477807,-3.24179932842828,1.3320796351409556
2022-07-04,-0.008787886389616,-0.0145926879524936,-0.0058048015628776005,-0.2186476319792765,-0.1881642609070997,-0.06983069321455782,-2.3454184186683587,-3.394809956348184,1.528749185070211
2022-07-11,-0.0321363810277708,-0.0193272523031504,0.012809128724620398,-0.2437574693949414,-0.2038548150652628,-0.05791603482825214,-2.499928382682081,-3.5945072587872557,1.0972887298204368
2022-07-18,0.0439457001352644,0.0177383488058981,-0.026207351329366302,-0.2105238619154379,-0.1897325140747541,-0.08260556028527066,-2.29542990622039,-3.414769476194663,1.9913600114469252
2022-07-25,0.001718389760367,-0.0110960001408919,-0.0128143899012589,-0.2091672342036993,-0.1987232422127408,-0.09436141032902223,-2.2870820823993565,-3.529196547286026,2.417069607750159
2022-08-01,0.0658691598162333,0.0281313930056607,-0.0377377668105726,-0.1570757443655489,-0.1761822108331259,-0.12853818824068142,-1.9665441957106693,-3.242311640906751,3.6546987263225716
2022-08-08,0.043752480307521,0.0006025278439709,-0.0431499524635501,-0.1201957174701707,-0.1756858376767942,-0.1661417239918953,-1.7396079740975805,-3.2359941852373457,5.016419568681573
2022-08-15,-0.1091563651364429,-0.026502931480776,0.08265343365566691,-0.216231954982603,-0.1975325794394794,-0.09722047429763059,-2.330553879338768,-3.514042707495656,2.5206036749040956
2022-08-22,-0.0047583043883803,-0.011081200414839,-0.0063228960264586995,-0.2199613619106816,-0.2064248817530894,-0.10292865537346241,-2.35350227684175,-3.627217090414234,2.727311607752365
2022-08-29,-0.0205429687922242,0.0073946976581601,0.0279376664503843,-0.2359856713096796,-0.2005566336846148,-0.07786657536508845,-2.452105681857798,-3.552530543495303,1.8197491666547887
2022-09-05,0.025622027823488,-0.0521272104300385,-0.0777492382535265,-0.2164100749224327,-0.2422293862674353,-0.1495617466985686,-2.331649916124575,-4.082909279141841,4.416015904634286
2022-09-12,-0.0289994703278979,0.0276324776300271,0.056631947957925,-0.2391337677039594,-0.2212903067347782,-0.10139977179617332,-2.4714770641785955,-3.81641278347452,2.6719467972061195
2022-09-19,-0.0959654036717941,-0.0031248176455301,0.092840586026264,-0.312150602826486,-0.2237236325250388,-0.017973200006395462,-2.9207762125728896,-3.8473822821532937,-0.0
2022-09-26,0.0131701642667605,-0.030083971253914,-0.0432541355206745,-0.3030915132749185,-0.2470771084492483,-0.060449920298253135,-2.865032339068693,-4.144607357675191,2.3633365386655156
2022-10-03,-0.0145281800955509,-0.0009794517892264,0.0135487283063245,-0.3132163252801784,-0.2478145601225272,-0.04772021153818862,-2.9273339905163622,-4.153993075244404,1.6550759754082844
2022-10-10,-0.0033863674405264,-0.0114983706562459,-0.0081120032157195,-0.3155420271549347,-0.2564634671124698,-0.05544510824445548,-2.941644880189868,-4.264069709729579,2.0848768290970034
2022-10-17,0.0294580147267859,0.0022705358311801,-0.0271874788956058,-0.2953792541109987,-0.2547752407727572,-0.0811251744298006,-2.817576002886351,-4.242583263645597,3.5136744931861643
2022-10-24,0.0223938841451622,-0.0322342266358215,-0.0546281107809837,-0.2796000587612826,-0.2787969845563137,-0.13132157019490653,-2.720480873782522,-4.548313538376719,6.306521384515721
2022-10-31,0.0016167973372595,0.003073554627428,0.0014567572901684998,-0.2784353180545258,-0.2765803276908817,-0.1300561165594759,-2.7133138005073274,-4.520101635087788,6.236113575389893
2022-11-07,0.0405817374170113,-0.0294945567766241,-0.0700762941936354,-0.2491529696024251,-0.2979172702891298,-0.1910185600674077,-2.533128858220574,-4.791661825774278,9.627966082803114
2022-11-14,-0.0224180767758249,0.0212269434530041,0.043645020228829004,-0.2659855159767782,-0.2830141998862264,-0.15571054875680246,-2.636705639364449,-4.601987010753736,7.663485005530204
2022-11-21,0.027337593141751,-0.0113989198930721,-0.0387365130348231,-0.2459193266523991,-0.2911870635861936,-0.18841537809004816,-2.5132310768223545,-4.706004932468537,9.483129215888306
2022-11-28,0.0247586996450988,-0.0096935868207939,-0.0344522864658927,-0.227249269752812,-0.2980580033250227,-0.21637632397540307,-2.3983474249716377,-4.793452967587918,11.038831365500254
2022-12-05,-0.0249332762961829,0.0071618349805775,0.0320951112767604,-0.2465164772181423,-0.2930308105788994,-0.19122583489428957,-2.516905561483342,-4.729470725780366,9.639498521478927
2022-12-12,-0.0342808168279129,0.0152830652678539,0.0495638820957668,-0.2723465078454777,-0.2822261543146149,-0.15113984753288778,-2.6758471363185943,-4.591957372968891,7.409178525755413
2022-12-19,-0.010906684748041,-0.008290483488188,0.0026162012598530005,-0.2802827950902182,-0.2881768465305229,-0.14891905853256437,-2.7246819987786126,-4.667693205571321,7.285617390313023
2022-12-26,-0.0097342639154707,-0.0114136155825475,-0.0016793516670768008,-0.2872887123073151,-0.2963013223669802,-0.15034832273043497,-2.76779195601081,-4.771095283784592,7.3651393562045735
2023-01-02,0.0322971317979426,-0.0210097227731747,-0.0533068545711173,-0.2642701819148231,-0.3110858364998997,-0.19564058112674954,-2.6261505648812165,-4.959261205807195,9.885127915848825
2023-01-09,0.0314465598312433,-0.0273669443011419,-0.0588135041323852,-0.2411340101707777,-0.3299393120406747,-0.24294777713257443,-2.4837852837202323,-5.199213738339962,12.5172243699578
2023-01-16,0.0251413876674028,-0.003363737624038,-0.0285051252914408,-0.2220550661328738,-0.3321932203871524,-0.26452764559757413,-2.366385600563492,-5.227899749821738,13.71789361401678
2023-01-23,0.0022259392686316,0.0089501890077042,0.006724249739072599,-0.2203234079557459,-0.3262162234889911,-0.2595821458103884,-2.355730077861254,-5.15182913146002,13.442733943761848
2023-01-30,0.0985380206091629,0.0368660223863416,-0.0616719982228213,-0.1434956198604071,-0.3013764957005825,-0.30524519439811526,-1.882980749486111,-4.835688185597675,15.983352674509764
2023-02-06,-0.0498109407951452,-0.0395822218657392,0.010228718929405994,-0.186158908830323,-0.3290295662483823,-0.29813874276675956,-2.145503486464739,-5.187635193771377,15.58796111213762
2023-02-13,-0.022517366691624,-0.0044751687177878,0.018042197973836202,-0.2044844671089021,-0.332032272144068,-0.285475623013592,-2.2582673129795285,-5.225851324402708,14.883405454343704
2023-02-20,-0.0285243138134992,-0.0014564432611752,0.027067870552324,-0.2271760018126009,-0.3330051292399864,-0.26613496967084393,-2.397896580682287,-5.238233101091744,13.807322545575872
2023-02-27,0.0173359491945841,-0.0052983319544258,-0.0226342811490099,-0.2137783642436688,-0.3365390894771722,-0.28274547709274067,-2.3154560429608777,-5.283210628282892,14.731504517399818
2023-03-06,-0.0528838029453152,0.0061795292076523,0.0590633321529675,-0.2553567543003501,-0.3324392134024608,-0.240382034968051,-2.5713030022645045,-5.23103055967592,12.374470594135438
2023-03-13,0.0317243012777558,0.0198572050526785,-0.011867096225077301,-0.2317334676293283,-0.319183321977866,-0.24939649445338252,-2.42594032575636,-5.06231977150152,12.87602065100477
2023-03-20,-0.0008962631709238,-0.0043016375881796,-0.0034053744172558003,-0.2324220366277455,-0.3221119485907057,-0.2519525804286734,-2.430177341289564,-5.099593078010653,13.018237171957153
2023-03-27,0.0277245733960857,0.0078051486842077,-0.019919424711878003,-0.2111412650450134,-0.3168209315582083,-0.2668532546837391,-2.2992290122740653,-5.032253083648555,13.84728677079117
2023-04-03,-0.0065303949838463,0.002073684869172,0.008604079853018299,-0.2162928241707268,-0.3154042334610455,-0.2605452015430576,-2.330928429596137,-5.014222440146598,13.496316818949712
2023-04-10,0.0054877064455755,-0.0065848122592036,-0.0120725187047791,-0.2119920692504846,-0.3199121680571501,-0.2694722834287677,-2.3044643200537998,-5.071595963690731,13.993005326423816
2023-04-17,-0.0045688920566708,0.0101442104630202,0.014713102519690999,-0.2155923924258798,-0.3130132139565827,-0.2587239542413795,-2.3266184182687497,-4.983791383326849,13.394985542325069
2023-04-24,0.0030695083892872,0.0074864991299926,0.0044169907407054,-0.2131846466938102,-0.3078700879805521,-0.25544974481095695,-2.311802682895482,-4.918333632557524,13.212813784972038
2023-05-01,0.0030832984123678,-0.0106118969466333,-0.0136951953590011,-0.2107586601641345,-0.3152148992805849,-0.265646506010365,-2.2968747052589515,-5.011812740354202,13.780145211528227
2023-05-08,-0.0002692501496842,-0.0020928788763788,-0.0018236287266946002,-0.2109711635130223,-0.3166480715527395,-0.266985694137553,-2.298182315668606,-5.030053054481722,13.854655489425959
2023-05-15,0.0527697357489932,0.007730991452431,-0.0450387442965622,-0.1693343203132689,-0.3113650836349115,-0.2999997380250138,-2.0419756729117147,-4.962815248514264,15.69150390126766
2023-05-22,0.0298480165213415,0.0235194084434698,-0.006328608077871698,-0.144540597382268,-0.2951687977684863,-0.304429765337461,-1.8894108763174835,-4.756681381956437,15.937983510400752
2023-05-29,0.0218858848090254,0.0100405762083157,-0.0118453086007097,-0.1258181114377785,-0.288091886368482,-0.3126690094205068,-1.7742046094809734,-4.66661189798949,16.39640182656671
2023-06-05,0.0168917916484104,0.0038697911326433,-0.013022000515767101,-0.1110516131133716,-0.2853369506630939,-0.3216194339343357,-1.6833409735703155,-4.631549195728407,16.894389080402643
2023-06-12,0.0143092470416479,-0.0084601865173954,-0.0227694335590433,-0.0983314310381364,-0.2913831333575747,-0.337065775161114,-1.6050690659447229,-4.708500357680417,17.753798713705674
2023-06-19,-0.0588391845359653,-0.037465687040069,0.0213734974958963,-0.1513848743575633,-0.3179319511145142,-0.3228965521665761,-1.9315262023407849,-5.046393285843766,16.9654458889724
2023-06-26,0.1053414733366769,0.0356129943313587,-0.0697284790053182,-0.0619905067265996,-0.2936414655559545,-0.3701099457132575,-1.3814501386434268,-4.737242672545894,19.59232332481473
2023-07-03,0.0069439169085651,0.0095492761398379,0.0026053592312728,-0.0554770467458638,-0.2868962528568171,-0.3684688558456347,-1.3413704499314456,-4.651394794464754,19.50101571865451
2023-07-10,0.0353091387365775,0.0036448436250732,-0.0316642951115043,-0.0221267547495315,-0.2842971012100264,-0.38846584436624443,-1.136153971190499,-4.618314791855405,20.613616063250582
2023-07-17,-0.0065331215276432,-0.0320992143981992,-0.025566092870555997,-0.0285153194993837,-0.3072706020036985,-0.40410038338269405,-1.1754651341127729,-4.910703836234145,21.483496719499126
2023-07-24,0.0280357752779204,0.0118340590568267,-0.0162017162210937,-0.0012789933109262,-0.2990728013974103,-0.4137549798673862,-1.0078701111111823,-4.806368536759879,22.020662971544212
2023-07-31,-0.0423864194687213,-0.0107211046237341,0.0316653148449872,-0.043611200832673,-0.3065875152272496,-0.395191346728581,-1.2683555834992275,-4.902010033248374,20.987812219747113
2023-08-07,-0.0259081867837991,-0.012489435369381,0.013418751414418102,-0.0683895004794334,-0.3152478456401407,-0.3870755697570428,-1.420825475014883,-5.012232056272695,20.536263415491312
2023-08-14,-0.022820033678146,0.0020459957693497,0.0248660294474957,-0.0896488834534073,-0.3138468456292673,-0.371834572825532,-1.5516421921399968,-4.99440120593635,19.688278809183725
2023-08-21,0.0023407943993467,0.0027560701809892,0.00041527578164249996,-0.087517938658356,-0.3119557593809144,-0.3715737109367614,-1.5385297136261689,-4.970332914997165,19.67376487239574
2023-08-28,0.0264997319731426,0.0003850437730337,-0.0261146882001089,-0.0633374086025018,-0.3116908322304923,-0.38798486753239936,-1.3897381158585171,-4.966961126037459,20.58685528421992
2023-09-04,0.0016586321141488,0.0055049258422321,0.0038462937280833,-0.0617838299482881,-0.3079017413053926,-0.3856308775668972,-1.3801783812421038,-4.918736491724903,20.455883060872683
2023-09-11,-0.040443072488172,-0.0097630411406251,0.030680031347546897,-0.0997281745232646,-0.314658725078383,-0.3667820136316847,-1.6136637367126396,-5.004734182978448,19.40716252538065
2023-09-18,-0.0335394985100216,0.0123180872614232,0.0458575857714448,-0.129922840072456,-0.3062166314500434,-0.33774416550977815,-1.79946249797827,-4.897289709856357,17.79154326383713
2023-09-25,-0.0164177810100776,-0.0061366276762267,0.010281153333850901,-0.1442075763460167,-0.3104741216707928,-0.33093541172914676,-1.887361676735853,-4.951475770060104,17.412715132051552
2023-10-02,0.0266527354846725,0.027076605316919,0.0004238698322465012,-0.1213983672485802,-0.2918041016074708,-0.3306518154343543,-1.7470083156811234,-4.713858117710391,17.396936289402966
2023-10-09,0.0078595624825185,-0.0127458200201239,-0.0206053825026424,-0.1144929428187275,-0.3008306390673719,-0.3444439908047787,-1.7045167271258594,-4.828740942302643,18.164310789520737
2023-10-16,-0.0514556735268653,-0.0297408511470858,0.0217148223797795,-0.1600573048587824,-0.3216245309574723,-0.3302087085051074,-1.9848908220503063,-5.093389601349677,17.372282531080064
2023-10-23,-0.0173348346414037,-0.0017225306880964,0.015612303953307302,-0.1746175725873104,-0.3227930535209499,-0.31975172327701085,-2.074485446082461,-5.108261657582583,16.790472657247044
2023-10-30,0.0370946809790326,-0.0149833181684691,-0.052077999147501705,-0.1440002747567371,-0.3329398606659429,-0.35517769245228015,-1.8860860746453512,-5.237402412893027,18.7615167207785
2023-11-06,0.0003071508193755,0.0004519614607198,0.00014481064134429998,-0.1437373537397435,-0.3326383751909815,-0.3550843153203711,-1.8844682259830257,-5.233565337703236,18.75632136703649
2023-11-13,0.057706395622844,-0.0142972279804912,-0.0720036236033352,-0.0943255227175857,-0.3421797964863071,-0.4015205815359303,-1.58041925478886,-5.355001207647953,21.339960685523774
2023-11-20,0.006757017146298,0.0035678271464596,-0.0031891899998384003,-0.0882058647456239,-0.3398328077067214,-0.40342924611240505,-1.5427627730931954,-5.325130540021201,21.446155719006715
2023-11-27,0.0575106296874828,0.0182410711728426,-0.0392695585146402,-0.0357680098817909,-0.327790650966124,-0.42685631624031695,-1.2200935764016625,-5.171867233167589,22.749600298690677
2023-12-04,0.0120013423075051,-0.0078792974433603,-0.0198806397508654,-0.0241959317045353,-0.3330871883713695,-0.43825077934262713,-1.148886369714761,-5.239277486587152,23.383569936721504
2023-12-11,0.0456519970948025,0.0072050406208969,-0.0384469564739056,0.0203514727863858,-0.3282820544729886,-0.45984832717849156,-0.8747699845364593,-5.178121438961774,24.58522283259866
2023-12-18,0.0220488942222444,0.011296931822287,-0.010751962399957399,0.0428490944793642,-0.3206937026385632,-0.46565601765494247,-0.7363339341298633,-5.081542734601294,24.90835340892254
2023-12-25,-0.0093430194977362,-0.0067152076274795,0.0026278118702567008,0.0331057350564469,-0.3252553854679997,-0.4642518621953359,-0.7962883690744925,-5.13960032431027,24.83022845292656
2024-01-01,-0.0106582800407118,-0.0124449162878001,-0.0017866362470883006,0.0220946048205499,-0.3336525257114945,-0.4652090492376477,-0.8640438590179469,-5.246472665333105,24.883484803602634
2024-01-08,-0.0090653150541528,-0.0002961082046154,0.008769206849537399,0.0128289952127018,-0.3338498366657561,-0.4605193567691519,-0.9210585255557984,-5.248983887365835,24.622557841969364
2024-01-15,-0.0062479735384601,0.0025432995615613,0.0087912731000214,0.0065008664516277,-0.3321556172474141,-0.45577663510233424,-0.959997803853864,-5.227421165987587,24.358680420857375
2024-01-22,0.0267480155856326,0.0056790319021232,-0.0210689836835094,0.0334227673144285,-0.3283629076921085,-0.4672428682975477,-0.7943375542619142,-5.179150476533615,24.99664323166087
2024-01-29,0.0457039391826266,0.0424472077876451,-0.0032567313949814977,0.0806542586217089,-0.2998537884770256,-0.46897791517426335,-0.503705006492028,-4.816308339488759,25.093178454998853
2024-02-05,0.0345721053807349,-0.0144359936555431,-0.049008099036278,0.1180147515309184,-0.3099610947445238,-0.4950022980978539,-0.2738123027130853,-4.944946358018833,26.541133349749384
2024-02-12,-0.0040833568342391,-0.0045130125609901,-0.0004296557267509998,0.1134494983544744,-0.3130752489915136,-0.4952192732524723,-0.3019039662443605,-4.984580917527332,26.55320549909069
2024-02-19,0.0545836303686491,0.0299631773457128,-0.0246204530229363,0.1742256142068128,-0.2924928008538867,-0.5076472034222435,0.0,-4.722623351896178,27.244675585961637
2024-02-26,0.1316286620846917,0.0675261800620724,-0.06410248202261931,0.3287873607904308,-0.2447175423291337,-0.5392082397136553,0.0,-4.11457661533405,29.00068098734711
2024-03-04,0.0134145549013953,-0.003946016950734,-0.017360571852129303,0.3466124517940343,-0.2476978997096951,-0.5472078481769755,0.0,-4.152508311257794,29.445766362264973
2024-03-11,0.0075794559986573,-0.0054970916923292,-0.0130765476909865,0.3568190416196513,-0.2518333733353228,-0.5531288063443938,0.0,-4.205141438107309,29.775198971110996
2024-03-18,0.0922965307831595,0.0333195587369263,-0.0589769720462332,0.4820487320616764,-0.2269047914731611,-0.5794839162408874,0.0,-3.887869625950481,31.24155498379185
2024-03-25,-0.0122148454096321,-0.0122025972789101,1.2248130721998624e-05,0.4639457359100016,-0.2363385609610692,-0.5794787657049227,-0.0375542864188232,-4.007935386507903,31.241268416237784
2024-04-01,0.0082697170148367,0.0135835175741513,0.005313800559314599,0.4760521528710542,-0.2259653523831821,-0.5772441997349218,-0.0124397779555926,-3.8759131679322656,31.11694075231562
2024-04-08,-0.0347413676302889,0.0032119753474428,0.0379533429777317,0.4247720823866814,-0.2234791721769703,-0.5611992038516359,-0.1188192103110161,-3.8442709789086473,30.22422293481086
2024-04-15,-0.0240220860128056,-0.0179776473370882,0.006044438675717398,0.3905460848749442,-0.2374391897694766,-0.5585468993484611,-0.18982032541686,-4.02194334325756,30.076652969405092
2024-04-22,0.0354780850588145,-0.0197027905419907,-0.0551808756008052,0.439879997152339,-0.2524637656889794,-0.5829066679791035,-0.0874781575069925,-4.213164587018079,31.431991396728794
2024-04-29,0.002480367072634,0.0022048610622312,-0.00027550601040280016,0.4434514280858201,-0.2508155521533399,-0.5830215796989742,-0.0800692988254097,-4.192187393122124,31.438384900380328
2024-05-06,0.0017973901561049,-0.0051991098699828,-0.0069965000260877,0.4460458734734773,-0.2547106444105771,-0.5859389692274883,-0.0746871761994234,-4.241761130842336,31.60070377111431
2024-05-13,0.0217834398720177,0.0079846969920609,-0.0137987428799568,0.4775457268104663,-0.2487597347347871,-0.5916524909277281,-0.0093413900954601,-4.166022530577823,31.918594947877867
2024-05-20,0.0131219240062292,0.0201595206186188,0.007037596612389599,0.4969339695534021,-0.2336150911176363,-0.5887787058812033,0.0,-3.9732731575308113,31.758702160533254
2024-05-27,-0.0547407921429499,-0.0348767682283503,0.0198640239145996,0.4149906182743583,-0.260344119958432,-0.5806101962606349,-0.1648978663154921,-4.313459673731455,31.304219396325333
2024-06-03,0.0153755028068657,-4.844530332450215e-05,-0.015423948110190202,0.4367468104973246,-0.2603799528118963,-0.5870788428314537,-0.1211170150234809,-4.313915726723808,31.664124508854936
2024-06-10,0.0066243726442316,0.0101159035012388,0.003491530857007199,0.4462643567654702,-0.2528980277869598,-0.5856371158696886,-0.1019644779636798,-4.218691540919391,31.58390913478398
2024-06-17,-0.0458278423184578,-0.0234229389715969,0.0224049033468609,0.3799851818728164,-0.2703973516876655,-0.5763533555002225,-0.235340698857211,-4.44140947313853,31.067375608969844
2024-06-24,0.0002978806260906,0.0092315541768263,0.0089336735507357,0.3803962527227886,-0.2636619853122142,-0.5725686346773968,-0.2345134846292489,-4.3556869114904,30.8567998171532
2024-07-01,0.0397335745180134,0.0162291646072239,-0.023504409910789496,0.4352443300947359,-0.2517118344652896,-0.5826151566966677,-0.124140516121502,-4.203594584870484,31.415772176871894
2024-07-08,-0.0043728850595933,-0.0119255524998369,-0.0075526674402436,0.4289681716067985,-0.2606355842683805,-0.5857675256127359,-0.1367702795759461,-4.317169207242335,31.591164923569558
2024-07-15,0.0026468818829816,-0.0038778517796061,-0.0065247336625876996,0.4327504815715821,-0.2635027298837028,-0.5884702821825075,-0.1291589867352036,-4.353660030912957,31.741541960981362
2024-07-22,-0.0295653271532026,0.0011321251208882,0.0306974522740908,0.3903907448550097,-0.2626689228227385,-0.575837368310435,-0.2144011704294305,-4.34304797609636,31.038666909928832
2024-07-29,-0.0581596146085025,0.0024690826905641,0.0606286972990666,0.3095261549790136,-0.2608483914228651,-0.5501209405081529,-0.3771282022495125,-4.319877652990135,29.607846143836465
2024-08-05,-0.0020942020588984,-0.0057249588611267,-0.0036307568022283,0.3067837426090751,-0.2650800039741048,-0.551754341963583,-0.3826468677824867,-4.3737343621242895,29.69872597908277
2024-08-12,0.0374484260831593,-0.0394349182556261,-0.07688334433878541,0.3557207370008455,-0.2940615139418111,-0.5862169672387623,-0.2841690067585153,-4.742588725254033,31.616171134253598
2024-08-19,0.0098096699194913,0.0158899222889687,0.0060802523694774,0.3690199099338334,-0.2828442062575542,-0.5837010619733662,-0.2574065518896322,-4.599823462625642,31.476190203506665
2024-08-26,0.0047193087267999,0.0256495144787223,0.0209302057519224,0.3754807375419471,-0.2644495083424577,-0.5749878395461618,-0.2444051714166488,-4.365709898770709,30.991400493043088
2024-09-02,-0.0335571816343139,0.0091739901852086,0.0427311718195225,0.3293234805977518,-0.257701575351266,-0.5568265718924225,-0.3372892561687479,-4.279827398905048,29.980936711007782
2024-09-09,0.0136049349003932,-0.0190057089510851,-0.0326106438514783,0.3474088400128485,-0.2718094831649889,-0.5712787427208774,-0.3008953677989306,-4.459381996216312,30.785032299067357
2024-09-16,0.0223850907464445,0.0016222679734225,-0.020762822773022,0.3775707091690976,-0.2706281630109773,-0.5801802062047909,-0.2401994383510892,-4.4443470620963925,31.280295439784986
2024-09-23,0.0174766792598344,0.0076455200332185,-0.009831159226615899,0.4016460706109885,-0.2650517360196123,-0.5843075214440767,-0.1917516305597892,-4.373374589346303,31.509932635043324
2024-09-30,0.0646552715650884,0.0242929877359866,-0.04036228382910181,0.4922698779444809,-0.2471976468561521,-0.6010858192491737,-0.0093857371294475,-4.146141477786968,32.44345019447218
2024-10-07,-0.0107528363519165,-0.0237525468721808,-0.0129997105202643,0.4762237441540493,-0.2650786200346894,-0.6062715881213628,-0.0416760106336967,-4.373716748408087,32.73197805096651
2024-10-14,0.0195163613250671,0.0221424387867465,0.0026260774616794005,0.5050342601416031,-0.2488056683657361,-0.6052376268129056,0.0,-4.166607138495381,32.67445010335065
2024-10-21,0.029901260900976,0.0101387537379423,-0.019762507163033703,0.5500366822190048,-0.2411894940279582,-0.6130391210407117,0.0,-4.069674330716335,33.108512720192955
2024-10-28,-0.0252163527107405,-0.0052916726423466,0.0199246800683939,0.5109504105255844,-0.2452048708231357,-0.6053290493284633,-0.0710612091101546,-4.120778957499463,32.67953670537618
2024-11-04,0.1539196098327084,0.0866669574362753,-0.06725265239643309,0.743515308190253,-0.1797890734896564,-0.631871717584946,0.0,-3.288217014006824,34.156328164161366
2024-11-11,0.0036589574383317,0.0197251229178726,0.0160661654795409,0.7498947564960008,-0.1636103121456575,-0.6259573076819667,0.0,-3.082306186088664,33.82725989023826
2024-11-18,0.0499234464809228,-0.0310110312875488,-0.0809344777684716,0.8372555337191765,-0.1895476189242918,-0.6562302576478398,0.0,-3.4124162729611003,35.51159823594748
2024-11-25,0.0003927746517684,-0.0030859998321959,-0.0034787744839643,0.8379771611216427,-0.1920486748362943,-0.6574261550558934,0.0,-3.444247788524006,35.5781360482251
2024-12-02,0.0273127146602503,0.0028807842936138,-0.0244319303666365,0.8881773068754151,-0.1897211413487581,-0.6657958953809988,0.0,-3.4146247328873285,36.04381496584284
2024-12-09,-0.0166055966188099,0.0017745271850242,0.018380123803834098,0.856822996172651,-0.1882832794866311,-0.659653182562352,-0.0353018597300889,-3.3963247332663844,35.70204428413557
2024-12-16,-0.0466323923057857,-0.0115900783389672,0.0350423139668185,0.7702348977727234,-0.1976911398664307,-0.6477266425280945,-0.1327915137998853,-3.5160607426279133,35.03847073963523
2024-12-23,-0.0117090970821981,0.0038494595670883,0.0155585566492864,0.7495070454964075,-0.1946026843490298,-0.6422457775398336,-0.1561290299870935,-3.4767532567793555,34.73352420889442
2024-12-30,0.018676762589558,-0.0285790232857315,-0.0472557858752895,0.7821821732339032,-0.2176201529872845,-0.6591517344723918,-0.1193400606174009,-3.7697018900590806,35.67414451727259
2025-01-06,-0.0197190042448534,-0.0011225595235324,0.018596444721321,0.7470393153948016,-0.2184984209355684,-0.6528131685441496,-0.1589074505597686,-3.7808798088453175,35.3214768829066
2025-01-13,0.0325231608015931,-0.0088800554150876,-0.0414032162166807,0.803858555976092,-0.225438198264639,-0.6671878199945005,-0.0949345927289611,-3.869203955855908,36.12125941719298
2025-01-20,-0.0664316088942136,-0.0468141513417319,0.019617457552481697,0.6840253298850074,-0.2616986516746028,-0.6606588911802936,-0.2298549798672621,-4.330699111361308,35.758000297398866
2025-01-27,-0.0203646054362824,-0.029202626249648,-0.008838020813365599,0.6497308184971939,-0.2832589900093606,-0.6636579949628727,-0.2684672154224135,-4.60510251112172,35.924865618071415
2025-02-03,0.0034569572825092,-0.0269001548530107,-0.0303571121355199,0.655433867464378,-0.3025394341676122,-0.6738683669256704,-0.2620461450763952,-4.850489171746887,36.49295432565629
2025-02-10,0.0439208453182006,0.0187373726494633,-0.025183472668737297,0.7281419222917918,-0.2894708556373052,-0.6820814939936084,-0.1801840503520898,-4.684162357989471,36.94991953302145
2025-02-17,-0.0939422272847885,-0.0379281380286625,0.056014089256126,0.5657964210474848,-0.316419903098081,-0.6642735784219922,-0.3629690640960619,-5.027149101922896,35.959115693678456
2025-02-24,-0.0514003817934715,-0.0152612188927008,0.0361391629007707,0.4853138871947928,-0.3268521685875948,-0.6521407065824918,-0.4535844549979388,-5.159922951436698,35.28406217871267
2025-03-03,-0.0088370754710744,0.0440966756399244,0.0529337511109988,0.4721880562754177,-0.2971685870080834,-0.6337272093230815,-0.4683628453235726,-4.782133160941977,34.25956474626557
2025-03-10,-0.0370167831734183,-0.0795607819994943,-0.042543998826076006,0.4176923902057743,-0.3530864038395299,-0.6493099184996638,-0.5297195875503672,-5.4938121154875335,35.126561673414734
2025-03-17,-0.0097196490341703,-0.0450226323518354,-0.0353029833176651,0.4039129177345599,-0.3822121568428666,-0.6616903245965409,-0.5452339137604009,-5.864502293007301,35.815387597149616
2025-03-24,-0.0352209116438841,0.0413829506504287,0.07660386229431279,0.3544658249033234,-0.3566462730170602,-0.6357744968091006,-0.6009064607264903,-5.539119391739401,34.37347253593522
2025-03-31,-0.0939738081585895,0.0163008407828984,0.11027464894148789,0.2271815133164927,-0.346159066346427,-0.5956096573091874,-0.7442160348413861,-5.405646293139061,32.13876533378862
2025-04-07,0.0723327102960275,0.0129912912044829,-0.059341419091544605,0.3159468781998553,-0.3376648283759225,-0.6196067541113761,-0.644274993569304,-5.29753816694501,33.47392528269309
2025-04-14,-0.0407232340213239,-0.0064036870052313,0.0343195470160926,0.262357265519292,-0.3419062155075593,-0.6065518302244974,-0.7046116090915922,-5.351519279418786,32.74757027177498
2025-04-21,-0.0051761141232343,-0.0773854837241875,-0.0722093696009532,0.25582316024867,-0.392833121356388,-0.6349624745346352,-0.7119683668245822,-5.999677758530798,34.3282929199416
2025-04-28,0.0437528339941876,0.0098275830924779,-0.0339252509017097,0.3107689825050863,-0.3868661384055175,-0.647346464174587,-0.6501047931540115,-5.923734589986376,35.017318226261295
2025-05-05,0.0521873817376712,-0.0010483571630576,-0.0532357389007288,0.3791745837649782,-0.3875089216812333,-0.6661202357302074,-0.5730868365699359,-5.931915441020665,36.06186074228182
2025-05-12,0.0334010593980702,0.0267324101508872,-0.0066686492471829985,0.4252404759576211,-0.3711355589618568,-0.6683467627688549,-0.5212211878576293,-5.723527876505306,36.18574113296658
2025-05-19,-0.0197053186290899,0.0011266087491961,0.020831927378286,0.3971556582558004,-0.3704270747805249,-0.6614377866160821,-0.5528419211103425,-5.71451083488864,35.801336789259594
2025-05-26,0.0369150973678986,0.011694563463868,-0.025220533904030604,0.4487317954184238,-0.3630644942514127,-0.6699765063973548,-0.4947722803264917,-5.620805574014267,36.27641745259358
2025-06-02,0.0092593894705882,-0.007821179630385,-0.0170805691009732,0.4621461673506273,-0.3680460812548426,-0.6756134954847794,-0.4796690212943566,-5.684207381013731,36.59005047762077
2025-06-09,0.0181003077321892,0.0204977463300786,0.0023974385978893994,0.4886114629291147,-0.3550924501361052,-0.6748357987582203,-0.4498717101340527,-5.519343529480682,36.54678068001754
2025-06-16,-0.009577925596974,-0.0026865303722757,0.006891395224698301,0.474353653094377,-0.3568250138561246,-0.6725949637345399,-0.4659245970118951,-5.54139426763206,36.422104216010965
2025-06-23,0.0457810895232583,0.0057870985491363,-0.039993990974122,0.5418511696756338,-0.3531028968269706,-0.6856891977998227,-0.389929054163912,-5.494022025543473,37.15064638215964
2025-06-30,-0.0070409022125629,-0.0049615849336633,0.0020793172788996003,0.530995146363622,-0.3563125317477044,-0.6850356459178631,-0.4021518651139047,-5.534871789613235,37.11428380444799
2025-07-07,0.0099407782787031,0.0201095631034502,0.0101687848247471,0.5462144296593934,-0.3433682579859847,-0.6818328411737364,-0.3850164539995266,-5.370127031321608,36.9360848892305
2025-07-14,0.0039881420766524,0.0193504183188884,0.015362276242236,0.5523809524858454,-0.330662159096553,-0.67694506938864,-0.3780735578247238,-5.208413579574367,36.66413711235397
2025-07-21,0.0053385165227791,0.0018444608693032,-0.0034940556534759004,0.5606683638503385,-0.3294275916406627,-0.6780738412953259,-0.3687427504506331,-5.192700954759767,36.72694016947704
2025-07-28,-0.0307055666284925,0.0057612661229358,0.0364668327514283,0.5127471574191513,-0.3255642455414066,-0.6663342139075328,-0.4226972999085254,-5.143531257715729,36.073766144616926
2025-08-04,-0.0861424396083553,-0.0374322991033502,0.0487101405050051,0.3824354267684609,-0.3508099264282943,-0.6500813065852558,-0.5694154491360978,-5.464838862312106,35.169480468360405
2025-08-11,-0.0023426024674777,-0.0495265801324785,-0.0471839776650008,0.3791969301265845,-0.382962090628253,-0.6665918623999032,-0.5730616767719617,-5.874046873296818,36.088101293186945
2025-08-18,0.0019583408757217,0.0008224673419348,-0.0011358735337868998,0.3818978678505214,-0.382454597099059,-0.6669705718793524,-0.570020687430049,-5.867587886076625,36.10917208076592
2025-08-25,0.0006369373461968,0.0031432159429816,0.0025062785967847998,0.3827780502111853,-0.3805135185431458,-0.666135907351554,-0.5690296889505221,-5.84288333150635,36.062732686139405
2025-09-01,0.0143801711474201,0.0106534118195083,-0.0037267593279117998,0.4026626352321183,-0.3739138739395677,-0.6673801384730864,-0.5466416084771687,-5.758888132158629,36.131959708655685
2025-09-08,0.0455697690589317,0.02282432408073,-0.022745444978201704,0.4665816475872384,-0.3596238812959157,-0.6749457252321039,-0.4746751082521342,-5.577016099211543,36.55289681258406
2025-09-15,0.0403942631813162,0.0074430974081495,-0.032951165773166695,0.5258231326367659,-0.3548574994665484,-0.6856566425252574,-0.4079750421831895,-5.51635325810825,37.14883505893653
2025-09-22,0.0003204681911039,0.0047330706046974,0.0044126024135935,0.5263121104160267,-0.3518039944614325,-0.6842695702673672,-0.4074245014572832,-5.477490595492308,37.071660584864205
2025-09-29,0.0420152003235819,0.0114632772926912,-0.0305519230308907,0.590440419491465,-0.344373543909929,-0.6939157420550687,-0.3352223537790904,-5.3829215371859656,37.60835810029101
2025-10-06,-0.027104557775147,-0.0118886938251706,0.0152158639499764,0.5473322352534293,-0.3521680861100654,-0.6892584056289491,-0.3837579152084733,-5.482124473897091,37.349231376921644
2025-10-13,0.0144274840719053,-0.0089371141378826,-0.023364598209787903,0.5696563464314941,-0.3579578338666628,-0.6965187581284976,-0.3586231690206874,-5.555811929237453,37.75318573657741
2025-10-20,0.0304290151678265,0.0062379778660802,-0.0241910373017463,0.6174194432053333,-0.3539527890452328,-0.7038602841709914,-0.3048466354343155,-5.504838799867701,38.16165646187293
2025-10-27,-0.0228105132019665,0.0139611102938761,0.0367716234958426,0.5805252756429806,-0.3449332526780423,-0.6929707460383614,-0.3463858273014725,-5.390045079797465,37.555780038712044
2025-11-03,0.0401913213871698,0.0377255833579021,-0.0024657380292677014,0.6440486749568928,-0.3202204774969579,-0.6937277997459523,-0.274864748320761,-5.075519889055348,37.597901291873505
2025-11-10,-0.0451832632871232,0.008699888570921,0.0538831518580442,0.5697651908194692,-0.3143064713983875,-0.677224888269766,-0.3585006209808619,-5.000250969131426,36.679705785769194
2025-11-17,0.0103904181969033,0.005812317251494,-0.004578100945409299,0.5860757076230254,-0.3103210030728585,-0.6787025853139328,-0.3401365886223498,-4.9495269943411255,36.76192247749025
2025-11-24,0.0086894531953505,-0.0078181294707758,-0.0165075826661263,0.5998578382486981,-0.3157130027641097,-0.6840064289472758,-0.3246192695927094,-5.018152218296966,37.057019824176194
2025-12-01,-7.525865697175088e-05,-0.0287866896824499,-0.02871143102547815,0.5997374350964457,-0.3354113602072748,-0.6930790565670506,-0.3247548316604636,-5.268857757708021,37.561806262681664
2025-12-08,0.0281045658872479,0.0369842322933298,0.008879666406081895,0.6446973612434106,-0.3108320595736725,-0.690353700976326,-0.2741343915761152,-4.956031328323073,37.41017185201718
2025-12-15,-0.0056109380260773,-0.0088852169578357,-0.003274278931758399,0.6354690662778211,-0.3169554662447452,-0.6913675693295162,-0.2845245410363107,-5.033965337640038,37.4665818598527
2025-12-22,-0.0331290330606807,-0.0121172961825898,0.021011736878090898,0.5812875575113823,-0.3252321191661567,-0.6848826659042223,-0.3455275731415195,-5.139304208719389,37.1057722420336
2025-12-29,0.0303392616737361,0.0151214156630019,-0.0152178460107342,0.6292626545001432,-0.3150286735640252,-0.6896780729698049,-0.2915123482338532,-5.009442602698968,37.37258099416879
2026-01-05,0.0667398965668206,0.0315238591301305,-0.0352160374366901,0.7379994755416663,-0.2934357339612788,-0.700606381569526,-0.169085418160559,-4.73462427908005,37.98061454388907
2026-01-12,0.0151419131298822,0.0160374967396146,0.0008955836097324001,0.764316112620099,-0.2821042118483546,-0.7003382495520013,-0.1394554818013269,-4.590405383069778,37.96569610880631
