ticker,cum_return_last,weekly_return_last,monthly_return_last,annual_return_last,vol_20d_last
A,0.13831763103954553,-0.032870211672536565,-0.023640862487782632,-0.08743835367993125,0.019252383297277235
AAPL,0.9166987579551282,-0.029311648452020833,-0.0941163745014324,0.06697634956627274,0.009169577926614901
ABBV,1.0800681803377175,0.022906406641057808,-0.04623952721316649,0.14346802871883169,0.018450416752351262
ABNB,-0.05030542800603299,0.011403567982656515,-0.03385001406735866,0.019675830809236183,0.016317611831825368
ABT,-0.015488978388345176,-0.11777269805926027,-0.1393317821473754,-0.186581855559371,0.023394224788468507
ACGL,1.6636101724964423,0.025482598121460365,-0.03568467206385639,-0.0010745591741300187,0.011398686080728011
ACN,0.09596044876048881,-0.017958786500526847,0.04107710158754019,-0.29423726974458564,0.022604969240774563
ADBE,-0.3796719627561541,0.016716237635598707,-0.14706216229371694,-0.3120444120260023,0.01888928957185207
ADI,1.0928639717972692,0.01781850492428183,0.10102323386496859,0.45662536538726295,0.017685070302127553
ADM,0.3537197429749148,0.035747189630952914,0.16839743098817683,0.45339076485212737,0.01831550925666955
ADP,0.526219133939122,-0.009867943864717788,-0.0008911700150672219,-0.16316728792857693,0.011566898799171306
ADSK,-0.09041906976490899,0.01622190341747709,-0.09459774073105676,-0.13283654707544434,0.02400141001922955
AEE,0.3440168578257756,-0.0161538490882287,0.024839778123994183,0.058993963839892416,0.008237948796119877
AEP,0.4303408872197998,-0.027759268560095585,0.01144740024951818,0.17345807394747892,0.009030602240341362
AES,-0.3868330404327568,0.004228359506059931,0.02077363617912442,0.35973288382025936,0.020950369141296273
AFL,1.4795091396846085,-0.02209849101572814,-0.03191110396894736,-0.0018641492770066215,0.008621982960589336
AIG,0.9477510803770992,-0.008364193168778455,-0.16412387308362375,-0.014445320227160052,0.01946790296412182
AIZ,0.7666338529360401,-0.0026068402151776526,-0.035139939730653214,0.08644442525040419,0.010820957148078214
AJG,1.105871683403973,-0.020539929310935623,-0.028990998267857893,-0.19946248344592576,0.013360676410057493
AKAM,-0.09654120333475091,0.017007209365883735,0.0704796460002155,-0.05758744765330903,0.024709496001951367
ALB,0.24163001011721197,0.16235281103237464,0.27607569535067755,1.3724336632814174,0.03504546354405805
ALGN,-0.6795008382682046,-0.01609428933008583,0.06899391562539092,-0.22014237728068164,0.01753483994685243
ALL,0.7917282625437834,0.007125000654696567,-0.07366662966018034,0.0033158873004670575,0.015245138421549193
ALLE,0.4570230447294561,0.010970346677567244,0.036990965013784516,0.2923219461262043,0.011445180396644097
AMAT,2.7110624460696897,-0.014158602931240272,0.23621445813276853,0.7843582672832794,0.03033563034142112
AMCR,-0.22179266095173156,0.08158281056728978,0.07215495392944793,-0.1334637944906809,0.022623041523162923
AMD,1.8134342804968662,0.12013109012966394,0.2075892893572142,1.318364322142851,0.027413889379965282
AME,0.864673176335889,0.02360311495822698,0.059823347354012624,0.22476841106330414,0.01185516666747647
AMGN,0.5210005930906578,0.04340061190324995,0.0323092850071931,0.12000910540397425,0.01731581086992929
AMP,1.6399447370805413,-0.024974477809205697,-0.00872306746220175,-0.07744890974305008,0.016968871800351244
AMT,-0.1860200590534592,-0.02625705252441224,0.02259723615149256,-0.04646327964322472,0.015151157262333716
AMZN,0.5010215047018567,0.0001673157650503576,0.029176343217291567,0.012660395123622381,0.01689262189791673
ANET,6.703912675496832,0.05014245101303527,0.04259380502752408,0.18053510139220452,0.032319742561962204
AON,0.6557809698771178,-0.015035139680095289,-0.050357470243756475,-0.1142812587488935,0.010480917161615642
AOS,0.3438427586261543,-0.000275997123819427,0.06621542172781081,0.1039000572553288,0.016459052544438517
APA,0.7467839158731451,0.0007757389403562076,0.05911324263666362,0.16268583218203347,0.030893671975600986
APD,-0.02554066290731405,-0.02310018578843387,0.06308985517680976,-0.2155185025015437,0.012208152191436585
APH,3.699346419972632,-0.02202211224772077,0.09460637103657543,1.17189316432775,0.020296571792855857
APO,1.8534644390282966,-0.05261333797134893,-0.08424593907104783,-0.17761690764046,0.01822269560523227
APP,7.043098124081597,-0.07797671400872497,-0.2791615489422251,0.42398237377160464,0.03498277642721419
APTV,-0.4095436301121398,-0.027222991642702477,-0.003907717018121981,0.2480822694528546,0.028900105454844477
ARE,-0.6504655552302119,0.031093440249412074,0.22415916081664244,-0.384766020490532,0.015567873896466501
ARM,0.8252869856315073,0.09727737790011481,0.04051991501039409,-0.3300819382731499,0.02507361389845484
ASML,1.778080078124996,0.02242806331515479,0.30362641114295985,0.8705341962973208,0.03080778718791351
ATO,0.7583749705875171,-0.030093299971124088,-0.018171007538603234,0.13980421288167477,0.00774795610621428
AVB,0.14949845268308426,-0.020008737710346836,-0.023488298900553706,-0.20291597447180354,0.014482280285813016
AVGO,6.526691891646507,-0.09001735643371145,-0.08614588921984989,0.3795258094524514,0.021486587972306233
AVY,0.23390388549659313,-0.006467009065330709,0.03147865142573658,0.01516539955001317,0.012634796051623145
AWK,-0.1366480166977292,-0.02722356174980578,-0.01195911090819779,0.049348807324613775,0.01064993881902848
AXON,4.247240245229698,-0.03600396857117327,0.037198662481949585,-0.099012524171184,0.02197244045500301
AXP,2.0641308000348286,-0.008498056500727325,-0.05591079253781406,0.12841232901401667,0.01807960912182844
AZN,0.839865322763629,-0.015255879338040956,0.005408329004920498,0.31026210529123355,0.017431114279122237
AZO,2.134530602739233,0.05053349483585201,0.07059565022480441,0.06503014230948057,0.015450486008841672
BA,0.24383382191265257,0.01804748608239226,0.1558030329290765,0.3866585953287496,0.014316916689789806
BAC,0.7222777235467543,-0.023598262624004662,-0.08053331163194444,0.09785609319942568,0.014021327690866062
BALL,-0.3609625752537836,0.02282451386419293,0.09737899575303843,0.1205313957641585,0.009560777411728642
BAX,-0.752371449420172,-0.013426178496717012,0.03819987016854953,-0.36955829089679504,0.020756428116016138
BBY,-0.33276938524115895,-0.010478144363768038,-0.038571765047460516,-0.22467622052442915,0.02439634204298597
BDX,-0.17497113227547134,-0.025686868372076455,0.02891086227876616,-0.17656902270275698,0.014297168325155608
BEN,0.03985206685594167,-0.026538482079139114,0.04673280175785277,0.22566585634367065,0.0174537854440457
BF-B,-0.6466743544004883,0.04431818534848442,0.025288223153978606,-0.11350484383751913,0.018729407093530853
BG,0.7288084014136775,0.053705602881407355,0.28086588507167787,0.6258765422716159,0.017327087626373482
BIIB,-0.29372299447097083,0.04360782294607479,-0.026881446401308184,0.17906959236710351,0.023111680612635816
BK,1.8210603138519517,-0.030660192570366895,-0.005159876535720587,0.37170519641509214,0.012974551566286853
BKNG,1.3559664226554125,-0.0034031395623181915,-0.06389592245320519,0.08492801228882851,0.01255108057410381
BKR,1.5651758798620876,0.04193233176705924,0.19028695534353623,0.10378710037238026,0.022142710598722994
BLDR,2.072056113111949,-0.0349396661660033,0.17619919298415443,-0.2451107201256174,0.03686541890884614
BLK,0.589586706250818,-0.028594279863683236,0.03760475564862187,0.1137605068306431,0.021400076739307012
BMY,-0.10964482608541848,-0.011038668371015858,-0.001096647040719434,-0.08474288454493684,0.015229412327717334
BR,0.36981057891048175,-0.05076841444613156,-0.09125147189384297,-0.1355741744689295,0.012149654865555
BRK-B,1.0966076061240528,-0.029029591267131227,-0.04462040786809818,0.011061132106587657,0.006024652131537958
BRO,0.7083064274400173,-0.01037372589543828,-0.020291999453613707,-0.25854481106514393,0.012912014428599286
BSX,1.6229090143339353,0.050414470952555135,-0.037657289302156505,-0.11870057101623777,0.016305634434473453
BX,1.3885713607545935,-0.07963305365419537,-0.03271846343795404,-0.13937666299850682,0.023403841452663932
BXP,-0.27890334635728875,-0.03620307866012784,-0.053886207615639004,-0.10263092831787957,0.014516884685354748
C,0.8887595192999331,-0.03769912354390159,-0.06556434173060488,0.4295242593337425,0.02191067775789449
CAG,-0.5137538431827713,0.03183967834183021,0.02459016851112561,-0.30306652430802206,0.018522079981019176
CAH,2.935953157564665,-0.01939277560070396,0.0038065364290182924,0.6346018581362389,0.011950513261554625
CARR,0.5473940352678701,0.019754416043426426,0.07102802312262702,-0.1124535098525078,0.01754923749772359
CAT,2.4401318480048677,-0.03133456858545891,0.0734205574800686,0.7461891722427048,0.021204888967665536
CB,1.0096841798464347,0.0004655206754391461,-0.039608079190639356,0.10304258477633677,0.010098096750163267
CBOE,1.984451061730638,0.010382112894182116,0.07981718783672576,0.32701179310699513,0.010235154733955549
CBRE,1.8442016088662085,-0.013753719102040818,0.02600941689482994,0.1502072324562822,0.01614815179727225
CCEP,0.8564048686254546,0.0062716715517063815,-0.018354641402615002,0.1356167259233645,0.012737824901454043
CCI,-0.44129033242502536,-0.046990251385477855,-0.014228799336498898,-0.03617139738667974,0.015721732347482992
CCL,0.40088323909364965,-0.012793943231580118,-0.08640002441406247,0.050018340429946795,0.015825017623882023
CDNS,1.3447261358587514,0.0027405735824010957,0.0017623286171435382,0.05177602426482775,0.01991673076770639
CDW,-0.009122394060257055,-0.0436432637571158,-0.0916300634321614,-0.3887352786333431,0.018926034901725258
CEG,5.882380894252241,-0.060608996829428885,-0.20577005670173398,-0.0789280504524642,0.03391404526871587
CF,1.3976122548712864,0.06489910378579777,0.19092429569239666,0.03010701314734887,0.022130190874317647
CFG,0.7635134736029243,0.029924362117007774,0.0464416764275164,0.3145854645068249,0.0207237741664553
CHD,0.06732103849628968,0.020086079710458504,0.08155863907526673,-0.13769942905168586,0.012643688164045779
CHRW,0.9125256945891607,0.005063431575440092,0.07099125147326646,0.8165553075795309,0.01224201203693891
CHTR,-0.7037386307251996,0.01017078409801897,-0.08044710607478534,-0.44445729829609226,0.019559906817591288
CI,0.35718457393696146,0.02567878098297749,0.0157899552018006,-0.048106049807401186,0.013698423488836878
CINF,0.8583431808200834,-0.031754804100773915,-0.05329472839041893,0.14813185547962537,0.00965352716039201
CL,0.027629571688174037,0.0253195350690838,0.07987543504186134,0.0004617976709648808,0.013667314944009953
CLX,-0.43384552996048464,0.03182396702281376,0.1554831933083194,-0.22247341055322756,0.009876340902010132
CMCSA,-0.3810513108547807,0.053199121440381525,0.049801840278610676,-0.07887154848267763,0.014010396240624945
CME,0.5769101250531363,0.011592093861806818,0.023011741946596942,0.17008769636045296,0.013122699554112362
CMG,0.5491387492285991,0.02277276947600604,0.07836404449688161,-0.2893409820083058,0.017082846910739337
CMI,1.5829156701846276,-0.012367383691466172,0.10467553374515548,0.5457274029797847,0.015010935226024594
CMS,0.18604254696090572,-0.013671921774012996,0.008415295004340795,0.05333721774679856,0.007163625809339893
CNC,-0.2576904487144367,0.007431697324325581,0.15542744692416233,-0.24106700971513517,0.020253075603742808
CNP,0.8172445408625866,-0.023419801727958767,0.015183193842239984,0.20173530304264387,0.009587548745226935
COF,1.220973131492281,-0.09132724092009847,-0.12474322587401832,0.06634608083938476,0.027738480336795452
COIN,-0.3391312362770571,-0.10035246759587424,-0.09502356478238572,-0.21149238424860917,0.03239922448950125
COO,-0.08985054365467637,-0.013111591538698897,-0.015501983577906109,-0.1590979367408193,0.012224133986139965
COP,1.4854687700941671,0.001629453393794611,0.07135071028995865,-0.01856102811440663,0.02270984140453702
COR,2.6630052951951138,-0.0038607724210883987,0.03970821684732195,0.3956096521239465,0.009632729707592698
COST,1.5864790629662395,0.020381705199196576,0.12776135677739742,-0.05717820324833356,0.012246758954579846
CPAY,0.20527957673599384,-0.00043664519066444196,0.028725427605551968,-0.17534160614305705,0.022252936755124096
CPB,-0.4479702948816867,0.027223964489966113,-0.043897199219906646,-0.2815768233362488,0.015766100023875535
CPRT,0.37256530467590276,0.008771944500989504,0.058823609757430395,-0.2949591167364902,0.015137929116140945
CPT,0.12004150770774413,-0.014977163375784808,-0.00653955131683126,-0.07233160983510156,0.013413684843749872
CRL,-0.12039891768754918,-0.0004096328590836862,0.08097064703543455,0.32398870847736294,0.018824766297635128
CRM,0.035132338881282754,0.004138974236625348,-0.14027748376675675,-0.34455204250164684,0.023409954086748844
CRWD,1.2569204341201146,-0.0030625157166735972,-0.05160234720102541,0.0845357099623194,0.01765717536725308
CSCO,0.6967697427508943,-0.00797986546127849,-0.0439630921911941,0.19210478986242818,0.009637716824315778
CSGP,-0.26725199653121123,0.003979218714459831,-0.019285407793365517,-0.15594444874189595,0.02853544662345162
CSX,0.24923284981102367,0.010758603852370596,-0.003806400062396076,0.11435517638043491,0.013979312880892793
CTAS,1.2463329835417354,-0.012588227807429409,0.009310671128147874,-0.04285713853208928,0.009072981104857178
CTRA,0.6518071955529952,0.06651112612656718,0.06734135874940295,-0.02489334075562344,0.015197172601758914
CTSH,0.05993455358818656,-0.006608420730597864,-0.01451648197553268,0.006937821072260375,0.016661227771608923
CTVA,0.8696218983326967,0.029580665948425455,0.06490412889268504,0.12347222330145247,0.013824694399396167
CVS,0.18602664194680485,0.05610691790994582,0.04916581464371195,0.4905728889068206,0.013245525738625608
CVX,0.968126585085318,0.0027667913452762427,0.10777409448972186,0.089744396591662,0.018325710319720058
D,-0.19339560202418082,-0.02502866951187055,0.009998308242157528,0.10166358881934068,0.011018072654386363
DAL,0.754712106576708,-0.03507029973023601,-0.04227733989157356,-0.015928156863715515,0.020036590652480254
DASH,0.4888281636087679,0.009302495300929081,-0.10699819913936381,0.05734981335447231,0.016595586277146412
DAY,-0.3229298839808169,0.003759318870284911,0.004049736502294454,0.05181815407492896,0.0013194800587428234
DD,0.5002076052159721,0.0298646467818231,0.07475041922659442,0.3681052398468663,0.014886498249487219
DDOG,0.4263948272991349,0.09334572805496144,-0.05730215001477357,-0.10162237211218084,0.030648466450375483
DE,0.9220967139443503,5.825867087172476e-05,0.100526249334566,0.09996151371052853,0.021426597418166042
DECK,1.1163520702318763,-0.007051336451062373,-0.009608653993381844,-0.42047298353276685,0.02270407702332747
DELL,2.1417213677631026,-0.042313104835085324,-0.10087244185305733,0.10512210318564641,0.023674634842760774
DG,-0.29941350691287993,-0.012236165503586749,0.08468070490312396,1.0175775718849374,0.018873172883523533
DGX,0.4945508600359523,-0.04469893384962054,0.028990485201220828,0.09795602373733425,0.016791126588295548
DHI,1.2350757750509063,-0.03494493442174662,0.026461089100585866,0.08342928657251814,0.0273321216241038
DHR,0.18752527563696897,-0.004152764793068808,0.01529352947450624,0.10785833732791894,0.0127597570017174
DIS,-0.3753939220413922,-0.0019783596883640175,-0.030573024959542172,0.00398048161536102,0.013746887406193693
DLR,0.17643589001805782,-0.02713937821369583,0.02558155266607498,-0.0480291803459425,0.013190921956368585
DLTR,0.2055357698311433,-0.07881385508980121,0.05663466856593824,0.736764008335496,0.02248721567064121
DOC,-0.37417790565325415,0.014021312454836732,0.12788516214901868,-0.09780443624144997,0.010517005219656698
DOV,0.67593654006267,0.0004840332182380891,0.035828869727131174,0.009671328225704823,0.014910256930095015
DOW,-0.4772390910178015,0.024664501730242705,0.22506507607351844,-0.25559948795606113,0.027562192618508095
DPZ,0.08432147562581882,0.02803038186999074,-0.03274332537808944,-0.09510720175920839,0.01716820916396628
DRI,0.7736579659143814,-0.03937189982521572,0.08561947339944243,0.028689751783916195,0.017725340107433155
DTE,0.32203491642270543,-0.00870779074322614,0.0430158306834727,0.09487325094159504,0.00871327588296304
DUK,0.30899566941921,-0.01501426687803542,-0.00042563032285491964,0.03135429189958794,0.006425316872567302
DVA,-0.07193130689629323,0.03227043108410932,-0.0549777179808838,-0.38866899031179913,0.017851314010728103
DVN,1.3955363546226,0.06740327556034154,0.06740327556034154,0.1318101956781066,0.025459231547448398
DXCM,-0.18533009896246722,0.047742301569094536,0.08068826148251063,-0.17931964843254522,0.018608214492197187
EA,0.4622608274133695,-0.001223990208078285,-0.0038089597809672915,0.5635778193556809,0.0009672641769098056
EBAY,0.8176699147641147,0.006234567759488829,0.10650120920494577,0.3890785199314113,0.01755865624767173
ECL,0.31538424295586354,0.017432368876410864,0.061450441107609555,0.1289094802656523,0.010832806126947057
ED,0.4699971322288625,0.0005780289894949941,0.04360498362819154,0.07984198056189928,0.008690660204297335
EFX,0.11587570760439747,-0.044769328702255806,-0.04905691052410899,-0.22384636433376914,0.022317229661545174
EG,0.4184823394785211,0.01493055362779283,-0.03759550415546842,-0.047819432787240324,0.013731755839477272
EIX,0.004628843966398177,-0.02596568276539446,0.01114811981120245,0.15884824655224183,0.016177007125726384
EL,-0.5384524887013208,0.022946539066676763,0.09499440608097065,0.7848043385497994,0.018730384583520568
ELV,0.16473103521342325,-0.010163516974471931,0.08086225095459665,-0.07733241948556757,0.013519088171983579
EME,6.779135349514597,-0.006411971622745094,0.10883769203329718,0.5202234342524115,0.020764663634207453
EMR,0.8930904836777864,-0.0119096344046985,0.08349221840957743,0.18371264946375598,0.01875069378185884
EOG,1.1726835239661808,0.028579587399850448,0.04293827829536068,-0.15168359890437855,0.01739157410229829
EPAM,-0.37306783817599276,0.026339335343771975,0.04366751866680163,-0.15195674950726623,0.025273595759763987
EQIX,0.14252919937713138,-0.013108345657900422,0.04290126803695449,-0.15507739505472506,0.012569004914124715
EQR,0.07982608961022541,0.0008059193475613569,-0.010202445310357855,-0.13679966788321907,0.014855630625628273
EQT,3.1401939664062137,0.09853580237483395,0.03024681919792971,0.04853634858912037,0.022090357198820368
ERIE,0.14503342289766574,-0.025987731978481143,-0.028697161607339372,-0.3218526106795846,0.015602788703721426
ES,-0.17666548252014647,-0.007559531802637354,0.036033323957524344,0.1879802320914714,0.013092065989161246
ESS,0.11316539685018978,-0.016223283234024444,-0.026960759106070542,-0.14101222322907725,0.013112691576213392
ETN,1.7892210629111873,-0.036450905539772704,0.023326188648162827,0.05065821164378459,0.016406008340694094
ETR,0.901642697892717,-0.03349923033476476,0.005611355160630271,0.12957578716856033,0.012417117524383882
EVRG,0.4081860919331386,-0.009811616641102305,0.03670730347569551,0.1649992461026324,0.008095160036387265
EW,-0.05915423543804066,-0.008180140183682516,-0.03047858645861612,0.16033294636112272,0.011823680597074879
EXC,0.5004158921598041,-0.014978720675207446,0.012408109141713197,0.07358675415187599,0.009129033814191707
EXE,1.4336517843735401,0.09621546730692065,0.00293120546112835,0.04186889027697549,0.02056547678213578
EXPD,0.7247320000502555,-0.01970320101032519,0.05047512060242609,0.42393354968488905,0.011967114632911611
EXPE,1.0639417273827996,-0.048998531867969985,-0.05384371107030794,0.5974784744806567,0.022271144881450124
EXR,0.2831625994894438,-0.049371875366428286,0.08644257823175394,-0.08696771437121975,0.014754214808688257
F,0.591549259514472,-0.0029411735831662567,0.014970117371185365,0.35464536559070736,0.017927500301181582
FANG,2.147119096738274,0.018112146452099465,0.04839698068965026,-0.06518566759195532,0.02078896014994776
FAST,0.8421824967124742,0.003429302821803093,0.04924689142768335,0.19363608494003803,0.018408329919132483
FCX,1.2258659250542645,0.028955898304366734,0.16352083932747297,0.6469465470230074,0.023920923395301243
FDS,-0.1328231469449237,-0.006652853039253559,-0.011754985367153026,-0.38850734141658794,0.015247038048005278
FDX,0.20150870303609314,-0.012882086167351314,0.028083804427183834,0.2052216118276804,0.014185567016866105
FE,0.5777702816729304,-0.016476526759247045,0.03812715623962881,0.15763301740837332,0.008166619182925479
FFIV,0.474324712920448,-0.03340538145664029,-0.01170272924858673,-0.14525912071305613,0.018589226273736225
FICO,2.05721789088906,-0.014356906846792694,-0.10763662099481586,-0.16403836963534424,0.02216095698375741
FIS,-0.5675791693486705,-0.04498813800738022,-0.09930025831129252,-0.264348229918267,0.015295609420167652
FISV,-0.39635455089437466,0.019158193174333427,-0.005739505624194563,-0.7056594000004521,0.0161931848287241
FITB,0.8633860643208684,0.03213998852642108,0.052260481003092885,0.15370628027720823,0.019570971113062014
FOX,1.3065821587910258,0.0016814523605990228,0.009085252782719877,0.27813532658890106,0.009747264970741201
FOXA,1.5296771469771429,0.012362820059150792,-0.013935953966397241,0.3365119912874073,0.010997097515997464
FRT,0.23702444142062995,-0.018327400013865125,-0.005472541561299171,-0.07422908796012417,0.008779458563705116
FSLR,1.3918411596800548,-0.006482590812584621,-0.11042944235040841,0.491346930950618,0.029621264613987508
FTNT,1.8043418782273917,0.0830459321348227,0.005666409001520156,-0.22299419789881236,0.017825988281778594
FTV,0.052767479300630526,-0.006732149527806319,-0.015686962608124966,-0.0886787006194184,0.018618239044611004
GD,1.4891735160791377,-0.011187369520700097,0.05176749068276876,0.4048650625641068,0.01655896934061459
GDDY,0.2680361762795034,-0.007275532671753848,-0.18442787492113333,-0.5058845982707625,0.014443593884904918
GE,4.6314312293827795,-0.09611835774276545,-0.07223363814621153,0.4364551397348695,0.02506414316425741
GEHC,0.32949994405110306,-0.024220224549646452,-0.04341051412732588,-0.08489161043157145,0.019314559165472707
GEN,0.22339909905558142,-0.026436801684780797,-0.08068015888131663,-0.07633589109406869,0.014471285349147588
GEV,4.011657366071435,-0.0348763244396304,-0.014295956846246183,0.7877858353246798,0.02460714783268096
GFS,-0.07650868394428445,0.03903968792743617,0.19860135591947103,0.05593880090289294,0.03155394526189067
GILD,1.2613540391874922,0.08822343039458835,0.08164235423193711,0.3640741655230231,0.020503803555262934
GIS,-0.24512955624659105,0.0011234116747567136,-0.051914864398063476,-0.2517212100053329,0.016361045634373746
GL,0.4772727028772843,-0.01777362883361011,-0.04878048780487809,0.10912489102525447,0.009915998565689569
GLW,1.671821533333592,-0.00955407564374866,0.04059780549826919,0.7507975501755446,0.018509476122935777
GM,0.9669218367462007,-0.014105411951906288,-0.03861000306814344,0.6665969047574405,0.019477594026940995
GNRC,-0.2295600445858872,0.07559830862234906,0.22867692285019148,0.2166666541477349,0.024851247809137143
GOOG,2.8007450693498566,-0.005781932806452228,0.04042189218257186,0.6990687402516034,0.011230709431530896
GOOGL,2.79959771457182,-0.006272749467329586,0.044063792222792886,0.7139496656951114,0.011020946601462755
GPC,0.39811053910460137,0.005038720820101483,0.09674083373737918,0.16300497838316663,0.01621783206010665
GPN,-0.6370524146249319,0.01910563650960806,-0.07365443006667338,-0.32728088522811405,0.01866377737738227
GRMN,0.7354376504445297,-0.026581703501848852,0.0057073081411966875,-0.057939262421462634,0.015617062408117104
GS,2.4674717165389133,-0.044823279747596256,0.00889344882999965,0.42362690759091204,0.020848439772905424
GWW,1.6868332370002381,-0.010161675321195274,0.026321156264877965,0.014325107176704543,0.014290713907963631
HAL,0.8029740255175544,0.04237031258967239,0.21120228081601322,0.2913655222768736,0.02808014863457754
HAS,-0.0356676686815115,0.028770341586237924,0.08636534716363253,0.505602682645304,0.015563442367420275
HBAN,0.38136941097324595,-0.03718091338922713,-0.021984182338230962,0.02541372950572507,0.021550693720222936
HCA,1.8775360953258406,0.0033880890471555958,-0.006707996228659252,0.39797530996186103,0.013125152240208103
HD,0.45411476768795556,0.00946938332531544,0.1048828037653986,-0.0726161562483455,0.01431923479695882
HIG,1.663491254476885,-0.007485155090011464,-0.07944464648251715,0.13211860246630702,0.008305492546552426
HII,1.5515390355719934,-0.017187150573188092,0.17760577351862472,1.1401982955999874,0.02287342602044108
HLT,1.7741484076993506,-0.009107597461740946,0.01639958322122048,0.15613720494497185,0.014662358753272809
HOLX,0.026394970359409964,0.0009335781767172424,0.00738259129876262,0.030906592110996778,0.0013421982622378351
HON,0.12993062889436202,0.009435285701160367,0.12456210303359594,0.056753142368433984,0.0142835551043221
HOOD,2.0726593567338023,-0.016093434195137757,-0.11167389824805185,0.973985172651999,0.028463986613227937
HPE,0.8193603969131598,-0.018190358548618057,-0.1387070876808303,-0.014513172492175763,0.019921027224500447
HPQ,-0.19411033540855227,-0.04614631788562029,-0.16105352188303734,-0.40343873235395045,0.016988263824565867
HRL,-0.4687972435332808,0.015689557344690463,0.01026694029090236,-0.15954902641811397,0.017347606780998327
HSIC,0.16122727575758233,-0.03463371038006846,0.013387539183383534,-0.057380104596563286,0.01497802342422066
HST,0.3215548598637885,0.005917192546996741,0.009719238700143906,0.14233352500030594,0.015565657402389162
HSY,0.267064312006553,-0.033171509611702676,0.03463200103244524,0.31030701307213526,0.014709369261122462
HUBB,2.111175229879144,-0.007725161550258819,0.06410537406472705,0.2136125925226402,0.017895704248308206
HUM,-0.35345350828133315,-0.024809714613517886,0.027965284474445573,-0.08271090379741275,0.01932405824763766
HWM,6.99739459166241,-0.04446618358815424,0.012819914427945056,0.6814553541334425,0.01750950193775637
IBKR,4.0681040281596115,0.057524552693469566,0.17581081970196788,0.32927826678455374,0.025188484102853126
IBM,1.4680670884819054,-0.043282004793237405,-0.03979509854985375,0.1106722977569985,0.02168367873311931
ICE,0.5263017477306071,-0.006035194146125633,0.06333387126435053,0.07610451748470215,0.015500799359803315
IDXX,0.4109237877194776,-0.030082362523081163,0.008239098739430295,0.4808451470764281,0.015403651124298116
IEX,-0.00020476824859683163,-0.008429332580402238,0.08362934283815338,-0.011691454282751756,0.01373486290076006
IFF,-0.30310237837004195,0.021623926411254324,0.09429177167725156,-0.15026684732402396,0.012040162379053143
INCY,0.1797571019560682,-0.03973261705187303,0.015432052814490005,0.35516868148839875,0.023139097842066327
INTC,-0.09261120683908364,-0.04024700652673918,0.2464048640766181,1.2936387058411167,0.061260790674183024
INTU,0.5172718648957202,0.03425698881053796,-0.1642784754371105,-0.041291331484827,0.026001518062647038
INVH,-0.048635388151121006,-0.016636495147160146,-0.004758388075356779,-0.13737309203114356,0.01833058556207614
IP,-0.06268835762246672,-0.007151039665637016,0.09321823935002294,-0.20118782363949728,0.024241590380640842
IPG,0.06179776762723099,0.0,0.0,-0.12187276280203829,0.0
IQV,0.33244614624001945,-0.009971369867973867,0.04110252681410431,0.14539522372575275,0.015569342553995894
IR,0.9681786590293529,-0.010775913545532534,0.06914306008028959,-0.05678131139936016,0.021367688807473983
IRM,2.265526756321374,-0.024392827685198126,0.14890740719060602,-0.09931678337513061,0.015522611292365934
ISRG,0.9649625383362821,-0.020579457505841114,-0.0921078262686672,-0.11323410291958547,0.01502465389607766
IT,0.46618576433334047,0.0047253494019292575,-0.07731506782075703,-0.5716952176436736,0.024602079682930125
ITW,0.27140256760500403,-0.019774514862941905,0.025044702892689674,0.01581184780366507,0.015195841297102112
IVZ,0.675516126266251,-0.035326117413762126,0.04373394245120332,0.5162840529967982,0.024350024691497007
J,0.5710571121524277,-0.014649156895764404,0.01307764874965045,0.052913672874521644,0.01366311403725556
JBHT,0.5332987660568582,0.011596022412008411,0.04266481920577503,0.21275225939369236,0.012357739610717091
JBL,4.765710456414041,-0.03243262411648973,0.036888539783570984,0.48600419658677607,0.028234176427838785
JCI,1.459722728177642,-0.008899784198838967,-0.06425573021646258,0.3206603129479808,0.01642665329608426
JKHY,0.1667086621564171,-0.0273749816801534,-0.00037796775136611505,0.07136243730852576,0.012844690531270825
JNJ,0.4066453635121354,0.006768479386957793,0.059485998089163106,0.42310424665636326,0.010279236208190847
JPM,1.365297487282274,-0.04720453145062653,-0.09554336945681641,0.10091339453475445,0.01570923720596343
K,0.4470954284100066,0.0,0.0,0.019301268254020565,0.0
KDP,-0.12124089601792476,0.012769076374248067,-0.008571420397077145,-0.10825567050229801,0.009499073294220164
KEY,0.29527312434695174,-0.003306551467734953,-0.0018921007253339672,0.18207282524060098,0.012761503945815562
KEYS,0.6232658509724083,-0.005882327379959751,0.037062292614272074,0.19952679876337798,0.01315535036190994
KHC,-0.3222319289162393,-0.014024645732090724,-0.034138204795877924,-0.18909471275770195,0.02021276635262845
KIM,0.4626656801162017,-0.00474835631555659,0.026444613426109154,-0.06303092095945861,0.007431163789475411
KKR,2.058007448520837,-0.07738546880720087,-0.07287046083690218,-0.21168973457781937,0.022721926261228622
KLAC,4.811009516097119,-0.03510601910791078,0.18464517409351333,0.9927286842472138,0.03336491894379143
KMB,-0.23365811068730657,0.029299271758465695,0.01137714191775574,-0.20905219839896638,0.012447256111896322
KMI,1.1806783760896131,0.057582284086899804,0.08753214836408207,0.0698263512226629,0.015113751909211279
KO,0.3813494990896005,0.03463933457471646,0.03950929423693972,0.1546260850236325,0.010844601611400688
KR,0.9996886979179003,0.016774828237501982,0.02097568232040281,-0.017884411520829202,0.01538018997212632
KVUE,-0.3382899818036109,0.034883630669011456,0.034282404646970965,-0.1417550899953126,0.011567683754599453
L,1.2941440790487722,-0.006146914494576827,-0.050964326165886975,0.18057489628515322,0.005841014906446409
LDOS,0.8667511828391374,-0.017822297252657826,0.02464764895449112,0.3534574620601081,0.019278549049582074
LEN,0.5555502733842053,-0.05691879760892882,0.06423066167303948,-0.12275473988635432,0.02925152851468201
LH,0.5149953139237675,-0.015542479901684003,0.04794465388017044,0.06668265851692667,0.014179339633531718
LHX,0.9659166824802026,0.023870056385203897,0.18981013469332764,0.6975164325700556,0.017401770654035056
LII,0.9004585202496556,-0.030634920229613893,0.025199602804428123,-0.1286600956564813,0.018623659923265024
LIN,0.744793522599474,0.02872702778068814,0.06276774255316142,-0.004694742837786259,0.00796864599934253
LKQ,-0.01958526155725837,0.01581625247810181,0.1249174044300787,-0.0744969536353508,0.01945606570347325
LLY,5.430755523036267,0.024932602118385327,-0.01178289442365188,0.2637322761385352,0.020371642084983113
LMT,0.7143105333456623,0.014405189900836612,0.21630469855732115,0.31331276532526897,0.02103498782619586
LNT,0.3236284335390831,-0.007573426411800588,0.02108487314222196,0.1188682796456042,0.007744426645434842
LOW,0.7254645377304432,-0.0029543391918729345,0.13880662957336676,0.07064653414085398,0.017503161092309857
LRCX,3.559223692078384,-0.022515267856550114,0.22900806513858507,1.6597509878920378,0.036490859754779795
LULU,-0.4638888591571807,-0.05349971790854435,-0.09187256241925512,-0.5371365964767278,0.023749436849999653
LUV,-0.06860568582987381,-0.027133538912965216,0.01133079136668158,0.3580447261840132,0.013967910083167098
LVS,0.03451251033078617,0.01696352819436564,-0.0959130904813319,0.37721117491627454,0.016501445747440887
LW,-0.42222806556581083,0.009000677894477338,0.02919024698279271,-0.25961046933826404,0.015026190920867696
LYB,-0.4289393979656714,0.0015714364819183757,0.18940991250043493,-0.3377061554321459,0.028948179171342844
LYV,1.0796661246453372,0.017586434076914514,0.011423877847358765,-0.0169887858969634,0.019361938278280578
MA,0.49290166096757737,-0.027340637021999292,-0.09441715561325925,-0.07337228170222443,0.0121473778456905
MAA,0.106592733267445,-0.009482844018418701,-0.012005305049211379,-0.13437880083636877,0.01260133169919803
MAR,1.5623148257477957,-0.018964013082065523,0.014405408339153825,0.09340263412015148,0.01548692595186387
MAS,0.28036518193362325,-0.024691327282939546,0.06146723331171566,-0.11624011413582558,0.02046245065576184
MCD,0.471077909828991,0.005920070804991795,-0.01302137282454019,0.07069907688627497,0.008002999490383621
MCHP,0.089225879477141,0.0001338974115006053,0.14305383088751467,0.3964485810181806,0.03069046382483336
MCK,3.702344865618028,-0.02407020081267397,-0.007502162629598019,0.3515075753385395,0.008183545784696607
MCO,0.7946574589977542,-0.027610787045714624,0.013068257708803044,0.056873148390062855,0.01790838855814725
MDLZ,0.00828735103777678,0.02026554530742608,0.06920546810533779,0.01689014827700963,0.01652434304546659
MDT,-0.13049474080081325,0.04257952693497091,0.0371131976450918,0.10022897335927672,0.013205335983659364
MELI,0.30322563357469656,0.030014327161684173,0.06960233451130815,0.0820681060884918,0.026208311079251125
MET,0.645182173311091,-0.012504873341809164,-0.0646515150630882,-0.10811767578124998,0.014783815512352005
META,1.4494682969639197,0.062087883539903244,-0.013167520317699188,-0.06541629757398959,0.018832707808730288
MGM,0.14579117525681706,-0.027158398381120108,-0.0825020587948827,-0.006133261941455803,0.018742088505213774
MHK,-0.11387848012999813,-0.01815366162503873,0.0961556116371185,-0.001903307965153811,0.02610348971075617
MKC,-0.35322904248133613,-0.09322792235452393,-0.11745059030891847,-0.2084635611985699,0.022224545052816028
MLM,1.3379409971492806,-0.0033452916637827235,0.009857831383385696,0.2028297541287971,0.02091316115592695
MMC,0.6136023276811076,0.004166720345704977,-0.023667389642601067,-0.18779651401855202,0.011465062970869843
MMM,0.13204908244889202,-0.030512576179139272,0.014593965269647846,0.0671039418322339,0.020339303699789528
MNST,0.8101545558728089,0.0489958030033093,0.05915786540139467,0.7764298152309723,0.011413490168946562
MO,0.5159157594540142,0.002428781249280032,0.04967786246043571,0.17744385111160188,0.014025121067227002
MOH,-0.06567013291910695,0.05480671801294501,0.23502782089708285,-0.36314314005759074,0.020413080170439735
MOS,0.21630759707352576,0.0925996394206321,0.18770631961104556,0.03561157214518951,0.02326817788688578
MPC,3.3038038008052233,-0.0014234469797277383,0.058227293815526826,0.11486877887394376,0.01896236713411807
MPWR,1.9157940049297202,0.029588494622169392,0.11590872303632316,0.6268371360942018,0.022498819822322373
MRK,0.4003537778940094,-0.005972631764611602,0.016251793391546476,0.20642358106616854,0.012269509976651917
MRNA,-0.564038327924655,0.1644751841323191,0.48732821631977585,0.39250999776767137,0.06271049748493193
MRVL,0.732455214376345,-0.002858510193339603,-0.07237824790672398,-0.3110939035922552,0.02128181107212772
MS,1.6196399122390845,-0.053360815131967776,-0.014588461247042717,0.28841869600993575,0.020177482423154338
MSCI,0.3475916050304184,-0.021275194929518015,0.013768817818005985,0.013124466969906212,0.01209489219221165
MSFT,1.1404290825548786,0.013243219783110716,-0.045223509904268044,0.12741659022319585,0.013934096447532797
MSI,1.3979701711170702,0.0026210487729740883,0.06688268152620624,-0.1649827183154895,0.0100274045007511
MSTR,2.835896784456504,-0.061021275078158355,0.02772348125734103,-0.5155628313132999,0.03785353478837368
MTB,0.6860117318936108,0.007254609731381256,0.031750635285867634,0.07582393622248418,0.013785195775531143
MTCH,-0.7926894323418964,-0.008137838462327074,-0.05503190938069924,-0.07444912957201333,0.010929122395616197
MTD,0.21147069979148303,-0.03715521340094896,-0.007620909825033606,0.031388369355694,0.016981030718884044
MU,4.397028729588909,0.10172293286418843,0.39406308115985533,3.269764961662699,0.04158577443726343
NCLH,-0.1179940704203094,-0.049068601202869044,-0.09667672696341456,-0.2559544639316159,0.02647265057268719
NDAQ,1.2282403181216517,-0.0290156487202633,-0.005981309220816522,0.18332129289784937,0.012993017152209348
NDSN,0.3801383910702898,-0.002353687175760566,0.11422350769770717,0.25854787723736283,0.01286048596241198
NEE,0.14268386100398778,0.014109773334083808,0.05419516191102636,0.22557805345030557,0.010628734976012572
NEM,0.9684876414080799,0.08929192575152567,0.18695687552810414,1.7649021372317009,0.024353514684397715
NFLX,0.6470948992595551,-0.021363605152476928,-0.08030752554551723,-0.1482627736389105,0.013002206095159978
NI,0.9224977853891514,-0.011837023768524912,0.036532921210016944,0.1390710876981971,0.008610435315694024
NKE,-0.5357601849962026,0.010251688261361913,0.08400001525878897,-0.12779936728306485,0.01735390724313258
NOC,1.2830437980447913,0.00907180622505499,0.15557661272319212,0.42471528438094275,0.023378377454069902
NOW,0.26331078339342495,0.04555811140510291,-0.12766233825973206,-0.3519852834830437,0.02049716863180226
NRG,3.1129478289170187,-0.018086155506776946,-0.07012951344077334,0.45120535611987167,0.02895846712935379
NSC,0.2311943139833128,-0.011079383293550515,-0.018106617292502403,0.13821238728959928,0.014170013798545596
NTAP,0.5020042746252646,-0.06182587052540833,-0.11484644439428737,-0.21257680886085206,0.026509671178554788
NTRS,0.6068108635979765,0.02102079689931191,0.05636110949943696,0.3127539593740474,0.0192595932561111
NUE,2.459341072231451,0.041630796102100964,0.09764933148176058,0.36353394559386176,0.0166349530882573
NVDA,13.311206260775442,0.007732387233220228,-0.004983841993342786,0.5034045935762983,0.015791915672602318
NVR,0.8920594674409232,0.0110572532644575,0.03518614189920655,-0.018594364269095,0.014409936669562867
NWS,0.7316259447004809,0.02674148040474833,0.036321231065465476,-0.06438030050953292,0.007489911505129167
NWSA,0.47742291570169937,0.022095235188801965,0.014750354832484769,-0.06775541057732826,0.008669184162778534
NXPI,0.4347075127127573,-0.01952682244905035,0.03205185739487337,0.09022692618056483,0.026236092029394992
O,0.04717143314124339,-0.011071255466470031,0.07181936899641217,0.11592874036216005,0.009051417000981842
ODFL,0.8280979686422361,-0.007685686829696947,0.0937500149610051,-0.09992249653811058,0.02120211694012528
OKE,1.0800000000000027,0.048387075272691815,0.06499183881851467,-0.20335004511714094,0.018320220508915297
OMC,0.3106110301518328,0.0,-0.002001201236047856,-0.06052042118425849,0.016048297265945102
ON,0.8971534440167768,0.027349538556325825,0.1252722854357522,0.1983758329345553,0.026004243235965046
ORCL,1.7789804496017205,-0.07289755059260072,-0.10294192751824305,0.032040078542850514,0.0242602987146191
ORLY,2.27874090541098,0.047835338486518,0.07391776751369172,0.10399486431701077,0.012109360521840314
OTIS,0.38710182095825885,0.009094938570514133,0.0350398381978172,-0.03775779565940307,0.010335885372287709
OXY,1.5272204324358056,0.03278683105778146,0.10249996185302712,-0.06883450367857324,0.021398664371863867
PANW,2.0742192595022426,-0.0398593778128461,-0.03760286560741344,-0.03569715391948736,0.01597529163246081
PAYC,-0.6439576616684941,0.026143720290292327,-0.05056110298598526,-0.26123026226330615,0.0156510389964343
PAYX,0.18005750922053965,-0.04092465406789547,-0.06938387546335356,-0.29323257967501326,0.014337990817416007
PCAR,1.160056674730801,0.005273561193389176,0.09407225955348841,0.14029350814029118,0.015794269299931846
PCG,0.22440620495967978,-0.0422805805206915,-0.05499367271440081,-0.0501905955108477,0.012680955019361726
PDD,-0.36215374725962957,-0.0035594312027796837,-0.06223558741225255,-0.03413838893287546,0.02015033045808262
PEG,0.40462945311833454,-0.01435405963147196,-0.030227978252067134,-0.06920332699667198,0.008425323760983483
PEP,0.0021487318875252903,-0.011891781069341523,0.005843859091340997,-0.00741453936497205,0.010133882980369104
PFE,-0.30317852046749283,0.0,0.024770232316276397,-0.02987900527875298,0.009000379380418769
PFG,0.888014831125622,0.030854380921823577,0.018082406661477535,0.13205907198646738,0.013832093458154573
PG,0.08946441675379835,0.038884627168436214,0.03917217930750305,-0.11159103735482778,0.01160890891286939
PGR,1.1211778503581389,0.018085703169533396,-0.09501012270436182,-0.17257028602692015,0.021257738537146846
PH,2.4884220305214706,-0.01724086221116783,0.04531627920407333,0.3471191905760236,0.012218803923531751
PHM,1.9651742804266066,-0.038931062211173595,0.04868039599722396,0.12422529060982135,0.02562705859591136
PKG,0.6603314872165686,0.018343638571389098,0.08710749722227917,0.071499847158224,0.015356848353225622
PLD,0.32392753346300474,-0.04549211682726706,-0.015485810802348898,0.0704664323337314,0.011784819806646554
PLTR,6.257167309073965,-0.007955080468777576,-0.12653856052494572,0.6732439333292086,0.022337561290034683
PM,1.1229448376989035,-0.003455770427372662,0.06382196828434794,0.32096510853743143,0.016298761063792806
PNC,0.4709353561349363,-0.016981778880325593,0.027684109895019127,0.10307205019312282,0.014309705197461846
PNR,1.0871338171847174,0.0023299160567535893,0.020592198281438767,0.08966571810692647,0.018548910914150955
PNW,0.16538124208748228,-0.016433688299784643,0.0431190304693978,0.04394605519519956,0.01058972177751362
PODD,0.07940549787000117,-0.05596108940005862,-0.0596219125545987,-0.04601336684871449,0.01694592170532694
POOL,-0.25741831338504917,-0.011082508037354888,0.14608191799885772,-0.21869109824230637,0.016256755039273808
PPG,-0.20536407292083714,0.018780617600241856,0.08440364660734012,-0.002487330372709873,0.012594542035416451
PPL,0.3129078747149927,-0.016834176371374743,0.035458902501708245,0.06751182308800652,0.010510437276378857
PRU,0.4095549776256018,-0.03581341134000282,-0.059886516172784066,-0.05584775779006301,0.015257983652820804
PSA,0.2835150263387336,-0.038313686087955934,0.07841124604484229,-0.06460363861651897,0.01622828184935939
PSKY,-0.680327860736444,-0.008474608462146094,-0.1484716154174296,0.079335760569333,0.011745898686284378
PSX,1.0254722216550953,0.023575314836667527,0.10225051981598665,0.14774565063571998,0.02288572702868954
PTC,0.3719749447533791,-0.027646180571823442,-0.08120361382631147,-0.14555225504178937,0.012898939128469553
PWR,5.86827853136448,0.004306394784413525,0.08113848489982334,0.5690711623953975,0.022684789635191903
PYPL,-0.755864093743917,-0.00474600915205492,-0.05696205748654659,-0.2851009960406138,0.0142378705322521
Q,0.008499449450739993,-0.011722358762451757,0.15281273172672227,0.008499449450739771,0.031864837615295565
QCOM,0.04929297861426729,-0.022581802070474666,-0.10842819983399288,-0.1139542432422419,0.019328506700774885
RCL,3.0456727999575435,0.03659278732142335,-0.027233815784722615,0.07209499226740101,0.024508163498630234
REG,0.6069572770282723,-0.0046173474943091986,0.022861197241175857,-0.026013164047961945,0.00952333273363103
REGN,0.560597296635214,0.02797938772837294,-0.03848366530234293,0.051386899480019066,0.016848861937100224
RF,0.7228840044420215,-0.010442956814797899,-0.009015506820301944,0.12993420588260207,0.01691574841984202
RJF,1.6964265784795338,-0.01600884864094798,0.019481276647086432,0.020466067387949316,0.01600384227295271
RL,2.62548098765158,0.011899208013972373,0.016181694736924657,0.4753815064947289,0.013712061695936974
RMD,0.18946184180738723,-0.020187832753047474,0.03248241843439481,0.04039905588995363,0.012864916210829113
ROK,0.6952975788876234,0.005583383195898239,0.04926923574166131,0.5443524545693468,0.016618498414679564
ROL,0.6451359070634419,0.002869445344959587,0.03709198822386717,0.26783557439755334,0.007243120842530389
ROP,-0.028459069929226644,-0.02049797903737116,-0.09656901465382195,-0.29894052950954675,0.010725720566897091
ROST,0.610574900002278,-0.01980659984666666,0.03781379707691035,0.2788252843843311,0.011334134809836627
RSG,1.3263844182219735,0.031522533583837165,0.020684820474833332,-0.015339363754065194,0.008203143736652454
RTX,1.8632177670904118,-0.029665241419783772,0.05123933653169166,0.5169556141260752,0.013662816654175403
RVTY,-0.19778704031598227,0.03760002983940969,0.20613768164155433,-0.04608972185224525,0.022500492548264292
SBAC,-0.32097376792601673,-0.03580442494662284,-0.028245079278359175,-0.08020440538676965,0.015962532891155394
SBUX,-0.05315223868713104,0.04979035368508655,0.1543100756633502,-0.13033405125539377,0.01575342717796885
SCHW,0.9366945329009331,-0.015796565155742348,0.003240076936658287,0.24807618025201128,0.013530919504087323
SHOP,0.26226658811919457,-0.11501186348588666,-0.18624962010612267,0.132752777352112,0.02807495595622437
SHW,0.44520158034041524,-0.026017935634115807,0.07121556009064389,-0.04378846985179363,0.017230251092103997
SJM,-0.11329238766139982,0.004703534671092857,0.0333601846187348,-0.014229433001983094,0.014879299124083402
SLB,1.2391799461284876,0.051786903645382854,0.29444297987222323,0.20436167292182894,0.02679125459178395
SMCI,9.209339957556146,-0.028798978072502646,0.0376432587429929,0.0066688152857306005,0.03583781818820377
SNA,1.2112389776684203,0.02141914175810844,0.045283400116916006,0.03650659864414885,0.011054065530505837
SNPS,0.9685513178483656,-0.02889733489707036,0.05389388260312655,-0.05115243392737945,0.0191860440655937
SO,0.4747304584808505,-0.015298094342053092,0.004244611154687883,0.04375817394491355,0.007261007286687655
SOLS,0.29834706965841895,0.03202497589893172,0.2666800923093675,0.2983470696584192,0.02255030109353066
SOLV,-0.013624954223633301,-0.0071716113581982155,-0.015839319509012628,0.055087614602858936,0.01950640149230417
SPG,1.2307692449432843,-0.0010274845516312636,-0.018906992859593297,0.03137733849609892,0.008222128108706537
SPGI,0.601230263620588,-0.02331836881792093,0.014969367488440577,0.03760663675852749,0.017433263929747245
SRE,0.3883683412427159,-0.07142085783244068,-0.03264288626774192,0.04422842350758205,0.015883663582938714
STE,0.3768368690672155,-0.03398475745482599,0.015018759574042972,0.17520258507363895,0.014356178740190215
STLD,3.951393026020673,0.044590421773917255,0.033869325328023114,0.40102001150952726,0.019864393470252723
STT,0.7451902607320513,-0.01507583088704434,-0.046362160234594385,0.26940495332266945,0.018507267026869462
STX,4.760652389404895,0.060907931361410705,0.21323665100617517,2.626742166999075,0.047622485245066924
STZ,-0.2674172060759469,0.013661896054564693,0.1301871490568256,-0.08145320942577572,0.02048529396689239
SW,-0.08002523260759287,0.025520959399508936,0.14870175741187253,-0.19691971943860298,0.024336380226806037
SWK,-0.5129613204352814,-0.02517429663222781,0.10164285202592671,-0.03667366607009115,0.021219629687065283
SWKS,-0.6088110495823587,0.02059890284368282,-0.08603321760922389,-0.322921476289563,0.026265553511566453
SYF,1.2439953714111769,-0.04464399204465108,-0.10980707897194841,0.1291083615804598,0.02613018509296933
SYK,0.485398720603355,-0.02402548315933528,0.0008457414410725228,-0.1103760760659952,0.014357980418193271
SYY,0.05393447182347,-0.032868069377915865,0.026397294066971888,0.06736691114565829,0.013968277967037384
T,0.060908995148691636,0.004257146975057857,-0.043390093327048684,-0.03596236965508781,0.008753239742943075
TAP,0.08105140908143338,0.008171556791567447,0.06518447061752797,-0.07376126867898658,0.015667296596077965
TDG,1.4149437314772992,-0.02124831627155177,0.08040682981182101,0.09886096946611778,0.010608208661240329
TDY,0.685090505975843,0.049749026849510436,0.1734433983397594,0.184643431912195,0.02510054277438253
TEAM,-0.43103298760977615,0.11134539526312115,-0.18228646975706397,-0.5893079644222865,0.03487736803865703
TECH,-0.13343074540800526,-0.00742674414496447,0.1515459578225562,-0.09421922043708475,0.020409338223115855
TEL,0.8606815516171378,-0.07124185121069038,-0.034756350887148235,0.5308438959730866,0.014607260604744689
TER,0.9228122156339909,0.004514568515676443,0.15438469795467813,1.0351655397710218,0.02764958541418859
TFC,0.05065704481112987,-0.00840171973475834,-0.023058769115869127,0.03985738617285417,0.010658609322097402
TGT,-0.3914316528593387,-0.02857656667918118,0.1198591095114121,-0.20050297236591796,0.015360523469420597
TJX,1.2936687785203067,-0.02630575207270547,-0.025748540694519928,0.2209385936177024,0.009715668715844046
TKO,3.3394747641867655,0.008068083608884002,-0.059959594098562774,0.27257482440121183,0.01669747047957095
TMO,0.32673470974408736,0.01173391858900974,0.08091584774599281,0.0748651657343744,0.015334311678936022
TMUS,0.40474219639006237,-0.0015565078012111933,-0.0652698483283145,-0.23264445654590304,0.013347999814703219
TPL,3.1271808000650605,0.028031264510837595,0.1720946028425887,-0.25352861676200567,0.028431256919850406
TPR,2.97554255352648,-0.0049736716132120495,-0.0012289068038379147,0.772144973473349,0.014491255789988151
TRGP,6.320336434135878,0.033180435359952076,0.042290341550888844,-0.06329486542202001,0.015079517280241164
TRI,0.46890234859488467,-0.004999154442584475,-0.07218043965504584,-0.2708148399143532,0.01537404251462232
TRMB,0.07391765663305683,-0.03654076289815811,-0.11023621371496384,-0.051685057535513446,0.021509357614079135
TROW,-0.2847857301964294,-0.008075881562620957,0.009075247855107271,-0.0457994565003893,0.018341964079321076
TRV,1.04732778265093,0.030806871721855256,-0.05485977170599643,0.12738493687306174,0.011084811701964037
TSCO,0.9572686182712158,0.07214272547078893,0.058857638161092796,0.020145458012714057,0.016539719432532678
TSLA,0.8460336610009633,0.026422851562500016,-0.0748660832196888,0.1874553285923235,0.0227352807428383
TSN,-0.02897638035571648,0.026469122035385872,0.05835910785844023,0.08004903980749178,0.01258144586424517
TT,1.6824559847297604,-0.008497413726713088,-0.01770179455905696,0.0793694967166867,0.012710989029319357
TTD,-0.5274297849706956,0.03015782718797566,-0.041185722424326277,-0.6803393352484444,0.024981182318815666
TTWO,0.2173890923813988,0.023278072591398358,-0.023330724298796235,0.3288448959589374,0.011437455513160064
TXN,0.19165328630217005,0.009030147776408537,0.09134529571365246,0.06454100697758292,0.024092989056911443
TXT,1.048296632431713,0.008171459361512978,0.04544951170449152,0.2743124897532785,0.015580265073866485
TYL,0.007298312182231648,-0.011931546745485355,-0.05757391211503915,-0.2942207633674919,0.014828029425624445
UAL,1.5880373552593725,-0.05066525780449971,-0.06158000039339817,-0.0007419943543047758,0.021531482486462517
UBER,0.6095032956776871,-0.029935191057216537,0.014294467170711256,0.2765197467959326,0.01821377974227201
UDR,0.02360930210602641,0.002125447193197516,0.03541040089818681,-0.10658455400028188,0.012121050334563111
UHS,0.5160407908672888,0.026065595996621616,-0.09683814213426145,0.06115792313413837,0.019384519709041422
ULTA,1.4290012820904807,0.0341231315411239,0.12752246942625423,0.6707331255826501,0.010219843178892905
UNH,0.01934194496602193,0.0762492344560819,0.08755120693868279,-0.3400270254776919,0.015490625738359524
UNP,0.13122506334904704,0.0006971475859112175,-0.022973874006222972,-0.060659367188397484,0.016457933692822644
UPS,-0.34078143256923954,0.010008415098422097,0.07272004200790261,-0.03503126108571808,0.012026611520261188
URI,3.00187264847536,-0.0023988981817189003,0.11428641625358393,0.2449944978399401,0.023360539577927542
USB,0.20273205779183745,0.019669111485506097,0.00964693496982516,0.17074715006775554,0.013235698694634456
V,0.4978875868108177,-0.006457493743570852,-0.08154536458338701,-0.0665636721700894,0.012705401500479363
VICI,0.15780938568748826,-0.015182837600384302,0.020743986053160635,-0.046122966485551364,0.009050312951373065
VLO,2.3570787345171196,0.0197862721638562,0.13753265002311066,0.33122246531621946,0.027355986452743678
VLTO,0.3021850075146566,-0.013246329352355257,-0.00958063689668831,0.0574052827486653,0.008395544719112346
VMC,1.0478400998022548,-0.019282916210561996,0.021897535604878726,0.09382868082914642,0.020152215273466695
VRSK,0.07472391580470239,-0.01075273506918395,-0.0037012236453840552,-0.2523659911724634,0.008946695584157158
VRSN,0.1733308547386576,0.004529622308426351,0.019735528396808144,0.13439863269758612,0.010576586472158039
VRTX,1.0416249776202737,0.06128788111364547,0.011706545588578754,-0.04100810473994654,0.019642638595005372
VST,7.348279070359453,-0.03889562274266556,-0.011360900965695864,-0.06695417197306963,0.04442384084337473
VTR,0.6422780740108247,-0.01861056904101477,-0.03303196171926037,0.2650344576347974,0.009543986325150413
VTRS,-0.2874865487690704,0.027216204573380143,0.07924838931105604,0.20639271856147245,0.017168021481145636
VZ,-0.32846216682329465,0.015677219551367694,-0.019841251069335764,-0.015200612861090312,0.009415658586417753
WAB,2.1673777808302384,0.0022212303714228554,0.04709686185942119,0.11035511730838032,0.012545957451347251
WAT,0.5682990490934676,0.012752671873596633,0.019437183294767735,-0.05259725898213863,0.013907457660939086
WBD,-0.06692782544004627,0.0,-0.022237414598349603,1.8047106084994562,0.009360840009940615
WDAY,-0.1702034681364718,0.012843807602724633,-0.1272308546005263,-0.3146975221610735,0.017579637143461477
WDC,4.9878224465435945,0.06717532053549502,0.31649589331560346,3.832261437765788,0.05698020437306192
WEC,0.20712549003751368,0.004696584892069922,0.03363330478183424,0.08137574719140117,0.006011771624769664
WELL,1.9818181367804373,-0.04023415200426084,-0.021417178145023863,0.2917925980870013,0.010010489703869854
WFC,1.9279460219066373,-0.016066963261762268,-0.08751315530132409,0.08632099649324254,0.01567882687609827
WM,0.9962552649332619,0.03616146162138234,0.03555292327198978,0.01984246727900496,0.00953673718322864
WMB,2.231840689135494,0.055402110311625785,0.09249916052279694,0.1426561271420852,0.013040205436261363
WMT,1.4103596793717537,-0.01645775807463412,0.05483382056369601,0.1490338123063193,0.011098169562875137
WRB,1.3255313185854973,-0.011196148167163744,-0.049830077484148805,0.1030403357385048,0.01260005455995922
WSM,2.9728024489949685,-0.03314261589945533,0.07932653550674362,-0.023819778329839836,0.025572399274683393
WST,-0.1712715005346498,-0.0890334659610782,-0.1445817952379299,-0.2938473673149232,0.022166800286949083
WTW,0.5847324614374727,-0.020035839926360044,-0.03500535645001346,0.006736328405503311,0.010194642705295529
WY,-0.18713809936001558,-0.014412394580394894,0.12247473987288982,-0.12096242774675492,0.02313534840901821
WYNN,0.062207684106241334,-0.006822345550640985,-0.09174527195081905,0.39052165025122987,0.016166781106804185
XEL,0.14240021249826285,-0.007935438027743547,0.012417409148518743,0.10390000743290573,0.008958024812227948
XOM,2.252289186041045,0.03911003044826811,0.13210870524018192,0.22834004909391936,0.017021003603403338
XYL,0.41669166685544257,-0.03353184829633693,0.018020616139208467,0.08797471984999117,0.016944930064366814
XYZ,-0.697820579108154,0.013343516657068788,0.011809216400575417,-0.22290695545285244,0.02400939145348863
YUM,0.44556796127249854,-0.045488540721382975,-0.008748095123397248,0.16548572358630942,0.013729795854396862
ZBH,-0.4176156012125042,-0.008131933390516655,-0.040230574617767134,-0.2000000140958791,0.01509480135429257
ZBRA,-0.36386959463669355,-0.04247447610591293,-0.021797481673008767,-0.3801154829675599,0.022671659186837327
ZS,0.06899892412656983,-0.020375739309309693,-0.08702095145990574,0.022586416410324883,0.018662681622421125
ZTS,-0.2417017798842962,-0.004813465437435549,-0.011474976783209079,-0.29384639184400485,0.011359224408614274
