date,impact_on_final_nav
2025-04-04,-1.0650689653481438
2022-06-13,-0.7801555117965129
2024-12-18,-0.6940835860916683
2022-06-16,-0.6236014401481706
2022-05-18,-0.6172471018178262
2022-05-09,-0.5952305689579797
2022-09-13,-0.5748506633990674
2022-04-29,-0.5222843257478266
2025-10-10,-0.5194656344377478
2022-04-22,-0.5194200807823416
2022-08-26,-0.5105493033847491
2021-02-25,-0.5076990740833385
2022-05-05,-0.49545701438468737
2022-06-10,-0.4732876136976486
2022-10-14,-0.4474574440571556
2025-01-27,-0.43894976851946255
2022-03-07,-0.42871885533651255
2021-11-30,-0.4257149722018471
2022-12-15,-0.424380142661488
2021-05-12,-0.4107383948506194
2022-06-09,-0.40125498145960875
2023-02-21,-0.39993368694436965
2024-08-05,-0.3964743152214938
2022-04-26,-0.38379356747563803
2021-11-26,-0.38321567241278826
2021-03-23,-0.37989845634629743
2022-09-23,-0.3795951331976472
2023-03-10,-0.3679790318468515
2025-04-21,-0.3654589316175948
2021-09-28,-0.3632474254634421
2025-02-21,-0.3607525736876914
2022-10-07,-0.36008489907965907
2022-11-02,-0.35259897460929396
2023-03-09,-0.34884136039293184
2022-06-28,-0.3375224819210217
2025-05-21,-0.3312063222397594
2024-04-12,-0.3285871912564198
2022-09-29,-0.3278114125672929
2022-12-05,-0.32507381693668985
2023-03-22,-0.32047675723380414
2022-01-18,-0.3199727557906735
2021-09-20,-0.3193785756171955
2021-03-04,-0.3179160053085928
2022-11-09,-0.31628417401881215
2022-01-19,-0.315726578687858
2022-02-17,-0.31269437428540886
2022-08-22,-0.31040769489662584
2024-09-03,-0.3094083539440591
2022-01-05,-0.3081805085869585
2022-01-21,-0.3017094891617559
2025-11-13,-0.30135733218781663
2024-12-09,-0.2961621837172261
2023-12-20,-0.29077780917899687
2025-11-20,-0.2904132218310218
2022-09-22,-0.28693766430182127
2024-01-03,-0.2790971427858494
2021-11-10,-0.2782714354271298
2024-07-24,-0.27750743823786844
2022-04-21,-0.274235433840195
2023-10-03,-0.27338438459514286
2022-09-21,-0.27302417239881577
2022-11-28,-0.27213956865660427
2022-12-28,-0.27192084402906386
2022-02-23,-0.27120289495377076
2022-08-19,-0.27058053981033686
2023-09-21,-0.2632751589826882
2025-04-03,-0.260683413570161
2023-04-25,-0.2549730639036729
2023-01-30,-0.253217308264373
2023-09-26,-0.25317087960759266
2023-05-23,-0.25067477299171437
2022-11-16,-0.24846087474380021
2024-02-13,-0.2470992418625566
2022-09-20,-0.24616737250597454
2022-01-20,-0.24463905929891036
2024-08-02,-0.24306505998988162
2023-10-20,-0.23998681908052566
2023-01-18,-0.2397192904440883
2023-03-15,-0.23965401620454693
2022-03-01,-0.23717011872587387
2025-03-04,-0.23627649789590782
2022-03-08,-0.23499351077536001
2024-04-04,-0.2334170842214503
2022-02-11,-0.22917779877733463
2025-03-11,-0.22886694492709106
2023-10-19,-0.2263838345222549
2025-03-06,-0.22545537326429946
2022-05-11,-0.22337902371543275
2021-12-01,-0.22134091770143002
2023-02-16,-0.2212992501268475
2022-07-12,-0.22082452120691085
2021-09-30,-0.21961047216420468
2021-05-11,-0.219294426164401
2022-09-16,-0.21718079522723527
2024-04-30,-0.21635937819686496
2022-08-30,-0.21506283104907414
2023-08-17,-0.21364606496153057
2024-04-15,-0.21348364028042355
2021-01-29,-0.21043435932281357
2022-12-22,-0.20954923745435539
2022-02-22,-0.20859432711030526
2025-04-07,-0.20798061431178674
2026-01-20,-0.2069849506826059
2025-11-04,-0.20642614440632054
2021-01-28,-0.2061596058764514
2025-12-12,-0.2060050773112144
2023-08-24,-0.2055353159493288
2023-10-18,-0.20416983346358308
2025-03-28,-0.20149608627843635
2025-08-01,-0.19601721189733637
2026-01-07,-0.1959378113828752
2023-08-02,-0.19531060831349112
2024-01-31,-0.1915885682313867
2023-02-03,-0.19073941968748861
2024-12-27,-0.18971499835167377
2021-05-18,-0.18880134225250927
2022-12-09,-0.18761738334177794
2025-02-27,-0.18758244059575038
2022-06-08,-0.18704973731535476
2023-08-15,-0.18662922207491342
2024-03-14,-0.18662164931407585
2021-06-18,-0.1864206337103485
2023-09-15,-0.18612322217742103
2022-12-06,-0.18453988599899926
2022-05-31,-0.1844253557651122
2022-07-26,-0.18396383241000916
2022-02-03,-0.1829438369974353
2024-09-06,-0.1827426876949208
2024-03-05,-0.1819640029086785
2025-02-20,-0.18123052122903233
2023-03-17,-0.17721279620201322
2024-11-14,-0.176785455690262
2023-07-06,-0.17649723526456013
2025-04-10,-0.1753958796539
2024-12-30,-0.17521487577474298
2023-01-19,-0.17496846626784207
2023-10-25,-0.171953068659099
2025-03-10,-0.17180482558509447
2022-03-31,-0.17140956229335533
2022-06-01,-0.17101979248071342
2025-04-16,-0.1699710931679649
2022-12-19,-0.16932854653503684
2022-12-16,-0.16922385960098854
2025-12-31,-0.16903575907555532
2024-07-17,-0.16725832699868196
2022-04-11,-0.16700627152645747
2021-12-13,-0.16621396710674813
2022-07-11,-0.16516295883355578
2021-10-27,-0.1646249495576294
2022-11-14,-0.16448580617267425
2024-05-29,-0.16299827267009265
2023-03-07,-0.16282963112495155
2025-01-07,-0.16210683437685713
2021-12-20,-0.16045401398236947
2022-04-05,-0.16041706285623242
2022-08-17,-0.16030274831316998
2023-02-09,-0.16012758074475744
2022-02-10,-0.1600586266467185
2024-02-20,-0.15636709993554068
2021-03-16,-0.15635367561346303
2024-12-17,-0.1561028808541083
2024-04-02,-0.15573521678552202
2023-07-20,-0.1547871014946309
2025-07-15,-0.154242590344363
2022-06-03,-0.1534094110994027
2025-04-08,-0.1533905748975941
2023-09-05,-0.15321321896519127
2021-07-08,-0.1519462783113143
2025-11-17,-0.1514916077618424
2021-04-30,-0.15141219711098836
2024-05-23,-0.15082348943809692
2021-12-09,-0.1498762565022561
2022-03-11,-0.14621372543331015
2023-02-06,-0.14534381919537498
2021-07-19,-0.14516635278843878
2024-08-01,-0.14496295711323381
2021-12-17,-0.14314007159780115
2021-02-18,-0.14284381354467782
2021-12-14,-0.14125183269148275
2023-02-08,-0.13997499163132768
2022-09-26,-0.13920292337847573
2023-08-09,-0.139048499642412
2025-06-13,-0.1386922381534722
2021-12-16,-0.13586022204657525
2022-09-30,-0.13405234671103447
2025-10-07,-0.13398681316261749
2021-11-22,-0.1321759245340754
2023-05-31,-0.13083844332390968
2024-02-16,-0.1306548976272612
2022-02-14,-0.12992034068479688
2025-10-09,-0.12939346809468885
2022-07-22,-0.12820265715970947
2021-09-17,-0.12778496216232052
2024-06-14,-0.12760640008526314
2024-06-20,-0.12695680005253404
2023-02-17,-0.12694332684915674
2025-10-22,-0.1262270011918668
2025-01-31,-0.12434655948919854
2025-08-14,-0.12322707613207641
2021-10-04,-0.12143868657259753
2024-01-17,-0.12098580221041175
2024-10-31,-0.12047986479898552
2023-09-12,-0.12032056500547386
2025-06-17,-0.11978167888863656
2025-07-07,-0.11952143430316352
2024-07-18,-0.11937148008529813
2022-07-18,-0.11886693319053722
2024-04-10,-0.11793332396690076
2023-08-16,-0.11793254028427555
2022-05-24,-0.11765610614210474
2025-07-31,-0.11764394923818383
2023-12-29,-0.11745712420121633
2022-10-10,-0.11739631155454855
2022-02-18,-0.11652302863821594
2025-03-12,-0.1162663372855664
2025-09-25,-0.11615949723536775
2023-02-24,-0.11558336152469798
2021-05-19,-0.11452143114374232
2021-03-24,-0.11268679623942217
2024-03-11,-0.1119256501446239
2021-08-17,-0.11145515265330977
2025-03-03,-0.11080817446682621
2024-10-23,-0.11008666027083232
2025-12-16,-0.10978913573867989
2024-08-07,-0.10961460050155013
2024-10-15,-0.10927048986855947
2021-09-07,-0.1083646344086795
2022-09-15,-0.10731767523242065
2024-12-10,-0.10731750898499864
2021-03-29,-0.10717064152895336
2021-03-18,-0.10713585091098561
2025-02-25,-0.10479403523896082
2022-03-23,-0.10407236856217515
2023-07-27,-0.10352999257258619
2022-08-09,-0.10324127571646219
2023-10-12,-0.10322402982694842
2023-05-24,-0.102454360094536
2025-12-17,-0.10207761390530395
2022-03-14,-0.10183393409930311
2022-01-27,-0.10077488199300946
2025-05-28,-0.10008122624468466
2022-10-12,-0.09966326088060017
2023-10-27,-0.09892927954414933
2021-04-19,-0.09822979397433486
2023-05-02,-0.0981905158050274
2022-10-19,-0.09806448076600902
2021-04-20,-0.09778543412190008
2025-12-01,-0.09764936297251466
2024-03-22,-0.09747836278425609
2023-06-23,-0.09703456794140489
2021-08-18,-0.09664494591940481
2024-10-07,-0.09497081814551707
2021-12-30,-0.09481348524442686
2021-08-26,-0.09474498167775966
2021-07-13,-0.0946975690892084
2024-04-17,-0.09376073593438825
2022-04-06,-0.09340727558492351
2022-06-30,-0.09332344096505403
2024-01-02,-0.09303967463564397
2022-05-06,-0.09203180653014958
2025-01-10,-0.09198143555889145
2021-12-03,-0.09115065006242878
2025-03-18,-0.09000465697171187
2022-10-20,-0.08861005301711096
2023-10-26,-0.08833189308793298
2022-10-11,-0.08818760083541304
2023-05-16,-0.08806928277066993
2024-05-01,-0.0872631423286841
2023-04-05,-0.08697136356633722
2022-07-14,-0.0869563207878906
2021-05-25,-0.08623342252940128
2024-06-07,-0.08533325317356232
2024-08-28,-0.08517582392075886
2025-07-11,-0.08440631309632433
2023-06-16,-0.08431877266165112
2023-12-05,-0.08242930301715833
2021-09-27,-0.08223152184951228
2022-11-17,-0.08077773925987836
2023-09-29,-0.07990892533259243
2023-04-04,-0.07958111822759566
2025-12-29,-0.07955817926260246
2024-02-21,-0.07918355767942722
2024-05-16,-0.07900418914508212
2023-04-20,-0.07796923447649515
2023-03-06,-0.07697905436582866
2025-10-16,-0.07551669984727237
2025-02-24,-0.07497934624488709
2022-08-02,-0.07485679318732921
2023-04-26,-0.07365645227881193
2021-11-17,-0.07330050179366104
2025-10-30,-0.07279701411902811
2022-01-26,-0.07272275489471666
2021-05-10,-0.07261939372836407
2023-06-21,-0.07261899665332394
2024-09-05,-0.07254600444055999
2025-05-06,-0.07214228299307787
2025-11-06,-0.07182609023584381
2023-11-09,-0.07099478868629287
2023-06-20,-0.07054865745174052
2024-12-05,-0.07051748962858684
2025-03-26,-0.07046034385268353
2023-10-02,-0.06956283071045091
2025-12-08,-0.06941599286083418
2022-12-14,-0.06934652247180365
2023-05-19,-0.06800077726343827
2022-03-30,-0.0675601728627878
2024-06-06,-0.06717031776118586
2025-08-05,-0.06702290000316706
2024-03-08,-0.06677710339722377
2023-12-15,-0.06618756206812654
2024-04-19,-0.06590986121738851
2025-12-23,-0.06558137671409675
2025-08-20,-0.0654323425246145
2023-09-19,-0.06509687663820879
2024-10-25,-0.06505677900383827
2025-10-28,-0.06462133857239193
2023-09-13,-0.06397692166226263
2021-07-27,-0.062148393574720524
2022-06-27,-0.06205417023348755
2024-12-31,-0.06178044393082476
2021-08-19,-0.06141782554069803
2024-06-21,-0.06099852655111476
2025-02-07,-0.06059620008740415
2023-09-20,-0.06053078788981775
2022-09-02,-0.06030580556548373
2022-11-21,-0.06006171814316934
2025-08-25,-0.05958419256372912
2025-02-11,-0.05900655992188705
2023-02-10,-0.058946895208407506
2021-03-02,-0.05857734335362203
2023-08-08,-0.05851637730218675
2024-10-01,-0.05833918863660602
2025-09-24,-0.05773197519324573
2024-11-12,-0.057519245588835435
2024-07-19,-0.05713740481136382
2025-12-30,-0.0570185209221666
2024-10-10,-0.05690846727826763
2024-12-12,-0.056674580684899736
2025-03-13,-0.05662873244648782
2024-06-26,-0.05654994243286815
2021-06-09,-0.056278202495205494
2022-06-29,-0.05549655963547409
2024-07-01,-0.05504447396900214
2024-08-20,-0.0546119264589509
2025-09-02,-0.05436550618986085
2021-09-13,-0.054170454555986236
2021-06-30,-0.054154821887401935
2021-09-10,-0.05383203428751565
2022-05-19,-0.05362150171690898
2025-09-12,-0.05317663169090396
2023-10-13,-0.053153250694382856
2022-01-10,-0.053146437487056504
2024-08-26,-0.052966181144583485
2023-01-05,-0.05292846757679057
2023-07-14,-0.05261157528170094
2025-11-14,-0.05166982431257093
2021-03-09,-0.05161571940581065
2024-08-22,-0.05155628736390018
2021-07-14,-0.05138352225653146
2021-02-26,-0.05043164769278951
2023-07-05,-0.04989727053719874
2024-08-12,-0.04972821571642234
2022-09-06,-0.04963816620679911
2021-06-16,-0.04949740585090128
2022-04-14,-0.049399641559497644
2023-10-23,-0.048968868900844974
2025-08-29,-0.04889047208363959
2024-01-09,-0.04778328821084421
2021-04-07,-0.04742861594209401
2025-03-21,-0.047151593578181175
2025-07-21,-0.04713019858099407
2024-06-04,-0.04712062899532472
2024-04-09,-0.046399969600084606
2024-03-26,-0.04637559374793109
2023-05-04,-0.04558169624498847
2021-02-17,-0.04537023164139278
2025-09-09,-0.04475792118737954
2024-01-16,-0.04431308552859221
2024-07-23,-0.04405218152753732
2021-08-16,-0.043088696685802855
2022-06-22,-0.04251857723855203
2025-08-15,-0.041926294955975406
2024-10-21,-0.04160962046967682
2022-08-01,-0.041310180473085815
2023-04-12,-0.04129918821831915
2023-06-07,-0.0412914471123785
2024-06-24,-0.041229703995150475
2024-09-25,-0.041093933612805875
2024-11-15,-0.03947666204682894
2023-01-24,-0.0394031118473522
2024-04-18,-0.03829740318270893
2024-05-28,-0.038087501483316494
2023-05-12,-0.03804243365204447
2022-09-01,-0.037116308992064674
2022-08-29,-0.036706297042917675
2023-03-13,-0.03662137546468703
2025-08-19,-0.03659258945394802
2025-08-11,-0.03642275244083038
2022-12-30,-0.03550109425670008
2024-03-18,-0.03528968414906953
2021-07-16,-0.03397980638867598
2024-04-01,-0.0337981491627306
2021-11-19,-0.03334168589525435
2025-11-18,-0.033275175040447955
2021-03-22,-0.03305223325271158
2022-10-06,-0.03301657848374489
2025-06-04,-0.03215361413926202
2022-01-25,-0.032038255344835356
2022-07-13,-0.03181674626125302
2024-11-13,-0.03151241048183637
2024-10-22,-0.03139509080594226
2021-07-15,-0.03051624054082744
2023-08-01,-0.030283440179641977
2024-06-28,-0.03000378891687745
2025-05-20,-0.02988142981826319
2022-08-31,-0.02941964867944165
2023-04-14,-0.029334038311434288
2021-08-31,-0.029244676330489577
2022-05-20,-0.029112221193522924
2021-10-11,-0.02906043682095985
2025-08-21,-0.02886529922047844
2021-12-28,-0.02861676046714212
2021-04-22,-0.02684765417580919
2025-06-09,-0.026789185139190888
2021-05-04,-0.026713457872124372
2025-05-14,-0.02639669731123304
2023-01-17,-0.02575858565177484
2022-10-31,-0.025661791872927886
2025-06-25,-0.02454026580744243
2021-09-08,-0.024319744728601215
2025-06-05,-0.023697998483706535
2021-09-14,-0.02342108682764775
2024-05-13,-0.02293812184127097
2023-11-21,-0.02186229230250594
2024-01-11,-0.021802244277634
2023-08-03,-0.02178450426569071
2021-03-31,-0.02153426573442614
2024-06-03,-0.02025788385740841
2023-12-06,-0.020231760272110124
2022-07-08,-0.019907928610783648
2021-02-10,-0.0194513876824832
2025-05-23,-0.019375863190414625
2024-04-16,-0.019139525784179875
2025-03-20,-0.019051835849395387
2024-05-22,-0.018276323113697392
2022-03-03,-0.01816297464459958
2023-04-19,-0.017794466177848214
2023-06-26,-0.01761277902527171
2021-06-14,-0.017440850060664495
2025-02-03,-0.01707529688794889
2021-07-26,-0.016635349893176152
2023-08-22,-0.016214820000006326
2024-01-26,-0.01598562836532133
2024-01-12,-0.015557631972466469
2025-09-16,-0.014905593370370049
2024-02-23,-0.014814098911854017
2023-03-27,-0.014677749418689434
2025-02-19,-0.014317186654713307
2025-07-28,-0.01391539268731029
2024-01-23,-0.013716602582847463
2023-07-21,-0.0130946929121784
2024-09-18,-0.012456161408272083
2025-07-29,-0.0124122116022784
2021-06-15,-0.012071193427553006
2025-09-17,-0.011954387464729418
2021-04-06,-0.01109858293002963
2022-08-23,-0.010686897405250856
2023-08-04,-0.010628158825145576
2021-02-22,-0.009936434562688654
2025-04-15,-0.00987752783167342
2022-12-07,-0.009613930906774286
2023-11-06,-0.009485226304430872
2021-04-14,-0.009410039196100338
2025-10-17,-0.008345520999721828
2021-10-26,-0.007722568538116182
2023-06-22,-0.007294885721152819
2021-02-23,-0.006902079777840278
2024-06-13,-0.0066948682376803195
2024-11-27,-0.0063416962910243695
2023-11-08,-0.0053321776119081635
2021-07-06,-0.005291103473749051
2021-08-11,-0.004956392547497028
2024-05-31,-0.004601000202733567
2025-12-26,-0.003095888350110676
2025-01-24,-0.003012934646413883
2022-08-11,-0.0028760260327094986
2024-06-11,-0.002589291021164423
2022-01-07,-0.0021051027594988095
2023-03-28,-0.0020320355482609668
2021-06-03,-0.0019850682934762338
2023-09-06,-0.0018243028909385108
2025-05-22,-0.0017790292505267492
2024-01-24,-0.0009861581538273257
2025-05-29,-0.000900109418373534
2025-07-08,-0.000721998810593418
2024-07-11,-0.0004237997447524638
2021-06-23,-0.0002855077594456638
2025-11-27,0.0
2024-05-27,0.0
2023-07-04,0.0
2025-01-09,0.0
2022-11-24,0.0
2024-12-25,0.0
2021-02-15,0.0
2025-01-20,0.0
2021-05-31,0.0
2026-01-21,0.0
2026-01-01,0.0
2021-04-02,0.0
2025-04-18,0.0
2025-02-17,0.0
2025-06-19,0.0
2023-02-20,0.0
2023-01-02,0.0
2023-01-16,0.0
2024-06-19,0.0
2022-02-21,0.0
2023-11-23,0.0
2025-09-01,0.0
2022-06-20,0.0
2022-05-30,0.0
2024-01-15,0.0
2024-02-19,0.0
2023-09-04,0.0
2023-05-29,0.0
2024-11-28,0.0
2023-04-07,0.0
2024-09-02,0.0
2021-09-06,0.0
2022-09-05,0.0
2024-01-01,0.0
2021-12-24,0.0
2024-07-04,0.0
2021-11-25,0.0
2025-07-04,0.0
2022-12-26,0.0
2021-07-05,0.0
2022-07-04,0.0
2025-01-01,0.0
2025-12-25,0.0
2026-01-19,0.0
2024-03-29,0.0
2025-05-26,0.0
2023-06-19,0.0
2023-12-25,0.0
2022-01-17,0.0
2022-04-15,0.0
2024-11-04,0.000243884660135639
2024-10-17,0.0002656731030328856
2025-03-25,0.00032078976339002034
2023-04-24,0.00034659024466464285
2021-06-17,0.000532126139334874
2023-05-09,0.0009087507130815394
2025-10-21,0.0010204706210774287
2021-04-12,0.001286093676041223
2024-12-02,0.001366760946250224
2023-09-22,0.0014120279195748476
2023-08-11,0.0014184057968900964
2024-05-07,0.001716390786934997
2025-11-11,0.001768197103247101
2022-04-18,0.0021242408372544124
2024-03-28,0.002532813544541186
2025-07-01,0.002993834297487609
2025-12-04,0.003051426628433053
2024-03-19,0.0033039840502880435
2022-10-05,0.003453724874580963
2023-02-28,0.0037535579434276383
2021-09-09,0.004009442809802038
2024-10-03,0.004034274868579971
2025-06-10,0.004285242013493669
2023-05-01,0.005670805177903478
2025-03-27,0.005678795232857781
2023-09-07,0.005812089864971618
2023-02-22,0.006378427114968601
2022-12-02,0.00748790933115913
2021-09-16,0.008327047402787491
2021-03-03,0.00890883181713893
2025-08-06,0.00968185419537694
2023-12-18,0.009699498797218828
2021-12-31,0.010222999995616067
2023-05-11,0.01039470613175785
2022-01-13,0.01109215963712914
2023-10-05,0.012171847504142883
2024-10-30,0.012451201243475181
2024-11-26,0.014871384642196577
2025-05-05,0.015144591419061736
2024-09-04,0.016334304204877855
2025-06-20,0.0170560247515097
2026-01-16,0.017349488369605124
2023-04-03,0.018232326459855452
2022-08-16,0.018787050099395585
2021-11-23,0.01954432563332147
2024-12-23,0.019690874276373574
2024-02-05,0.01979406630116914
2024-12-26,0.019955897880697553
2023-12-28,0.020525425796109022
2023-04-06,0.021392004019007673
2023-08-31,0.021392956667732842
2024-03-15,0.021941349447493565
2023-11-16,0.022304508318563433
2023-12-04,0.022357510606431732
2023-09-08,0.022923686503649662
2024-07-29,0.023327731926973717
2023-06-14,0.023574200812387553
2025-09-23,0.023611318215083877
2023-05-03,0.023834163317466073
2022-04-12,0.024283626109145494
2022-05-02,0.024774538718389246
2021-04-13,0.025162809389689088
2021-08-02,0.02562990429534105
2025-07-30,0.02616641716880258
2021-08-10,0.026326790874299455
2024-01-04,0.026403406256178128
2024-11-25,0.026621875224001574
2025-10-14,0.027049606153620193
2025-01-02,0.02790913084907346
2023-05-22,0.0283309949583049
2021-11-15,0.02846379454402579
2022-03-04,0.02890029574021021
2024-12-03,0.029248087830149636
2021-09-29,0.02929998014969055
2025-05-19,0.02940780223077427
2021-06-02,0.029674987377738334
2022-12-27,0.029975172200498137
2023-11-28,0.03063375785066926
2021-06-28,0.030665562785064424
2023-11-13,0.03086341337460808
2021-07-30,0.03099467932509038
2021-04-28,0.031320753079868154
2021-11-18,0.03150557023029612
2024-08-16,0.03154636049170397
2025-01-13,0.03155496821977385
2023-06-05,0.031774857717615256
2025-01-29,0.03182189528959689
2025-12-09,0.03201227839673166
2021-09-03,0.03217736170418931
2025-08-26,0.03222296520540225
2022-05-10,0.03242847849504547
2024-09-27,0.032586331096580747
2025-06-11,0.03264938619711933
2023-09-18,0.03357850576416341
2021-11-09,0.03369656785207939
2024-07-09,0.033716601923276725
2025-10-03,0.03399455260289625
2023-11-27,0.03429790511740526
2024-11-01,0.03432476613456285
2023-01-09,0.03432975263024682
2025-07-14,0.034742967971754926
2023-11-15,0.03475210413835586
2025-12-15,0.03525403710432304
2023-07-19,0.03555912079195001
2024-12-19,0.035687751596488584
2025-08-18,0.03574437653442947
2024-08-09,0.035883224577312585
2025-05-01,0.03602696754727735
2023-03-01,0.03653328279219889
2025-05-09,0.036745861648842935
2021-10-06,0.036897464909669546
2021-08-05,0.03734454226470035
2025-01-08,0.03769530647325734
2022-02-28,0.037735090961636436
2023-05-08,0.03808157094918528
2021-04-26,0.038210955191035505
2025-11-19,0.038239141372518146
2024-06-27,0.03826147893182914
2021-02-16,0.03827549424104173
2023-07-24,0.038318561038512985
2022-04-08,0.03865661919953864
2021-10-08,0.03904396856762252
2023-08-18,0.03954031920701532
2022-03-28,0.039821995700616994
2023-04-21,0.03983154054550999
2024-09-17,0.039907979964672255
2025-02-26,0.0401507790419074
2021-12-08,0.040333815944953624
2023-04-17,0.04088596698194146
2022-11-25,0.0409409625874367
2022-02-04,0.04134904487001118
2024-04-08,0.041612569549342115
2022-06-17,0.041976730604497345
2025-04-01,0.04310056880752406
2024-12-13,0.04336869634499383
2024-01-30,0.04377836437415574
2024-01-10,0.04400597902900806
2021-08-30,0.04451552428929557
2021-01-27,0.04460132657605316
2025-09-03,0.045067165840562105
2021-05-28,0.04524607911272563
2024-05-10,0.04541551580412939
2025-08-07,0.045584248941484565
2021-08-12,0.046018440940728864
2025-11-12,0.04628945902392183
2024-09-30,0.04652329109720647
2024-05-08,0.04685420039271656
2024-05-21,0.04693756944041212
2025-02-12,0.04698453301393455
2024-05-30,0.04717813323421903
2023-01-03,0.04729567500477651
2025-07-18,0.0473997956416123
2023-11-07,0.04799054180119489
2021-09-24,0.04799286484111293
2021-09-01,0.04806082746921209
2025-08-27,0.0482596650566105
2025-04-28,0.04842783853758182
2024-09-24,0.04892559778967965
2021-05-17,0.049857427793015545
2022-01-12,0.05017317302334964
2022-11-29,0.0507868659171296
2022-07-25,0.05093203158695337
2022-05-16,0.05094213153105077
2024-02-28,0.051561112765107595
2025-09-19,0.05167339973346696
2024-07-31,0.05203656913131978
2022-07-06,0.052343253554787694
2021-06-11,0.052718360331717666
2022-01-03,0.05330611621358381
2021-12-06,0.05382765294177985
2021-06-29,0.05455947730111631
2022-11-08,0.055793692956561995
2025-08-08,0.056127886714813245
2025-06-27,0.0569946768490856
2021-08-13,0.05739218228351914
2026-01-08,0.057951620655160525
2023-07-31,0.05809252252161875
2025-04-17,0.0584946047008474
2025-11-03,0.058539203177835744
2024-10-02,0.05869881962816088
2021-08-06,0.05891695899888779
2023-08-21,0.058994258235106574
2024-06-25,0.0591037353305148
2021-05-21,0.059287140157203294
2025-12-02,0.05983252950651589
2024-02-06,0.0600424730024234
2023-01-27,0.06031858148964573
2021-07-12,0.06034890536595685
2025-07-24,0.06143028679536523
2021-03-19,0.061439806190769664
2024-09-20,0.0625499939565687
2023-08-14,0.06258167473491674
2024-04-25,0.06276845159483586
2024-04-24,0.06315505464427978
2024-11-29,0.06320283174757797
2021-06-08,0.06343270596069568
2023-12-22,0.0639909199264042
2026-01-12,0.06459865275905727
2024-07-03,0.06503824838054223
2022-12-01,0.0652157909525501
2022-11-01,0.06533553839828467
2022-04-25,0.06562210317965438
2025-09-08,0.06581864629904013
2025-01-22,0.06592469956550849
2025-02-06,0.06649908337770696
2021-06-10,0.0667237997183116
2024-07-08,0.0674154724257256
2022-05-12,0.06757916085560621
2021-10-18,0.06766604294122244
2021-04-08,0.06781654572531061
2022-11-03,0.0679335427617367
2021-10-12,0.06811416908614748
2022-12-20,0.06819441645961455
2021-11-08,0.06821013740313092
2023-03-23,0.0687539871941578
2022-08-15,0.06885726453085374
2021-10-13,0.06922370476780074
2024-10-29,0.069399234721976
2023-03-08,0.06940170655222627
2021-11-01,0.06942444547860431
2024-07-15,0.07013764565302671
2025-10-06,0.07024994859122077
2024-05-17,0.07073618800086467
2021-05-05,0.07099079596030866
2023-07-07,0.07105493503032208
2026-01-14,0.07122462144779823
2025-06-18,0.07180576461473591
2021-12-29,0.07183920973515005
2021-09-21,0.07205080401139524
2025-12-24,0.07254367285252177
2025-08-28,0.07306856493905901
2025-04-30,0.07318718184796892
2023-02-27,0.07329564086618061
2024-01-05,0.07382773547927907
2024-08-27,0.0738848799586796
2025-09-05,0.07393671426556143
2022-06-14,0.0745526479988039
2023-05-30,0.07484001989565112
2023-06-09,0.0748864358020046
2025-06-12,0.07511805517428535
2021-03-30,0.07512876562828424
2022-04-04,0.07527431152062543
2022-03-21,0.07533038209694638
2023-10-17,0.07565048511737688
2023-09-27,0.075777139863728
2021-11-05,0.07618617030693803
2023-11-24,0.07626473807806194
2023-07-26,0.0764746875373892
2022-08-04,0.07678670157266596
2022-12-23,0.07704815730801624
2025-10-02,0.07740252802104411
2023-07-03,0.07871953234888555
2024-04-11,0.07922653412176324
2022-01-06,0.07960736190471816
2021-10-22,0.07991361284121587
2025-05-30,0.08025134518962657
2023-01-25,0.08212189766285809
2025-02-14,0.08279237234240408
2022-08-18,0.08304070528231876
2025-04-25,0.08336360063410596
2024-09-10,0.08338845862623048
2021-07-07,0.08361473892674026
2023-06-28,0.08379658446571345
2024-07-05,0.08384068179524432
2021-04-16,0.0841106720469491
2023-03-30,0.08434146972945458
2022-08-05,0.08457735465875076
2021-10-19,0.08468233849168533
2021-06-25,0.08539663789890925
2022-02-07,0.08579328075267925
2025-07-16,0.08586386661801117
2023-03-24,0.08600043154308142
2021-04-27,0.08671278053925309
2024-10-08,0.087413775158793
2025-11-28,0.08780472261303095
2023-12-12,0.08804314676057835
2025-03-19,0.08814880478372038
2024-09-26,0.08950578673363158
2023-07-12,0.09002386597568376
2022-02-16,0.09013596778866836
2023-11-17,0.09064350488991493
2022-04-20,0.09121505017849366
2026-01-13,0.09127450525726404
2021-08-09,0.0923163686215633
2022-10-26,0.09256941430983501
2025-04-02,0.09297346054999465
2022-01-24,0.0930536160795184
2021-06-22,0.09339237127778617
2021-08-25,0.09370937225828356
2022-11-18,0.09396272537434708
2022-04-01,0.09397768465686071
2024-07-25,0.09483105922919088
2022-08-08,0.09492521856954644
2023-12-11,0.09497755652229344
2021-06-07,0.09547588601840507
2025-10-31,0.0955994032602944
2024-10-14,0.09600015216054333
2023-12-27,0.09659306084934073
2025-09-22,0.09700636746738074
2024-08-14,0.09820285108627352
2023-08-30,0.09838319648835782
2021-07-01,0.09852155267901305
2022-03-10,0.09886668383051865
2025-05-15,0.10049279942909065
2024-08-29,0.10055676374868805
2022-11-23,0.10087641782241953
2025-01-23,0.10119739196997339
2023-04-11,0.10130404225122645
2021-02-02,0.10134713836463725
2021-08-24,0.10234267022601504
2022-09-27,0.10290800851246414
2021-05-06,0.10324312929069006
2021-10-15,0.10372535645544123
2023-01-13,0.10447767502148025
2023-06-29,0.10448312959243038
2023-05-10,0.10508417580088436
2025-05-07,0.10535694031492204
2025-09-30,0.1056695204239865
2022-11-07,0.10574943013267635
2021-07-28,0.1061887279947228
2023-08-10,0.10660815315284948
2023-11-22,0.10671418291172029
2024-04-29,0.10704317867049241
2021-11-24,0.10764058575892045
2021-06-24,0.10790904700664998
2022-04-27,0.10802074929097286
2021-11-03,0.10867545776068888
2021-06-01,0.10884860909156249
2021-10-29,0.10946286853797076
2024-07-02,0.10950016263672163
2023-09-25,0.10956745509946351
2024-12-16,0.11011967075580988
2023-04-18,0.11037974194189464
2021-05-27,0.11175422083688079
2021-12-23,0.11182004356678069
2024-11-19,0.11222772712514413
2024-07-30,0.11267976634826046
2023-04-10,0.11289986995845691
2025-11-07,0.11307324759324454
2024-11-20,0.11343914643490259
2021-04-09,0.11384596047179278
2023-07-25,0.11393236828537255
2021-02-03,0.11457625308935575
2024-02-09,0.11483235264238761
2021-05-03,0.11522122205331514
2023-12-26,0.11566675074453887
2023-10-10,0.11615162999972091
2023-08-25,0.11646415632603623
2021-07-02,0.11662680983802179
2021-04-29,0.11696107033102088
2024-05-20,0.11757705386378223
2023-07-17,0.11779197282684983
2021-10-25,0.1178452998579872
2023-09-11,0.1180437979747764
2022-10-27,0.11817821584686501
2021-10-20,0.1187715422387945
2023-06-06,0.11948210541987961
2022-07-05,0.12029343342837372
2024-01-22,0.1208261514320341
2022-03-22,0.12093050241561937
2022-04-07,0.12099818629342898
2023-07-18,0.1210624214922065
2021-07-22,0.12106370354089675
2025-09-15,0.12119283125261268
2024-09-11,0.12165639430308264
2023-02-14,0.12173267879995923
2024-09-23,0.12248554640170628
2023-12-07,0.1228642679832677
2024-10-09,0.12303070872647195
2025-09-10,0.12357292610231836
2021-05-26,0.12376351602776757
2024-10-24,0.12418463426661587
2025-05-08,0.12431963240069183
2025-10-29,0.1247058542520374
2024-03-13,0.12486129310103333
2025-07-03,0.12504721509451872
2025-09-29,0.12572205578521126
2021-11-02,0.12590281756224206
2021-03-11,0.12643268251934558
2024-02-27,0.12712561629645483
2023-10-11,0.1280438832399041
2023-12-08,0.12892445713234954
2025-10-27,0.1291064742176496
2023-08-28,0.12959754876053525
2022-06-06,0.1297613292857725
2022-09-14,0.13024159767249627
2025-12-18,0.1302830202128515
2024-08-19,0.13035293149802987
2025-06-02,0.13097647362929804
2025-03-05,0.13190239325710598
2023-05-15,0.13310567585738436
2021-03-17,0.1333971772662169
2025-12-11,0.13386543196774386
2022-03-29,0.13456696465038695
2021-05-24,0.1347332275651118
2025-11-26,0.13499787682275136
2023-11-29,0.13617057550910264
2022-09-12,0.13639589537761923
2023-09-01,0.13671240415214228
2022-01-14,0.1370048514575077
2025-08-13,0.13719366446080622
2024-12-06,0.13752893277927639
2025-06-06,0.13754867073481916
2025-06-23,0.13761901159943216
2024-05-14,0.13772502072264786
2021-02-12,0.13864029463294747
2022-03-25,0.13883833819308197
2023-01-12,0.13889913855427785
2025-01-28,0.13951036644926032
2025-07-25,0.13965885140372902
2021-10-21,0.14020966851826563
2025-07-09,0.1407011372613533
2025-02-10,0.1408580450893769
2024-11-18,0.14263563375939392
2024-04-26,0.1427155858755204
2021-05-20,0.14332696645195697
2024-10-18,0.14333594215659362
2021-11-12,0.14367304944143847
2024-08-21,0.1457389339854773
2024-01-18,0.14588343091123857
2025-03-31,0.14617865741021263
2023-02-23,0.1465584677997756
2024-09-16,0.14732359368587442
2021-02-11,0.14764279168346459
2021-07-29,0.1478258717701641
2025-12-05,0.14856717432313846
2025-04-29,0.15011325148845436
2025-12-03,0.1506935192843298
2021-02-09,0.15174280594906764
2023-06-08,0.15178441092778838
2024-10-28,0.15241917947722633
2021-11-04,0.15243317639184278
2023-01-11,0.152582460041564
2023-09-14,0.15290417903380793
2022-08-24,0.15320729848229625
2023-11-20,0.1532610972519505
2024-02-12,0.15353011128767802
2024-08-30,0.15353488415086142
2025-04-23,0.15356492157200907
2023-03-02,0.1538027851592885
2025-06-30,0.15385186019650868
2023-03-20,0.15385662592324428
2021-06-04,0.15420133979404801
2021-10-05,0.15431122868708028
2025-02-05,0.1543518455425996
2024-11-21,0.15440547744449792
2024-04-03,0.1547311654427103
2023-11-30,0.15704425439939962
2021-08-04,0.15735266547172808
2024-02-02,0.15810548037119626
2024-07-12,0.15853607970963704
2025-02-04,0.15884856897362873
2025-01-06,0.15890168196576887
2024-06-18,0.15905646802706008
2021-08-20,0.15936065398075244
2021-08-23,0.1611844487388301
2025-10-08,0.16130074469753886
2024-06-17,0.16235982338767102
2024-03-27,0.16263933086137752
2022-02-02,0.16330050076619262
2024-01-29,0.16380110872577838
2022-03-18,0.1643060680932735
2022-07-20,0.1649113840655645
2023-02-07,0.16517490050247974
2023-12-19,0.16534716877360517
2024-05-03,0.1664414309543899
2024-09-12,0.16661083634395527
2025-07-22,0.16686396698540548
2023-09-28,0.166864611940702
2025-05-16,0.167475189228114
2024-07-10,0.16808558636427257
2022-03-16,0.16876838153625948
2021-07-21,0.16934169339965147
2021-11-16,0.16951363344393744
2024-11-07,0.17019259070497753
2021-10-07,0.1709010885557338
2025-07-10,0.17114740689343635
2024-10-16,0.17220046950642168
2025-04-14,0.17240833132024683
2021-03-15,0.17324318054071114
2022-01-04,0.17365451961162431
2024-05-09,0.17397620175155082
2022-01-11,0.17430970817519872
2025-03-07,0.17502553062954504
2025-09-04,0.17545103736040682
2025-01-17,0.1755442093992389
2021-09-02,0.17568645358712148
2024-02-26,0.17616327876877697
2025-02-18,0.17820810506855503
2022-11-11,0.17986138563208948
2024-02-07,0.18012768558399575
2022-09-19,0.18022894520383997
2025-01-16,0.18031041872465794
2021-08-27,0.18043265767222316
2023-10-30,0.18108057454490334
2024-08-15,0.18128198079135274
2023-04-28,0.1815623989167893
2023-01-10,0.1819918698281957
2025-12-19,0.18220487732193047
2025-06-26,0.18240588971643026
2025-01-14,0.1835103046659591
2023-08-23,0.18414672585033007
2024-08-06,0.18493957509611883
2026-01-15,0.18548826111080932
2021-04-21,0.18588927182499038
2024-02-29,0.18590872326599553
2025-12-22,0.18609405935674447
2022-01-31,0.18705539151375672
2024-04-05,0.1874544574209306
2023-10-09,0.18745796053690109
2025-10-24,0.18792885346655824
2024-06-10,0.18808314316147443
2023-04-13,0.1887745184960931
2021-09-15,0.18923917066318868
2023-06-13,0.1897732829361805
2021-11-11,0.19009995666756854
2025-09-26,0.1902415628910029
2023-10-16,0.1905200741624511
2022-07-21,0.19068954046485956
2024-02-08,0.19092732452102512
2023-06-15,0.19111529005868247
2021-12-10,0.19191102080554437
2025-06-03,0.19222355731409588
2023-10-24,0.19285047390015675
2021-02-05,0.19339553936121529
2022-12-08,0.19393877454808642
2024-07-22,0.1943577639191431
2023-10-04,0.19521574984616977
2024-03-25,0.1953797181124874
2025-07-17,0.19663988478484515
2025-10-15,0.19782291108484115
2024-11-22,0.19808850679026618
2024-09-13,0.19825983649497722
2024-12-11,0.1985387635353956
2024-04-22,0.19945112053838718
2023-07-28,0.2001343972626596
2023-08-07,0.20072261810382205
2024-12-04,0.20097169121211686
2024-01-25,0.20152041403484502
2025-10-20,0.2015997852649269
2022-02-01,0.20195989999452466
2021-07-09,0.20365900827365113
2022-02-24,0.20408681099857534
2024-03-07,0.20441728907534265
2023-11-01,0.20477776873204537
2021-12-22,0.2054661845953296
2023-10-31,0.20572219456650306
2021-04-05,0.20592545427606157
2023-07-11,0.20622251171110348
2022-09-09,0.2067299399831302
2023-05-17,0.20794211581562627
2023-02-15,0.2086418032394027
2021-03-10,0.20939966328325252
2021-02-01,0.20956456445643173
2024-09-09,0.21071358869247758
2021-03-12,0.21175453611056055
2021-04-15,0.2119858758074095
2025-10-01,0.2123609926757075
2025-07-02,0.21402213702756775
2025-06-24,0.21497422420469717
2023-06-01,0.21504572872717642
2024-12-24,0.21632584857715745
2023-06-30,0.21643504724104162
2022-09-08,0.21657158538607968
2025-02-28,0.21737981957854577
2022-10-24,0.21793849406988822
2024-03-12,0.21833363304175707
2024-05-06,0.21904734456205863
2024-06-12,0.2197551604130328
2023-06-12,0.21978727557850472
2022-06-07,0.21996089541556058
2022-06-15,0.2200772147787324
2025-11-24,0.2214942103486868
2022-05-23,0.22159308737086403
2023-10-06,0.2242517581749291
2021-04-23,0.22578565813948065
2022-02-08,0.22741442479606824
2025-03-24,0.22748357107627284
2024-10-04,0.2275517014191383
2023-01-26,0.22785903330537363
2024-09-19,0.22811868880977462
2023-08-29,0.22885033743752675
2021-04-01,0.22946120479356538
2021-10-14,0.22958858533378979
2024-01-08,0.22997219416266704
2022-05-03,0.23024393288305994
2021-05-07,0.23150236877814528
2021-09-22,0.23251693352261504
2024-08-13,0.23332000664484626
2024-03-21,0.23361828305835353
2024-10-11,0.23479182280682567
2024-08-23,0.23620685300946254
2025-09-18,0.2365150385415821
2022-12-12,0.2380298635679214
2023-02-13,0.23877792447365898
2025-01-15,0.23957257666862497
2025-05-13,0.24041917380154307
2025-10-23,0.24143826933090884
2022-04-19,0.2418471574645989
2026-01-09,0.2429583883215521
2022-12-13,0.24343287980691042
2021-03-08,0.24358148782674585
2023-03-21,0.2436404110280141
2024-05-02,0.24426706203558005
2023-06-02,0.24466658603612537
2022-08-03,0.24606015925851157
2023-12-21,0.2461951029936155
2021-03-25,0.24623442185789712
2025-07-23,0.24673915050788017
2021-09-23,0.24704966097610354
2021-10-28,0.24898882758920673
2022-05-25,0.2503573835532806
2023-11-03,0.2511058198200119
2025-03-17,0.25279215134919014
2025-01-03,0.252933287187078
2025-11-05,0.25316914194624107
2023-07-10,0.25463106334993846
2022-07-29,0.25622581972640396
2025-11-10,0.2566201884054481
2021-06-21,0.2567819009104251
2025-08-12,0.25760258939181496
2023-12-01,0.2577615004384995
2022-11-22,0.25822711947837645
2025-01-30,0.2593393217726872
2024-03-01,0.2598446030747317
2022-12-29,0.2605818145628117
2021-07-23,0.26058238108597453
2024-03-04,0.2610183217698409
2022-10-18,0.26263459817641926
2022-11-15,0.2627520607143984
2023-01-23,0.26453890451653045
2024-04-23,0.26508823360156325
2022-04-13,0.2670952245400228
2022-07-07,0.26736596040386507
2024-05-15,0.26753929271194543
2026-01-05,0.26830293246932513
2021-08-03,0.2689534256323212
2022-03-24,0.2700663029758616
2022-02-09,0.2711618923043409
2022-03-09,0.27472173372424796
2023-05-18,0.2752695162805725
2023-03-29,0.2772103834091283
2023-11-10,0.27781876316546517
2023-03-03,0.27800252263676806
2022-03-15,0.2783459385481455
2023-05-25,0.278595896478993
2024-03-20,0.2793264732934706
2024-11-08,0.2798415225160091
2023-03-31,0.282498493946248
2023-01-31,0.28279274781559266
2021-05-14,0.28294247063493677
2025-02-13,0.2834648118631082
2025-09-11,0.283750270104604
2023-12-14,0.28420655121217153
2023-07-13,0.284785834477534
2024-02-15,0.28498885806147706
2022-07-15,0.2863037781299096
2024-07-16,0.2864999407582374
2025-01-21,0.28704815388994953
2024-11-11,0.28738817550440476
2025-06-16,0.2875671803095132
2021-12-27,0.28794312339596045
2021-02-04,0.2890979391056847
2023-02-01,0.2893220622375464
2023-05-05,0.29133390772861845
2021-02-19,0.29262404097883066
2022-07-01,0.29285818008716474
2025-10-13,0.29420212598389106
2021-12-02,0.2943492365323172
2024-03-06,0.294832705673723
2022-06-23,0.29532302460681875
2021-05-13,0.2955148778360575
2022-03-17,0.2965537448331208
2023-05-26,0.2973886077633722
2025-03-14,0.3004742811357964
2021-10-01,0.30112294885887786
2024-05-24,0.3013281415560456
2021-12-15,0.3036298392127197
2022-10-25,0.30396714693014953
2024-06-05,0.30412181988167997
2021-11-29,0.3053436063733874
2024-12-20,0.306779363148193
2025-11-25,0.3068373590244028
2022-11-04,0.3074311596558242
2025-04-24,0.3146868563049164
2024-01-19,0.31658629935548205
2025-11-21,0.3175444066268654
2021-07-20,0.3186135133602874
2022-12-21,0.3202015010777714
2022-01-28,0.320467402530539
2023-02-02,0.3223300613456991
2021-03-26,0.3223702539637759
2025-05-02,0.32257847184544125
2023-01-04,0.3229593700132013
2022-04-28,0.33096357392468023
2024-02-01,0.331548833273259
2022-08-25,0.33199935436912387
2023-11-02,0.33794278387112175
2021-12-21,0.3394740425424675
2026-01-02,0.3397678113738973
2022-10-13,0.34116713520986297
2024-11-05,0.3455288129764977
2022-06-02,0.3458825310413964
2025-08-04,0.349252539737178
2023-01-20,0.3498307252801056
2025-04-11,0.3512799985600882
2025-05-27,0.351794285988811
2022-07-28,0.3545963910532159
2022-08-12,0.3566463256777621
2024-02-14,0.3580352445035863
2021-02-24,0.35913029883608133
2023-04-27,0.3595035072945521
2023-12-13,0.36317497557434
2022-10-17,0.36652728695084147
2024-08-08,0.36987702138213263
2022-05-26,0.37029403901694874
2023-03-16,0.37045475217474844
2023-06-27,0.3708299811866612
2022-10-28,0.3716085463738039
2025-08-22,0.3764104221213157
2024-07-26,0.3775077371518234
2023-03-14,0.37804731073788317
2025-12-10,0.3781156347489346
2021-03-01,0.3828867262496138
2022-02-15,0.38568462163064343
2022-07-27,0.38983614175905607
2022-03-02,0.39078192369091547
2026-01-06,0.3927620374574295
2023-11-14,0.39489150260664024
2021-02-08,0.39705303350041327
2025-04-22,0.40504709539645384
2022-09-07,0.4075213711990865
2021-03-05,0.4098720787276799
2023-01-06,0.4242004150122809
2022-05-27,0.42444136648413294
2022-05-13,0.43433965938852326
2021-12-07,0.43555179208464156
2022-10-03,0.43734528226542396
2022-05-17,0.45001284443535994
2022-06-21,0.4506758318604387
2025-05-12,0.4761125301142011
2022-02-25,0.4835197010384436
2022-11-30,0.4844729299874219
2022-08-10,0.4895863359002516
2022-07-19,0.5005301175745874
2022-10-21,0.5061579205983846
2024-02-22,0.5195600894304333
2022-06-24,0.5231325060852432
2022-09-28,0.5530556449019001
2022-05-04,0.5756973768214928
2022-10-04,0.6424097867001045
2024-11-06,0.6933955241441556
2022-11-10,0.9161826644125666
2025-04-09,0.9575515953589437
