date,market_return,market_level,trend_lookback_days,vol_lookback_days,trend_regime,vol_regime,regime_score
2021-01-01,0.0,1.0,60,60,unknown,unknown,0.5
2021-01-04,-0.015709121800831782,0.9842908781991682,60,60,unknown,unknown,0.5
2021-01-05,0.009559077781022815,0.9936997912630253,60,60,unknown,unknown,0.5
2021-01-06,0.01970573550159051,1.0132813765176403,60,60,unknown,unknown,0.5
2021-01-07,0.01045921625256862,1.0238795055593386,60,60,unknown,unknown,0.5
2021-01-08,0.0024129979213310775,1.0263501246779467,60,60,unknown,unknown,0.5
2021-01-11,-0.001320553799177694,1.0249947741215166,60,60,unknown,unknown,0.5
2021-01-12,0.006876305154799552,1.032042950970451,60,60,unknown,unknown,0.5
2021-01-13,-0.0020461430878560313,1.0299312434199523,60,60,unknown,unknown,0.5
2021-01-14,0.0030883913191657834,1.033112074131468,60,60,unknown,unknown,0.5
2021-01-15,-0.006396009346371819,1.0265042796494737,60,60,unknown,unknown,0.5
2021-01-18,0.0,1.0265042796494737,60,60,unknown,unknown,0.5
2021-01-19,0.004902470116671591,1.0315366862050908,60,60,unknown,unknown,0.5
2021-01-20,0.007331394842479336,1.039099288946163,60,60,unknown,unknown,0.5
2021-01-21,-0.004967286966319254,1.0339377845914692,60,60,unknown,unknown,0.5
2021-01-22,-0.0030098657974220893,1.030825770616965,60,60,unknown,unknown,0.5
2021-01-25,-0.0006124431513016668,1.0301944484335654,60,60,unknown,unknown,0.5
2021-01-26,-0.006004276475457372,1.024008876141689,60,60,unknown,unknown,0.5
2021-01-27,-0.023463637788304785,0.9999819027798914,60,60,unknown,unknown,0.5
2021-01-28,0.012352666120441572,1.0123343453514153,60,60,unknown,unknown,0.5
2021-01-29,-0.016887080276172788,0.9952389739951392,60,60,unknown,unknown,0.5
2021-02-01,0.014117743316871946,1.0092895023689497,60,60,unknown,unknown,0.5
2021-02-02,0.014095519916447263,1.0235159626510522,60,60,unknown,unknown,0.5
2021-02-03,0.0020343138090018736,1.025598115307607,60,60,unknown,unknown,0.5
2021-02-04,0.012318132027175365,1.0382315682987884,60,60,unknown,unknown,0.5
2021-02-05,0.005463648303599716,1.0439041004456677,60,60,unknown,unknown,0.5
2021-02-08,0.011018095767532956,1.0554059357964984,60,60,unknown,unknown,0.5
2021-02-09,0.00073554394074451,1.0561822332375994,60,60,unknown,unknown,0.5
2021-02-10,0.002422616186006507,1.0587409574112134,60,60,unknown,unknown,0.5
2021-02-11,0.001663417128992391,1.0605020852549372,60,60,unknown,unknown,0.5
2021-02-12,0.004674593597894434,1.0654595015132236,60,60,unknown,unknown,0.5
2021-02-15,0.0,1.0654595015132236,60,60,unknown,unknown,0.5
2021-02-16,-0.0005542630120188136,1.0648689567207308,60,60,unknown,unknown,0.5
2021-02-17,-0.0006005525685722734,1.0642294469335793,60,60,unknown,unknown,0.5
2021-02-18,-0.004876397040876636,1.0590398416077387,60,60,unknown,unknown,0.5
2021-02-19,0.006313074345719844,1.0657256388628877,60,60,unknown,unknown,0.5
2021-02-22,-0.0027499465987140988,1.0627949502671343,60,60,unknown,unknown,0.5
2021-02-23,0.001340117277808998,1.0642192201427554,60,60,unknown,unknown,0.5
2021-02-24,0.012696351281133897,1.0777309212018222,60,60,unknown,unknown,0.5
2021-02-25,-0.023085004406847933,1.0528514981364818,60,60,unknown,unknown,0.5
2021-02-26,-0.005420804962231701,1.0471441955108904,60,60,unknown,unknown,0.5
2021-03-01,0.021693672451665418,1.0698605986979663,60,60,unknown,unknown,0.5
2021-03-02,-0.005237908349208037,1.0642567669355576,60,60,unknown,unknown,0.5
2021-03-03,-0.008458891896205955,1.055254333994244,60,60,unknown,unknown,0.5
2021-03-04,-0.015307818883249452,1.039100691773696,60,60,unknown,unknown,0.5
2021-03-05,0.020932284609652317,1.0608514431919895,60,60,unknown,unknown,0.5
2021-03-08,0.0023607929470798057,1.0633558937969767,60,60,unknown,unknown,0.5
2021-03-09,0.007286346418319346,1.071103873205143,60,60,unknown,unknown,0.5
2021-03-10,0.00918730037485547,1.0809444262209498,60,60,unknown,unknown,0.5
2021-03-11,0.009279698768964855,1.090975264882272,60,60,unknown,unknown,0.5
2021-03-12,0.005030743118018829,1.096463681188007,60,60,unknown,unknown,0.5
2021-03-15,0.009802439858043775,1.1072117004793818,60,60,unknown,unknown,0.5
2021-03-16,-0.0072375659979556795,1.0991981827234536,60,60,unknown,unknown,0.5
2021-03-17,0.0036124153201870296,1.1031689430786455,60,60,unknown,unknown,0.5
2021-03-18,-0.011518776022585515,1.0904617871082503,60,60,unknown,unknown,0.5
2021-03-19,0.0003974617423703636,1.0908952039501425,60,60,unknown,unknown,0.5
2021-03-22,0.002012339762403607,1.0930904557456669,60,60,unknown,unknown,0.5
2021-03-23,-0.01313033285697487,1.0787378142189439,60,60,unknown,unknown,0.5
2021-03-24,-0.0029227366469398272,1.0755849476768864,60,60,unknown,unknown,0.5
2021-03-25,0.010712884194220227,1.087107564662395,60,60,up,high,0.7
2021-03-26,0.017916063040809418,1.1065842523230274,60,60,up,high,0.7
2021-03-29,-0.005381559261769831,1.1006291035910096,60,60,up,high,0.7
2021-03-30,0.001069543802996946,1.1018062746281534,60,60,up,high,0.7
2021-03-31,0.0003828970046852609,1.102228152950452,60,60,up,high,0.7
2021-04-01,0.01151629220796024,1.1149217344396696,60,60,up,high,0.7
2021-04-02,0.0,1.1149217344396696,60,60,up,high,0.7
2021-04-05,0.008909563593049669,1.124855200533933,60,60,up,high,0.7
2021-04-06,0.0014543056286903868,1.1264910837835311,60,60,up,high,0.7
2021-04-07,-0.003512961405293255,1.1225337640827926,60,60,up,high,0.7
2021-04-08,0.0021963691264884114,1.1249992625856648,60,60,up,high,0.7
2021-04-09,0.005758020526924368,1.1314770314324079,60,60,up,high,0.7
2021-04-12,0.0015361677044312032,1.1332151699064,60,60,up,high,0.7
2021-04-13,0.0005676627057212121,1.1338584538959133,60,60,up,high,0.7
2021-04-14,0.0005133553905919149,1.134440526245389,60,60,up,high,0.7
2021-04-15,0.008855652929755379,1.1444867378152672,60,60,up,high,0.7
2021-04-16,0.0038786943699805243,1.1489258520817487,60,60,up,high,0.7
2021-04-19,-0.005179287175294228,1.1429752351506977,60,60,up,high,0.7
2021-04-20,-0.007590849606289489,1.1342990820369554,60,60,up,high,0.7
2021-04-21,0.011945065280102737,1.1478483586190475,60,60,up,high,0.7
2021-04-22,-0.005537460733092924,1.1414921934056494,60,60,up,high,0.7
2021-04-23,0.010484826098059948,1.1534605405458007,60,60,up,high,0.7
2021-04-26,0.0026726951485281877,1.156543388936536,60,60,up,high,0.7
2021-04-27,0.0015785419377845505,1.1583690411788397,60,60,up,high,0.7
2021-04-28,-0.00024812952375295993,1.1580816156203217,60,60,up,high,0.7
2021-04-29,0.005533031721025554,1.1644893179350855,60,60,up,low,1.0
2021-04-30,-0.007772303631600784,1.1554385533803384,60,60,up,high,0.7
2021-05-03,0.004780843875020811,1.1609625247112296,60,60,up,low,1.0
2021-05-04,-0.0031544643713606988,1.157300309790543,60,60,up,high,0.7
2021-05-05,0.00129968511676376,1.1588044357788039,60,60,up,high,0.7
2021-05-06,0.003413936295997013,1.1627605203020714,60,60,up,high,0.7
2021-05-07,0.0108862424339839,1.1754186132187452,60,60,up,high,0.7
2021-05-10,-0.005603526758065577,1.1688321235676458,60,60,up,high,0.7
2021-05-11,-0.00941747160769669,1.1578246802297836,60,60,up,high,0.7
2021-05-12,-0.02272979138635766,1.1315075667861842,60,60,up,high,0.7
2021-05-13,0.012138507293553721,1.1452423796383298,60,60,up,high,0.7
2021-05-14,0.01618100869271463,1.1637735565385228,60,60,up,high,0.7
2021-05-17,-0.0018895738336217574,1.1615745204778267,60,60,up,high,0.7
2021-05-18,-0.0074265841820614275,1.1529479895177606,60,60,up,high,0.7
2021-05-19,-0.004613776146333282,1.1476285455857607,60,60,up,high,0.7
2021-05-20,0.008907853318905295,1.1578514523344272,60,60,up,high,0.7
2021-05-21,0.0012235106634358426,1.159268095933033,60,60,up,high,0.7
2021-05-24,0.006565886803710147,1.166879719026082,60,60,up,high,0.7
2021-05-25,-0.003892483328595536,1.1623376591732968,60,60,up,high,0.7
2021-05-26,0.004504643781551109,1.1675735762817543,60,60,up,high,0.7
2021-05-27,0.00419802481641342,1.1724750791299738,60,60,up,low,1.0
2021-05-28,0.0012316046869132776,1.1739191049327193,60,60,up,low,1.0
2021-05-31,0.0,1.1739191049327193,60,60,up,low,1.0
2021-06-01,0.0029845538405003534,1.177422729705783,60,60,up,low,1.0
2021-06-02,0.0008329301236500605,1.1784034405656254,60,60,up,low,1.0
2021-06-03,-0.002817179444546803,1.1750836666154807,60,60,up,low,1.0
2021-06-04,0.005917932242794797,1.1820377321341258,60,60,up,low,1.0
2021-06-07,-0.0012422507604987875,1.180569344862444,60,60,up,low,1.0
2021-06-08,0.0016660001733231889,1.1825361735956046,60,60,up,low,1.0
2021-06-09,-0.0034565695091760386,1.1784486551144564,60,60,up,low,1.0
2021-06-10,0.0026580641321395917,1.1815810472161843,60,60,up,low,1.0
2021-06-11,0.0037166826639854138,1.1859726090104663,60,60,up,low,1.0
2021-06-14,-0.002391509782296424,1.1831363439144822,60,60,up,low,1.0
2021-06-15,-0.000375597338710349,1.1826919610523763,60,60,up,low,1.0
2021-06-16,-0.006219865290147278,1.1753357763748904,60,60,up,low,1.0
2021-06-17,-0.006902925006687687,1.1672225216528975,60,60,up,low,1.0
2021-06-18,-0.01524914938521773,1.149423371054422,60,60,up,low,1.0
2021-06-21,0.017642043465135298,1.1697015481264064,60,60,up,low,1.0
2021-06-22,0.0017648436861672397,1.1717658885183173,60,60,up,low,1.0
2021-06-23,-0.001186981063571042,1.1703750245977076,60,60,up,low,1.0
2021-06-24,0.006895773352115369,1.1784456655043098,60,60,up,low,1.0
2021-06-25,0.006544863930413851,1.1861584320344214,60,60,up,low,1.0
2021-06-28,-0.0025811158217701794,1.183096819738371,60,60,up,low,1.0
2021-06-29,-0.0006081155702412754,1.182377360141185,60,60,up,low,1.0
2021-06-30,0.0008581930055794969,1.183392068121614,60,60,up,low,1.0
2021-07-01,0.006038699924960615,1.190538217714579,60,60,up,low,1.0
2021-07-02,0.002534848431791366,1.1935560516487402,60,60,up,low,1.0
2021-07-05,0.0,1.1935560516487402,60,60,up,low,1.0
2021-07-06,-0.006904360852937489,1.18531530996995,60,60,up,low,1.0
2021-07-07,0.002949694723362343,1.188811628285289,60,60,up,low,1.0
2021-07-08,-0.01035684183062287,1.176499294284733,60,60,up,low,1.0
2021-07-09,0.015056635615343018,1.1942134154604864,60,60,up,low,1.0
2021-07-12,0.0019943940339769276,1.196595147571576,60,60,up,low,1.0
2021-07-13,-0.008536638991018622,1.1863802467783526,60,60,up,low,1.0
2021-07-14,-0.002348247192820217,1.183594332694238,60,60,up,low,1.0
2021-07-15,-0.0022744695783545586,1.180902283391412,60,60,up,low,1.0
2021-07-16,-0.007062350626236147,1.172562337410779,60,60,up,low,1.0
2021-07-19,-0.01704199938653998,1.1525795307759445,60,60,neutral,low,0.6
2021-07-20,0.018764700293952535,1.1742073402358997,60,60,up,low,1.0
2021-07-21,0.010115649390210188,1.1860852100011372,60,60,up,low,1.0
2021-07-22,-0.0020470769421679115,1.1836572023162975,60,60,up,low,1.0
2021-07-23,0.008129041565973487,1.1932792009137905,60,60,up,low,1.0
2021-07-26,0.002741781993256032,1.1965509123397828,60,60,up,low,1.0
2021-07-27,-0.0023083446974260548,1.1937888603860831,60,60,up,low,1.0
2021-07-28,0.0014213398597119498,1.19548564007743,60,60,up,low,1.0
2021-07-29,0.006614803696729466,1.2033935429088014,60,60,up,low,1.0
2021-07-30,-0.0024062508138209364,1.2004978762168301,60,60,up,low,1.0
2021-08-02,-0.000923834330461092,1.1993888150651355,60,60,up,low,1.0
2021-08-03,0.007770897463193072,1.2087091425655074,60,60,up,low,1.0
2021-08-04,-0.006155181898246587,1.201269317930943,60,60,up,low,1.0
2021-08-05,0.0066881014912109115,1.2093035290475431,60,60,up,low,1.0
2021-08-06,0.003933129829086938,1.2140598768300601,60,60,up,low,1.0
2021-08-09,-0.0013892783288799373,1.2123732097532174,60,60,up,low,1.0
2021-08-10,0.0035413414166351556,1.2166666372133355,60,60,up,low,1.0
2021-08-11,0.005738486034387134,1.223648461719489,60,60,up,low,1.0
2021-08-12,-0.0005006398580431139,1.223035854527319,60,60,up,low,1.0
2021-08-13,0.00013187673247563219,1.2231971444995147,60,60,up,low,1.0
2021-08-16,-0.00024701869010640523,1.2228949919431384,60,60,up,low,1.0
2021-08-17,-0.007236950475123198,1.2140449614501698,60,60,up,low,1.0
2021-08-18,-0.009171773280836642,1.202910016311007,60,60,up,low,1.0
2021-08-19,-0.0028489544327857117,1.1994829804877953,60,60,up,low,1.0
2021-08-20,0.007262730824496151,1.2081945025036425,60,60,up,low,1.0
2021-08-23,0.00766455270688283,1.2174547729482477,60,60,up,low,1.0
2021-08-24,0.005872606263751037,1.224604405473697,60,60,up,low,1.0
2021-08-25,0.0049442188084411675,1.23065911760814,60,60,up,low,1.0
2021-08-26,-0.007087354531793964,1.2219370001338665,60,60,up,low,1.0
2021-08-27,0.010755055333557766,1.2350790001844278,60,60,up,low,1.0
2021-08-30,-0.0010391545916088995,1.2337955621703864,60,60,up,low,1.0
2021-08-31,9.656035332273847e-05,1.2339146979057976,60,60,up,low,1.0
2021-09-01,0.0005296424368125206,1.234568231493215,60,60,up,low,1.0
2021-09-02,0.006477961519500965,1.2425657169900264,60,60,up,low,1.0
2021-09-03,-0.0026543776925353185,1.239267478269339,60,60,up,low,1.0
2021-09-06,0.0,1.239267478269339,60,60,up,low,1.0
2021-09-07,-0.008647112945897682,1.2285513924145661,60,60,up,low,1.0
2021-09-08,-0.0009365662984537491,1.2274007725845122,60,60,up,low,1.0
2021-09-09,-0.0027806831606916257,1.2239877599247666,60,60,up,low,1.0
2021-09-10,-0.00613471693441481,1.2164789414864396,60,60,up,low,1.0
2021-09-13,0.0037195466222936266,1.221003691624337,60,60,up,low,1.0
2021-09-14,-0.007391104322884375,1.2119791259609145,60,60,up,low,1.0
2021-09-15,0.009116988754149687,1.2230287260225645,60,60,up,low,1.0
2021-09-16,-0.0017024989958402993,1.2209465208446273,60,60,up,low,1.0
2021-09-17,-0.0075983845296915915,1.2116692996890606,60,60,up,low,1.0
2021-09-20,-0.015120395280156644,1.1933483809289314,60,60,up,low,1.0
2021-09-21,-0.0017990841942620071,1.1912014467185539,60,60,neutral,low,0.6
2021-09-22,0.011127895487819612,1.2044570119225775,60,60,up,low,1.0
2021-09-23,0.013042388043917576,1.2201660076542893,60,60,up,low,1.0
2021-09-24,0.0003820907706253316,1.2206322218244448,60,60,up,low,1.0
2021-09-27,0.0010652787091033926,1.2219325353419999,60,60,up,low,1.0
2021-09-28,-0.016211435669290713,1.2021232546530898,60,60,up,low,1.0
2021-09-29,0.00119401961477262,1.2035586133985199,60,60,up,low,1.0
2021-09-30,-0.013361293808782352,1.1874775131488116,60,60,up,low,1.0
2021-10-01,0.011181325240340103,1.2007550854389186,60,60,neutral,low,0.6
2021-10-04,-0.007624626705939046,1.191599776147189,60,60,neutral,low,0.6
2021-10-05,0.00853667416592226,1.2017720751723435,60,60,up,low,1.0
2021-10-06,0.0022834848019039973,1.2045163034413522,60,60,up,low,1.0
2021-10-07,0.008797938941916156,1.2151135643335718,60,60,up,low,1.0
2021-10-08,-0.0024467557003763365,1.212140478293434,60,60,up,low,1.0
2021-10-11,-0.0055147764430612855,1.2054557945380602,60,60,up,low,1.0
2021-10-12,0.0007864180087370038,1.2064037866836212,60,60,up,low,1.0
2021-10-13,0.003617818193515403,1.2107683362518111,60,60,up,low,1.0
2021-10-14,0.01642060691488815,1.2306498871663953,60,60,up,low,1.0
2021-10-15,0.003486535298636909,1.2349405914382645,60,60,up,low,1.0
2021-10-18,0.0008705352986529655,1.2360156508148508,60,60,up,low,1.0
2021-10-19,0.005971622335161229,1.2433966694818654,60,60,up,low,1.0
2021-10-20,0.007167808634707279,1.252309098865744,60,60,up,low,1.0
2021-10-21,0.0020124894462167616,1.2548293577106124,60,60,up,low,1.0
2021-10-22,0.002777782775645601,1.2583150010868356,60,60,up,low,1.0
2021-10-25,0.0027255185096763342,1.2617445619133012,60,60,up,low,1.0
2021-10-26,-0.0015945336987850229,1.2597326676900718,60,60,up,low,1.0
2021-10-27,-0.013039705042632509,1.2433061252708246,60,60,up,low,1.0
2021-10-28,0.010667022022019693,1.2565684990892005,60,60,up,low,1.0
2021-10-29,-0.0015165499762584656,1.2546628501617396,60,60,up,low,1.0
2021-11-01,0.007200878034522802,1.2636975243202009,60,60,up,low,1.0
2021-11-02,0.002403062634422499,1.266734268622107,60,60,up,low,1.0
2021-11-03,0.006123046819839116,1.274490541857175,60,60,up,low,1.0
2021-11-04,-0.0002637509936189622,1.2741543937104023,60,60,up,low,1.0
2021-11-05,0.0074579181033950625,1.2836569328297756,60,60,up,low,1.0
2021-11-08,0.0020714915336257547,1.2863160172982124,60,60,up,low,1.0
2021-11-09,0.00017469404753784265,1.2865407290496869,60,60,up,low,1.0
2021-11-10,-0.007674967217857341,1.2766665711297922,60,60,up,low,1.0
2021-11-11,0.0031244119419228038,1.2806554034104836,60,60,up,low,1.0
2021-11-12,0.004956371841891116,1.2870028077911129,60,60,up,low,1.0
2021-11-15,0.0016945685295565746,1.2891837222466467,60,60,up,low,1.0
2021-11-16,0.0018088146386854855,1.2915156166354014,60,60,up,low,1.0
2021-11-17,-0.005377473887410049,1.2845705251317623,60,60,up,low,1.0
2021-11-18,-0.0035137526303337754,1.2800568620702313,60,60,up,low,1.0
2021-11-19,-0.005987701656353526,1.2723922634769866,60,60,up,low,1.0
2021-11-22,-0.0007815038698389856,1.2713978839991262,60,60,up,low,1.0
2021-11-23,0.0029897509957929613,1.2751990470888617,60,60,up,low,1.0
2021-11-24,0.001569145903708195,1.2772000204500138,60,60,up,low,1.0
2021-11-25,0.0,1.2772000204500138,60,60,up,low,1.0
2021-11-26,-0.02408363675286079,1.2464403990967494,60,60,neutral,low,0.6
2021-11-29,0.008477557876587589,1.257007169719809,60,60,up,low,1.0
2021-11-30,-0.025491335946046214,1.2249643776698926,60,60,neutral,low,0.6
2021-12-01,-0.013855267727618912,1.2079921682604802,60,60,down,high,0.0
2021-12-02,0.022756117972592582,1.2354813805513836,60,60,up,high,0.7
2021-12-03,-0.005285043198543502,1.2289518080841733,60,60,up,high,0.7
2021-12-06,0.012457844341516018,1.2442618984125104,60,60,up,high,0.7
2021-12-07,0.018154228110713475,1.2668505127457605,60,60,up,high,0.7
2021-12-08,0.003761132178450799,1.2716153049745356,60,60,up,high,0.7
2021-12-09,-0.008770347766478363,1.2604627965247326,60,60,up,high,0.7
2021-12-10,0.005348967214315611,1.267204970698208,60,60,up,high,0.7
2021-12-13,-0.006958789335335045,1.2583867582624297,60,60,up,high,0.7
2021-12-14,-0.006518896912816018,1.250183464708864,60,60,up,high,0.7
2021-12-15,0.011553372233864323,1.2646272996372678,60,60,up,high,0.7
2021-12-16,-0.0033077030713366757,1.2604442880341615,60,60,up,high,0.7
2021-12-17,-0.007701132402185658,1.250737439686432,60,60,up,high,0.7
2021-12-20,-0.013023567930252574,1.2344483756777656,60,60,up,high,0.7
2021-12-21,0.020531875119225388,1.259793915568312,60,60,up,high,0.7
2021-12-22,0.0074349471721789516,1.2691604167783948,60,60,up,high,0.7
2021-12-23,0.006858755961084529,1.277865278352546,60,60,up,high,0.7
2021-12-24,0.0,1.277865278352546,60,60,up,high,0.7
2021-12-27,0.012880999776590631,1.294325460717518,60,60,up,high,0.7
2021-12-28,0.0004172599993650914,1.2948655309584352,60,60,up,high,0.7
2021-12-29,0.002422153961525701,1.2980018946338892,60,60,up,high,0.7
2021-12-30,-0.0014739326136409478,1.2960887273088206,60,60,up,high,0.7
2021-12-31,-0.00020752488290045698,1.2958197566474572,60,60,up,high,0.7
2022-01-03,3.91713208920338e-05,1.2958705156189632,60,60,up,high,0.7
2022-01-04,0.0054353452911813675,1.3029140193240134,60,60,up,high,0.7
2022-01-05,-0.017923533444039845,1.279561196323951,60,60,up,high,0.7
2022-01-06,0.0024990570640867553,1.2827588927705558,60,60,up,high,0.7
2022-01-07,-0.003120752126511428,1.2787557202281405,60,60,up,high,0.7
2022-01-10,-0.003740160509889087,1.2739729685815484,60,60,up,high,0.7
2022-01-11,0.00991844276034927,1.2866087965486568,60,60,up,high,0.7
2022-01-12,0.0014784532116069668,1.288510987455996,60,60,up,high,0.7
2022-01-13,-0.007825635622996647,1.2784275699719376,60,60,up,high,0.7
2022-01-14,-0.0014022416053595783,1.2766349056438842,60,60,up,high,0.7
2022-01-17,0.0,1.2766349056438842,60,60,up,high,0.7
2022-01-18,-0.017301910162796176,1.254546683195744,60,60,neutral,high,0.4
2022-01-19,-0.00992696928974039,1.2420928367991142,60,60,neutral,high,0.4
2022-01-20,-0.011361489075750533,1.2279808126027532,60,60,down,high,0.0
2022-01-21,-0.01604345581021387,1.2082797566999703,60,60,down,high,0.0
2022-01-24,0.006924227867357979,1.216646161062877,60,60,down,high,0.0
2022-01-25,-0.01223359854154925,1.2017622003613166,60,60,down,high,0.0
2022-01-26,-0.007123922449880798,1.1932009396427445,60,60,down,high,0.0
2022-01-27,-0.006662083639119318,1.1852517351845688,60,60,down,high,0.0
2022-01-28,0.01971097381818682,1.2086142011047525,60,60,down,high,0.0
2022-01-31,0.0192584347586908,1.2318902188451555,60,60,down,high,0.0
2022-02-01,0.007637607960020012,1.241298913386478,60,60,down,high,0.0
2022-02-02,0.006134717566680611,1.2489139316359317,60,60,down,high,0.0
2022-02-03,-0.016409603377609928,1.2284197493650146,60,60,down,high,0.0
2022-02-04,0.0007797859269276123,1.2293776537979295,60,60,down,high,0.0
2022-02-07,0.0004102390163603042,1.229881992477359,60,60,down,high,0.0
2022-02-08,0.008606173615350344,1.2404665704310123,60,60,down,high,0.0
2022-02-09,0.017905967483919264,1.262678324506039,60,60,down,high,0.0
2022-02-10,-0.015943492635649946,1.242546821938082,60,60,down,high,0.0
2022-02-11,-0.014313854375683383,1.2247611876738922,60,60,down,high,0.0
2022-02-14,-0.007172927962945947,1.2159760639028951,60,60,down,high,0.0
2022-02-15,0.016203685129752177,1.2356793571676932,60,60,down,high,0.0
2022-02-16,0.0013114438376738756,1.2372998812459914,60,60,down,high,0.0
2022-02-17,-0.019597063506119786,1.2130524368970992,60,60,down,high,0.0
2022-02-18,-0.005087205957974403,1.206881389312781,60,60,down,high,0.0
2022-02-21,0.0,1.206881389312781,60,60,down,high,0.0
2022-02-22,-0.010421483121574544,1.1943038952843155,60,60,down,high,0.0
2022-02-23,-0.01660356213121621,1.1744741963554088,60,60,down,high,0.0
2022-02-24,0.013630786886838542,1.1904832038300204,60,60,down,high,0.0
2022-02-25,0.025309823222354304,1.2206141232681402,60,60,neutral,high,0.4
2022-02-28,-0.004023905988911383,1.2157024867873718,60,60,down,high,0.0
2022-03-01,-0.01631335616295568,1.1958702991322185,60,60,down,high,0.0
2022-03-02,0.021950493014731315,1.2221202417798451,60,60,down,high,0.0
2022-03-03,-0.004505002793753709,1.216614586676324,60,60,down,high,0.0
2022-03-04,-0.008234024276598209,1.2065969526343676,60,60,down,high,0.0
2022-03-07,-0.030696513388041902,1.169558633123856,60,60,down,high,0.0
2022-03-08,-0.005671918374622913,1.162924992022442,60,60,down,high,0.0
2022-03-09,0.02478352948293897,1.191746377848677,60,60,down,high,0.0
2022-03-10,-0.003874924996970894,1.1871284500191017,60,60,down,high,0.0
2022-03-11,-0.011837799572880607,1.1730754613605112,60,60,down,high,0.0
2022-03-14,-0.006788890599886201,1.1651115803879237,60,60,down,high,0.0
2022-03-15,0.01806276294270525,1.1861567146662715,60,60,down,high,0.0
2022-03-16,0.024874110662135913,1.215661308049516,60,60,down,high,0.0
2022-03-17,0.013194169569870505,1.231700949487452,60,60,down,high,0.0
2022-03-18,0.010610572139217938,1.244770001265932,60,60,down,high,0.0
2022-03-21,-0.002911614817677997,1.241145710485645,60,60,down,high,0.0
2022-03-22,0.008816673412899894,1.2520884868728184,60,60,down,high,0.0
2022-03-23,-0.01313603718229551,1.2356410059537328,60,60,down,high,0.0
2022-03-24,0.01217253824252954,1.2506818933527424,60,60,down,high,0.0
2022-03-25,0.005582209355978095,1.2576634615191684,60,60,down,high,0.0
2022-03-28,0.004009209785436072,1.2627056981758764,60,60,down,high,0.0
2022-03-29,0.01638075745581095,1.283389773955766,60,60,down,high,0.0
2022-03-30,-0.00772273830898881,1.2734784905830734,60,60,neutral,high,0.4
2022-03-31,-0.01387639451449633,1.2558072006420173,60,60,down,high,0.0
2022-04-01,0.0045038248852664765,1.2614631363633657,60,60,neutral,high,0.4
2022-04-04,0.002701557853765169,1.2648710520066435,60,60,neutral,high,0.4
2022-04-05,-0.011620156557401838,1.2501730523574008,60,60,down,high,0.0
2022-04-06,-0.006073481904292972,1.2425801489466735,60,60,down,high,0.0
2022-04-07,0.002954900652341288,1.2462518498393822,60,60,down,high,0.0
2022-04-08,0.000778359642725709,1.2472218819839695,60,60,down,high,0.0
2022-04-11,-0.009799394580267642,1.2349998626332646,60,60,down,high,0.0
2022-04-12,-0.0025540245362331926,1.2318456426818545,60,60,down,high,0.0
2022-04-13,0.01229701829841109,1.2469936710907312,60,60,neutral,high,0.4
2022-04-14,-0.007626554081658879,1.2374834064186713,60,60,up,high,0.7
2022-04-15,0.0,1.2374834064186713,60,60,up,high,0.7
2022-04-18,-0.0028360579541686195,1.2339738317607458,60,60,up,high,0.7
2022-04-19,0.01882559360354561,1.2572041216348835,60,60,up,high,0.7
2022-04-20,0.005034958937265689,1.2635340927630765,60,60,up,high,0.7
2022-04-21,-0.01587802953438574,1.243471661120481,60,60,up,high,0.7
2022-04-22,-0.02728831602509028,1.2095394134635813,60,60,neutral,high,0.4
2022-04-25,0.004111180207626189,1.2145120479605565,60,60,neutral,high,0.4
2022-04-26,-0.024529038974702707,1.184721234600886,60,60,down,high,0.0
2022-04-27,0.001749198245007102,1.1867935469052724,60,60,down,high,0.0
2022-04-28,0.01886255801284247,1.2091795090330402,60,60,down,high,0.0
2022-04-29,-0.03108329006506661,1.1715942316130314,60,60,down,high,0.0
2022-05-02,0.004026929161625163,1.1763121585899057,60,60,down,high,0.0
2022-05-03,0.006468443540102938,1.1839210673732812,60,60,down,high,0.0
2022-05-04,0.028351853359143326,1.217487423864249,60,60,down,high,0.0
2022-05-05,-0.03275884983849889,1.1776039361656192,60,60,down,high,0.0
2022-05-06,-0.010385964387886764,1.1653733836215678,60,60,down,high,0.0
2022-05-09,-0.033400668732527075,1.1264491332855195,60,60,down,high,0.0
2022-05-10,-0.000798860145994256,1.125549257966448,60,60,down,high,0.0
2022-05-11,-0.015110307692279388,1.1085418623557581,60,60,down,high,0.0
2022-05-12,0.0056884223428770204,1.114847716653597,60,60,down,high,0.0
2022-05-13,0.027408519962498965,1.1454040425506435,60,60,down,high,0.0
2022-05-16,-0.005483157420746973,1.1391236118749783,60,60,down,high,0.0
2022-05-17,0.021243930189478885,1.1633230743628376,60,60,down,high,0.0
2022-05-18,-0.03857316755313944,1.1184500184970065,60,60,down,high,0.0
2022-05-19,0.0007224558965833272,1.1192580493079034,60,60,down,high,0.0
2022-05-20,0.0005511145458441069,1.11987488869943,60,60,down,high,0.0
2022-05-23,0.013294800833588166,1.1347634023032258,60,60,down,high,0.0
2022-05-24,-0.009000508648366833,1.1245499544869455,60,60,down,high,0.0
2022-05-25,0.012866448244371553,1.1390189182745623,60,60,down,high,0.0
2022-05-26,0.02211373183880797,1.164206877192615,60,60,down,high,0.0
2022-05-27,0.024574762346079453,1.1928169845212948,60,60,neutral,high,0.4
2022-05-30,0.0,1.1928169845212948,60,60,up,high,0.7
2022-05-31,-0.009401792615624386,1.1816023666044313,60,60,up,high,0.7
2022-06-01,-0.01071360336783849,1.1689431475101322,60,60,down,high,0.0
2022-06-02,0.019988248878852744,1.1923082740677942,60,60,up,high,0.7
2022-06-03,-0.012953322814838228,1.1768639200989914,60,60,up,high,0.7
2022-06-06,0.0038077530628065847,1.181345127295255,60,60,up,high,0.7
2022-06-07,0.01027724559794366,1.1934861013044025,60,60,up,high,0.7
2022-06-08,-0.013786211063048672,1.177032450011005,60,60,down,high,0.0
2022-06-09,-0.02309974097039481,1.1498433053020016,60,60,down,high,0.0
2022-06-10,-0.027066875486294488,1.118720639728643,60,60,down,high,0.0
2022-06-13,-0.042005459188970466,1.0717282655526625,60,60,down,high,0.0
2022-06-14,-0.005797932109917125,1.065514457828709,60,60,down,high,0.0
2022-06-15,0.012127805987937872,1.0784368104505986,60,60,down,high,0.0
2022-06-16,-0.03622969846446323,1.0393653699949958,60,60,down,high,0.0
2022-06-17,0.003970962329853417,1.0434926507262001,60,60,down,high,0.0
2022-06-20,0.0,1.0434926507262001,60,60,down,high,0.0
2022-06-21,0.018603937250685536,1.0629057225218617,60,60,down,high,0.0
2022-06-22,-0.0016477034640743648,1.0611543690808778,60,60,down,high,0.0
2022-06-23,0.00935902803440607,1.0710857425699383,60,60,down,high,0.0
2022-06-24,0.03291715380075165,1.106342836691905,60,60,down,high,0.0
2022-06-27,-0.0008488675569534807,1.1054036981509694,60,60,down,high,0.0
2022-06-28,-0.01567842624524725,1.088072707798286,60,60,down,high,0.0
2022-06-29,-0.005930583857502009,1.081619801361629,60,60,down,high,0.0
2022-06-30,-0.007712427384229122,1.073277887186283,60,60,down,high,0.0
2022-07-01,0.012107725823840265,1.086272841577125,60,60,down,high,0.0
2022-07-04,0.0,1.086272841577125,60,60,down,high,0.0
2022-07-05,-0.0011545403164722127,1.0850186957868353,60,60,down,high,0.0
2022-07-06,-8.851746675020205e-05,1.0849226526805076,60,60,down,high,0.0
2022-07-07,0.016633959176967097,1.102969211795362,60,60,down,high,0.0
2022-07-08,-0.003258160341200042,1.0993755612519256,60,60,down,high,0.0
2022-07-11,-0.010383989312076621,1.0879596571739274,60,60,down,high,0.0
2022-07-12,-0.005360174708330316,1.08212800333586,60,60,down,high,0.0
2022-07-13,-0.0043434643366394785,1.0774278189456918,60,60,down,high,0.0
2022-07-14,-0.00820857529020466,1.068583671574115,60,60,down,high,0.0
2022-07-15,0.019491679400467834,1.0894121619130124,60,60,down,high,0.0
2022-07-18,-0.0036702853303083455,1.0854137084364837,60,60,down,high,0.0
2022-07-19,0.029786485275864156,1.1177443678810481,60,60,down,high,0.0
2022-07-20,0.008234358147656514,1.1269482753237066,60,60,down,high,0.0
2022-07-21,0.007845483884043318,1.1357897298559092,60,60,down,high,0.0
2022-07-22,-0.007016847339916534,1.1278200667112652,60,60,down,high,0.0
2022-07-25,0.00286232023125374,1.1310482489054268,60,60,down,high,0.0
2022-07-26,-0.009605746892773484,1.1201836857029266,60,60,down,high,0.0
2022-07-27,0.020802911901605204,1.1434867682302199,60,60,down,high,0.0
2022-07-28,0.015328526411859594,1.1610147353586489,60,60,neutral,high,0.4
2022-07-29,0.010341448242893483,1.1730213091535968,60,60,up,high,0.7
2022-08-01,-0.0018372553714668884,1.1708661694525093,60,60,up,high,0.7
2022-08-02,-0.00507288532384767,1.164926499645304,60,60,up,high,0.7
2022-08-03,0.011991583104570235,1.1788958125765168,60,60,up,high,0.7
2022-08-04,-0.0008281362936938183,1.1779195261676385,60,60,up,high,0.7
2022-08-05,0.0020323928734995024,1.1803135214181775,60,60,up,high,0.7
2022-08-08,0.003225399831257437,1.1841205044509906,60,60,up,high,0.7
2022-08-09,-0.0062522789376989185,1.1767170527613142,60,60,up,high,0.7
2022-08-10,0.023288661086409732,1.2041212173976714,60,60,up,high,0.7
2022-08-11,0.0029989543242413806,1.207732321929497,60,60,up,high,0.7
2022-08-12,0.016565123917857093,1.2277385575018605,60,60,up,high,0.7
2022-08-15,0.0018383608671740923,1.2299955840210928,60,60,up,high,0.7
2022-08-16,0.002546147627966193,1.233127334359757,60,60,up,high,0.7
2022-08-17,-0.009799753108901773,1.2210429909311933,60,60,up,high,0.7
2022-08-18,0.003401012526560988,1.2251957734388197,60,60,up,high,0.7
2022-08-19,-0.014185724679526576,1.207815483518297,60,60,up,high,0.7
2022-08-22,-0.020453008060498577,1.1831120236983024,60,60,neutral,high,0.4
2022-08-23,-0.0013026789741308945,1.181570808540989,60,60,neutral,high,0.4
2022-08-24,0.005580805573052204,1.1881649254942503,60,60,up,high,0.7
2022-08-25,0.015412775454603041,1.2064778446939284,60,60,up,high,0.7
2022-08-26,-0.03198596940433426,1.1678874812665412,60,60,neutral,high,0.4
2022-08-29,-0.005486668917571292,1.1614796693238554,60,60,down,high,0.0
2022-08-30,-0.010988142382052427,1.1487171653434656,60,60,down,high,0.0
2022-08-31,-0.006618266155583858,1.1411146494057347,60,60,down,high,0.0
2022-09-01,-0.0001937314509623113,1.140893579608991,60,60,neutral,high,0.4
2022-09-02,-0.007260077419320806,1.1326106038938237,60,60,up,high,0.7
2022-09-05,0.0,1.1326106038938237,60,60,up,high,0.7
2022-09-06,-0.0032807619070084203,1.128894778169095,60,60,up,high,0.7
2022-09-07,0.021434602913407468,1.1530921894701687,60,60,up,high,0.7
2022-09-08,0.009035155184603409,1.1635105563441859,60,60,up,high,0.7
2022-09-09,0.01569524621511387,1.181772140999892,60,60,up,high,0.7
2022-09-12,0.009275748417781109,1.1927339620669495,60,60,up,high,0.7
2022-09-13,-0.03886970485625535,1.146372744989375,60,60,up,high,0.7
2022-09-14,0.0006694943409302625,1.1471402350547422,60,60,up,high,0.7
2022-09-15,-0.008111817291870145,1.137834843059825,60,60,up,high,0.7
2022-09-16,-0.011357122024965917,1.1249123139029367,60,60,up,high,0.7
2022-09-19,0.007988465008848943,1.1338986365605734,60,60,up,high,0.7
2022-09-20,-0.01592903018142572,1.1158367309561226,60,60,up,high,0.7
2022-09-21,-0.01570243096459991,1.0983153817205191,60,60,up,high,0.7
2022-09-22,-0.015197023663072937,1.0816242568749954,60,60,up,high,0.7
2022-09-23,-0.016912894683929248,1.0633308597308855,60,60,down,high,0.0
2022-09-26,-0.013828848114098838,1.048626218776633,60,60,down,high,0.0
2022-09-27,-0.0017392084712510496,1.0468024391737607,60,60,down,high,0.0
2022-09-28,0.023974404006365548,1.0718989037653615,60,60,neutral,high,0.4
2022-09-29,-0.019082450871575132,1.0514444455949636,60,60,down,high,0.0
2022-09-30,-0.010825800201620658,1.0400617181038487,60,60,down,high,0.0
2022-10-03,0.028329444546703404,1.0695260888720208,60,60,down,high,0.0
2022-10-04,0.035065487764661896,1.1070295428553494,60,60,up,high,0.7
2022-10-05,-0.0036128392024514754,1.1030300231246497,60,60,up,high,0.7
2022-10-06,-0.010919605582533753,1.0909853703264354,60,60,up,high,0.7
2022-10-07,-0.02537888425224999,1.0632973788920228,60,60,down,high,0.0
2022-10-10,-0.0068113219902262165,1.0560549180730257,60,60,down,high,0.0
2022-10-11,-0.0052439671394679446,1.0505170007851772,60,60,down,high,0.0
2022-10-12,-0.005146822036217338,1.045110176736115,60,60,down,high,0.0
2022-10-13,0.022292562584733812,1.0684083607589472,60,60,down,high,0.0
2022-10-14,-0.023753516993588866,1.043029904605567,60,60,down,high,0.0
2022-10-17,0.024674987185400985,1.0687666541356995,60,60,down,high,0.0
2022-10-18,0.0144346441805572,1.084193920500193,60,60,down,high,0.0
2022-10-19,-0.011417719911853978,1.0718148979857869,60,60,down,high,0.0
2022-10-20,-0.00960218145796398,1.061523136845978,60,60,down,high,0.0
2022-10-21,0.023356454881299747,1.0863165540971769,60,60,down,high,0.0
2022-10-24,0.009371075442522282,1.0964965084800824,60,60,down,high,0.0
2022-10-25,0.021053409307288523,1.1195814982771264,60,60,down,high,0.0
2022-10-26,0.0007809280793406224,1.1204558109062412,60,60,down,high,0.0
2022-10-27,0.0010267761929132228,1.1216062682580912,60,60,down,high,0.0
2022-10-28,0.021060814827160594,1.1452282101828573,60,60,down,high,0.0
2022-10-31,-0.004513928572845386,1.1400587318424842,60,60,down,high,0.0
2022-11-01,0.0023892582586377874,1.1427826265828709,60,60,down,high,0.0
2022-11-02,-0.02418603500071898,1.1151432459781239,60,60,down,high,0.0
2022-11-03,-0.005176398821246523,1.1093708197941217,60,60,down,high,0.0
2022-11-04,0.014747593162783571,1.125731369311109,60,60,down,high,0.0
2022-11-07,0.0070667402040504425,1.1336866204375806,60,60,down,high,0.0
2022-11-08,0.0054205076524753825,1.1398317774391715,60,60,down,high,0.0
2022-11-09,-0.01933498389666117,1.1177931483774823,60,60,down,high,0.0
2022-11-10,0.057006271832317254,1.1815143684461908,60,60,down,high,0.0
2022-11-11,0.01011472721379739,1.1934650639822062,60,60,neutral,high,0.4
2022-11-14,-0.011674270867065717,1.179532229554898,60,60,neutral,high,0.4
2022-11-15,0.011575371733683717,1.1931857535838568,60,60,up,high,0.7
2022-11-16,-0.011229450871132198,1.179786932783852,60,60,neutral,high,0.4
2022-11-17,-0.006006713344648963,1.1727002908708566,60,60,down,high,0.0
2022-11-18,0.006868440492959512,1.1807549130347794,60,60,up,high,0.7
2022-11-21,-0.0018666519539766355,1.1785508545691956,60,60,up,high,0.7
2022-11-22,0.012830148509323323,1.1936718370591084,60,60,up,high,0.7
2022-11-23,0.005532410623052893,1.2002757198108933,60,60,up,high,0.7
2022-11-24,0.0,1.2002757198108933,60,60,up,high,0.7
2022-11-25,0.0022650500549246163,1.2029944043959757,60,60,up,high,0.7
2022-11-28,-0.015885282100881172,1.1838844989163642,60,60,up,high,0.7
2022-11-29,0.002693061720822649,1.1870727729422712,60,60,up,high,0.7
2022-11-30,0.0256252755374161,1.2174918398318815,60,60,up,high,0.7
2022-12-01,0.001003342303840999,1.2187134008993659,60,60,up,high,0.7
2022-12-02,-0.001105046885248692,1.2173666654516913,60,60,up,high,0.7
2022-12-05,-0.02005543567100832,1.1929518466046949,60,60,neutral,high,0.4
2022-12-06,-0.012021826483477414,1.1786103865016693,60,60,up,high,0.7
2022-12-07,-0.001492756850785854,1.1768510077728116,60,60,up,high,0.7
2022-12-08,0.0070859795042793276,1.18519014989348,60,60,up,high,0.7
2022-12-09,-0.007179197313034147,1.1766814359539302,60,60,up,high,0.7
2022-12-12,0.014411060090101364,1.193638662834369,60,60,up,high,0.7
2022-12-13,0.0068795114341214025,1.2018503136635472,60,60,up,high,0.7
2022-12-14,-0.006234450737154956,1.1943574370895775,60,60,up,high,0.7
2022-12-15,-0.023139429978232075,1.1667206868050626,60,60,up,high,0.7
2022-12-16,-0.011300545448431029,1.1535361066581973,60,60,up,high,0.7
2022-12-19,-0.009360958470951994,1.1427379030690263,60,60,up,high,0.7
2022-12-20,0.0013903160354256886,1.144326669899952,60,60,up,high,0.7
2022-12-21,0.014523030983951593,1.1609457615826713,60,60,up,high,0.7
2022-12-22,-0.011709746925257466,1.147351380520588,60,60,up,high,0.7
2022-12-23,0.005997855242983413,1.1542330280137876,60,60,up,high,0.7
2022-12-26,0.0,1.1542330280137876,60,60,up,high,0.7
2022-12-27,-0.0009785301831487887,1.1531035761574888,60,60,up,high,0.7
2022-12-28,-0.013317104479441864,1.1377475753581814,60,60,up,high,0.7
2022-12-29,0.017592718160221683,1.1577636477889335,60,60,up,high,0.7
2022-12-30,-0.004095851419012964,1.1530216199092556,60,60,up,high,0.7
2023-01-02,0.0,1.1530216199092556,60,60,up,high,0.7
2023-01-03,-0.0019137700577971312,1.1508150016570804,60,60,up,high,0.7
2023-01-04,0.014830505802348652,1.1678821702165856,60,60,up,high,0.7
2023-01-05,-0.011783936170109805,1.154119921268544,60,60,up,high,0.7
2023-01-06,0.023822616308594065,1.1816140773270294,60,60,up,high,0.7
2023-01-09,0.001777128546731222,1.1837139574350666,60,60,up,high,0.7
2023-01-10,0.007382394499475706,1.1924526008433878,60,60,up,high,0.7
2023-01-11,0.012398723919280647,1.207237491428073,60,60,up,high,0.7
2023-01-12,0.004249753880674377,1.212367953642165,60,60,up,high,0.7
2023-01-13,0.0031674606487257103,1.2162080814271028,60,60,up,high,0.7
2023-01-16,0.0,1.2162080814271028,60,60,up,high,0.7
2023-01-17,-0.0010012807874377693,1.2149903156416433,60,60,up,high,0.7
2023-01-18,-0.015332491014266127,1.1963614875446473,60,60,up,high,0.7
2023-01-19,-0.010453350846051509,1.1838555011766392,60,60,up,high,0.7
2023-01-20,0.01797156292701211,1.2051312348125245,60,60,up,high,0.7
2023-01-23,0.012524517402766014,1.2202249219355508,60,60,up,high,0.7
2023-01-24,-0.001435112994265732,1.2184737612941543,60,60,up,high,0.7
2023-01-25,0.001728148181728461,1.2205794645092185,60,60,up,high,0.7
2023-01-26,0.008665519907533704,1.23115642015765,60,60,up,high,0.7
2023-01-27,0.0018006200271995243,1.2333732650644011,60,60,up,high,0.7
2023-01-30,-0.010898568938227673,1.2199312615085298,60,60,up,high,0.7
2023-01-31,0.016502386325906126,1.2400630384769937,60,60,up,high,0.7
2023-02-01,0.011586032756221177,1.2544304494605674,60,60,up,high,0.7
2023-02-02,0.011687576898216024,1.2690917018021015,60,60,up,high,0.7
2023-02-03,-0.011532234984948457,1.2544562380794715,60,60,up,high,0.7
2023-02-06,-0.007150996860682588,1.2454856254591016,60,60,up,high,0.7
2023-02-07,0.00897665189026109,1.256665916353172,60,60,up,high,0.7
2023-02-08,-0.008871417504843479,1.2455175083450962,60,60,up,high,0.7
2023-02-09,-0.008273822830415741,1.235212317148868,60,60,up,high,0.7
2023-02-10,0.002777264425773743,1.238642828375563,60,60,up,high,0.7
2023-02-13,0.010449552055246324,1.251586091088531,60,60,up,high,0.7
2023-02-14,-0.0001227307974120011,1.251432482929542,60,60,up,high,0.7
2023-02-15,0.0070758165326449355,1.260287389581744,60,60,up,high,0.7
2023-02-16,-0.011324613476569548,1.246015122025336,60,60,up,high,0.7
2023-02-17,-0.0028571036856353004,1.24245512762784,60,60,up,high,0.7
2023-02-20,0.0,1.24245512762784,60,60,up,high,0.7
2023-02-21,-0.020845031710123064,1.2165561110940326,60,60,up,high,0.7
2023-02-22,-0.0009402626112430099,1.2154122288682916,60,60,neutral,high,0.4
2023-02-23,0.003831933022941045,1.2200696071245785,60,60,neutral,high,0.4
2023-02-24,-0.008585250764955638,1.2095950035967131,60,60,neutral,high,0.4
2023-02-27,0.0010822195158367118,1.210904050915864,60,60,up,high,0.7
2023-02-28,-0.0028867553453364343,1.207408467174193,60,60,up,high,0.7
2023-03-01,-0.002483914825649102,1.2044093673819647,60,60,up,high,0.7
2023-03-02,0.008012784061280965,1.2140600395641803,60,60,up,high,0.7
2023-03-03,0.01284564628792921,1.229655425404731,60,60,up,high,0.7
2023-03-06,-0.003950957790644206,1.22479710872192,60,60,up,high,0.7
2023-03-07,-0.014869110188668327,1.2065854655535715,60,60,neutral,high,0.4
2023-03-08,0.0023442595883872565,1.2094140151004042,60,60,up,high,0.7
2023-03-09,-0.02043475417262894,1.1846999370088953,60,60,up,high,0.7
2023-03-10,-0.02069014713966751,1.1601883209958264,60,60,neutral,high,0.4
2023-03-13,-0.006353292523984561,1.1528173052096293,60,60,up,high,0.7
2023-03-14,0.01417136803559947,1.169154303519563,60,60,up,high,0.7
2023-03-15,-0.013805110159942244,1.1530139995655049,60,60,neutral,high,0.4
2023-03-16,0.014420156370215353,1.1696406417362868,60,60,up,high,0.7
2023-03-17,-0.015584999521171108,1.1514117928948846,60,60,neutral,high,0.4
2023-03-20,0.012267080167231895,1.1655362536638225,60,60,up,high,0.7
2023-03-21,0.013761219027441401,1.1815754533349139,60,60,up,high,0.7
2023-03-22,-0.02152030143689479,1.1561475934087109,60,60,up,high,0.7
2023-03-23,-0.0024011262742659324,1.153371537045248,60,60,neutral,high,0.4
2023-03-24,0.006646484189656576,1.161037402731019,60,60,up,high,0.7
2023-03-27,0.006038445793645544,1.1680482641518053,60,60,up,high,0.7
2023-03-28,0.001520432579188572,1.1698242027866865,60,60,up,high,0.7
2023-03-29,0.015341454535693261,1.1877710076084922,60,60,up,high,0.7
2023-03-30,0.004734658598912263,1.1933946978232044,60,60,up,high,0.7
2023-03-31,0.015183599920079399,1.2115147254616958,60,60,up,high,0.7
2023-04-03,0.0007097082812739745,1.2123745474952412,60,60,up,high,0.7
2023-04-04,-0.009856832403874471,1.2004243747698575,60,60,up,high,0.7
2023-04-05,-0.0031345967407878086,1.1966615284371418,60,60,neutral,high,0.4
2023-04-06,0.00036852470848819645,1.197102527778068,60,60,neutral,high,0.4
2023-04-07,0.0,1.197102527778068,60,60,down,high,0.0
2023-04-10,0.006801134126035536,1.2052441826321028,60,60,neutral,high,0.4
2023-04-11,0.006163216261957354,1.2126723631781304,60,60,neutral,high,0.4
2023-04-12,-0.004486541568209604,1.2072316582121128,60,60,up,high,0.7
2023-04-13,0.00816752573314809,1.2170917538464314,60,60,up,high,0.7
2023-04-14,-0.0037070359978523455,1.2125799509022335,60,60,neutral,high,0.4
2023-04-17,0.006224123209217981,1.2201271979176764,60,60,neutral,high,0.4
2023-04-18,0.0016015420899753976,1.2220812829802652,60,60,neutral,high,0.4
2023-04-19,-0.001176391442770858,1.2206436370165967,60,60,neutral,high,0.4
2023-04-20,-0.005644687898131841,1.2137534846507974,60,60,down,high,0.0
2023-04-21,-0.0003742000529204727,1.2132992980326087,60,60,down,high,0.0
2023-04-24,0.0010744324632023811,1.2146029061859955,60,60,neutral,high,0.4
2023-04-25,-0.016958750509833437,1.1940047585314686,60,60,down,high,0.0
2023-04-26,-0.008190231938339511,1.1842255826236148,60,60,down,high,0.0
2023-04-27,0.016393658072869195,1.2036393719062906,60,60,down,high,0.0
2023-04-28,0.010031208741536143,1.2157133296954141,60,60,down,high,0.0
2023-05-01,5.337808815694105e-05,1.2157782221487001,60,60,down,high,0.0
2023-05-02,-0.013612678816527926,1.1992282236984606,60,60,down,high,0.0
2023-05-03,-0.005024611586353236,1.1932025676709834,60,60,down,high,0.0
2023-05-04,-0.007476986077053893,1.1842810086854025,60,60,down,high,0.0
2023-05-05,0.017095024573328583,1.204526321630606,60,60,down,high,0.0
2023-05-08,-0.0004992098219187491,1.2039250102600882,60,60,down,high,0.0
2023-05-09,-0.00314233595498796,1.2001418734132387,60,60,down,high,0.0
2023-05-10,0.0005089853108087835,1.2007527279976924,60,60,down,high,0.0
2023-05-11,-0.004544269051611336,1.1952961845372145,60,60,down,high,0.0
2023-05-12,-0.00045649906347051055,1.1947505329484034,60,60,down,high,0.0
2023-05-15,0.006583846440071963,1.20261658699153,60,60,down,high,0.0
2023-05-16,-0.013507594955237106,1.1863721292479987,60,60,down,high,0.0
2023-05-17,0.013016907190123892,1.2018150251473696,60,60,neutral,high,0.4
2023-05-18,0.0082144758230644,1.2116873056152382,60,60,neutral,high,0.4
2023-05-19,-0.0030560174080916944,1.2079843681161142,60,60,neutral,high,0.4
2023-05-22,0.002485527847939433,1.2109868469029423,60,60,neutral,high,0.4
2023-05-23,-0.010743386880963926,1.1979767466989055,60,60,neutral,high,0.4
2023-05-24,-0.01049694080789754,1.1854016556995695,60,60,down,high,0.0
2023-05-25,0.0006462692683580259,1.1861677443603087,60,60,down,high,0.0
2023-05-26,0.009540223694641935,1.197484049980875,60,60,down,high,0.0
2023-05-29,0.0,1.197484049980875,60,60,down,high,0.0
2023-05-30,-0.0015287845988490151,1.195653354807897,60,60,neutral,high,0.4
2023-05-31,-0.007447842650009633,1.1867483167573316,60,60,down,high,0.0
2023-06-01,0.007675687156666371,1.1958574255704613,60,60,up,high,0.7
2023-06-02,0.020974256923206994,1.220939646457901,60,60,up,high,0.7
2023-06-05,-0.0038014995503826343,1.2162982449408468,60,60,up,high,0.7
2023-06-06,0.006776614383551095,1.2245406291222007,60,60,up,high,0.7
2023-06-07,0.006191580310112511,1.2321224707704066,60,60,up,high,0.7
2023-06-08,0.0012681995797579333,1.2336850479700479,60,60,up,high,0.7
2023-06-09,-0.001241689752541577,1.2321531938881196,60,60,up,high,0.7
2023-06-12,0.006574701887252971,1.2402542338173608,60,60,up,high,0.7
2023-06-13,0.00954402727317097,1.2520912540505795,60,60,up,high,0.7
2023-06-14,-0.0017307357728015673,1.2499242149263823,60,60,up,low,1.0
2023-06-15,0.011802977109013731,1.2646770418231603,60,60,up,low,1.0
2023-06-16,-0.0013850135664441223,1.2629254469630649,60,60,up,low,1.0
2023-06-19,0.0,1.2629254469630649,60,60,up,low,1.0
2023-06-20,-0.008483144976165808,1.2522118673023883,60,60,up,low,1.0
2023-06-21,-0.0012052259352396523,1.2507026690835006,60,60,up,low,1.0
2023-06-22,-0.0034773674790878097,1.2463535162960213,60,60,up,low,1.0
2023-06-23,-0.008274361194256896,1.236040737126456,60,60,up,low,1.0
2023-06-26,0.005260215473721763,1.242542577738039,60,60,up,low,1.0
2023-06-27,0.013061619399931028,1.2587721959766627,60,60,up,low,1.0
2023-06-28,-0.0014431587394071752,1.2569555878811163,60,60,up,low,1.0
2023-06-29,0.006819352877824679,1.2655272115866312,60,60,up,low,1.0
2023-06-30,0.009265687821181586,1.2772531916584033,60,60,up,low,1.0
2023-07-03,0.003339605326210843,1.2815187132201857,60,60,up,low,1.0
2023-07-04,0.0,1.2815187132201857,60,60,up,low,1.0
2023-07-05,-0.0039207786028663556,1.2764941620702193,60,60,up,low,1.0
2023-07-06,-0.008946978748209279,1.2650733959299638,60,60,up,low,1.0
2023-07-07,0.0019180633578869159,1.2674998868557348,60,60,up,low,1.0
2023-07-10,0.009092662997407651,1.2790248361761665,60,60,up,low,1.0
2023-07-11,0.010751213373936162,1.2927759051004604,60,60,up,low,1.0
2023-07-12,0.00440704265491999,1.298473223657491,60,60,up,low,1.0
2023-07-13,0.007104683056694936,1.3076984643691825,60,60,up,low,1.0
2023-07-14,-0.005256967959543527,1.3008239354412494,60,60,up,low,1.0
2023-07-17,0.0025404732619574368,1.3041286438677522,60,60,up,low,1.0
2023-07-18,0.005843086984903887,1.3117487809733763,60,60,up,low,1.0
2023-07-19,0.004230827206406393,1.317298563403889,60,60,up,low,1.0
2023-07-20,-0.0018524665916939663,1.3148583118238968,60,60,up,low,1.0
2023-07-21,0.0016092294375369982,1.316974220525474,60,60,up,low,1.0
2023-07-24,0.001925957431500234,1.3195106568125892,60,60,up,low,1.0
2023-07-25,0.0018717822569551553,1.3219804934478743,60,60,up,low,1.0
2023-07-26,0.001622884573334343,1.3241259151969398,60,60,up,low,1.0
2023-07-27,-0.00815777175828871,1.3133239982015281,60,60,up,low,1.0
2023-07-28,0.0064040396823310955,1.3217345772017683,60,60,up,low,1.0
2023-07-31,0.0035592183015637395,1.3264389190987547,60,60,up,low,1.0
2023-08-01,-0.003104764440872382,1.3223206387097477,60,60,up,low,1.0
2023-08-02,-0.009773710059886904,1.309396660180794,60,60,up,low,1.0
2023-08-03,-0.002990741570264928,1.3054805931572253,60,60,up,low,1.0
2023-08-04,-0.005017980504006231,1.298929716992404,60,60,up,low,1.0
2023-08-07,0.008603692193619587,1.310105308458552,60,60,up,low,1.0
2023-08-08,-0.005717085952477381,1.3026153238032978,60,60,up,low,1.0
2023-08-09,-0.0032665977943336895,1.2983602034596966,60,60,up,low,1.0
2023-08-10,-0.00040368287866465236,1.2978360776752205,60,60,up,low,1.0
2023-08-11,-0.00045882987703840236,1.2972405917072847,60,60,up,low,1.0
2023-08-14,0.0006650958018950769,1.298103380978877,60,60,up,low,1.0
2023-08-15,-0.012955962159407197,1.281285202695916,60,60,up,low,1.0
2023-08-16,-0.006846894339942174,1.2725123782937258,60,60,up,low,1.0
2023-08-17,-0.008975842150245597,1.2610905080519277,60,60,up,low,1.0
2023-08-18,0.0015511338724060624,1.263046628255137,60,60,up,low,1.0
2023-08-21,0.0008520422853790907,1.2641227973908158,60,60,up,low,1.0
2023-08-22,-0.0027848702273967174,1.2606023794485888,60,60,up,low,1.0
2023-08-23,0.009280853785601615,1.2723018458140325,60,60,up,low,1.0
2023-08-24,-0.010503276243433746,1.2589385080624171,60,60,up,low,1.0
2023-08-25,0.0052667210937183346,1.2655689860585237,60,60,up,low,1.0
2023-08-28,0.006843919336475385,1.2742304381138532,60,60,up,low,1.0
2023-08-29,0.012585861075643412,1.2902677253863102,60,60,up,low,1.0
2023-08-30,0.0031723776147431558,1.2943609418353514,60,60,up,low,1.0
2023-08-31,-0.003311054074708172,1.2900752427647444,60,60,up,low,1.0
2023-09-01,0.0037339691655630058,1.294892343942484,60,60,up,low,1.0
2023-09-04,0.0,1.294892343942484,60,60,up,low,1.0
2023-09-05,-0.010596433457467674,1.2811711033853133,60,60,up,low,1.0
2023-09-06,-0.0027229485309523994,1.2776825404114516,60,60,up,low,1.0
2023-09-07,-0.0033953924437762364,1.2733443067681935,60,60,neutral,low,0.6
2023-09-08,0.00043875615752583124,1.2739029944234386,60,60,neutral,low,0.6
2023-09-11,0.002878220461590634,1.2775695680880699,60,60,up,low,1.0
2023-09-12,-0.002464863401930765,1.274420533616269,60,60,up,low,1.0
2023-09-13,-0.0034330146001087954,1.270045429317686,60,60,up,low,1.0
2023-09-14,0.010568446556826072,1.2834678365621712,60,60,up,low,1.0
2023-09-15,-0.009080899753067292,1.271812793802064,60,60,up,low,1.0
2023-09-18,-0.001455252202394415,1.26996198543285,60,60,up,low,1.0
2023-09-19,-0.002479403496520499,1.2668132372457197,60,60,neutral,low,0.6
2023-09-20,-0.0046950451059601045,1.2608654919560238,60,60,neutral,low,0.6
2023-09-21,-0.017492020323587775,1.2388104071454185,60,60,down,low,0.3
2023-09-22,-0.003318894275891614,1.2346989263762287,60,60,down,low,0.3
2023-09-25,0.0028425901631814084,1.2382086693988366,60,60,down,low,0.3
2023-09-26,-0.013925190819139571,1.2209663774035449,60,60,down,low,0.3
2023-09-27,0.001444854890454357,1.2227304966450168,60,60,down,low,0.3
2023-09-28,0.007356204245926406,1.2317251519160604,60,60,down,low,0.3
2023-09-29,-0.0027453371653011417,1.228343651079069,60,60,down,low,0.3
2023-10-02,-0.01024244521938555,1.2157624085223118,60,60,down,low,0.3
2023-10-03,-0.012896374449488119,1.2000834812603964,60,60,down,low,0.3
2023-10-04,0.00685044851169392,1.2083045913585053,60,60,down,low,0.3
2023-10-05,-0.0032355840523398487,1.2043950202923368,60,60,down,low,0.3
2023-10-06,0.009694110206874511,1.2160705583516618,60,60,down,low,0.3
2023-10-09,0.007606034382716157,1.2253200328302933,60,60,down,low,0.3
2023-10-10,0.008104494301141065,1.2352506320534404,60,60,down,low,0.3
2023-10-11,0.0018077870367860256,1.2374837021332485,60,60,down,low,0.3
2023-10-12,-0.013248569913149542,1.221088812789153,60,60,down,low,0.3
2023-10-13,-0.002939090393799547,1.2174999223895082,60,60,down,low,0.3
2023-10-16,0.012576244833735283,1.2328114994985322,60,60,down,low,0.3
2023-10-17,0.00477297551509031,1.2386956786003605,60,60,down,low,0.3
2023-10-18,-0.01604888692031021,1.2188159917258263,60,60,down,low,0.3
2023-10-19,-0.011535725053599783,1.2047560655543466,60,60,down,low,0.3
2023-10-20,-0.012020800474254283,1.1902739332701702,60,60,down,low,0.3
2023-10-23,-0.0048072833433395615,1.1845519492167491,60,60,down,low,0.3
2023-10-24,0.00801480892406086,1.194045906750345,60,60,down,low,0.3
2023-10-25,-0.012656509191016352,1.178933453757064,60,60,down,low,0.3
2023-10-26,-0.0021661087323095116,1.176379755708069,60,60,down,low,0.3
2023-10-27,-0.010603658343465085,1.1639058266963718,60,60,down,low,0.3
2023-10-30,0.00742680399092149,1.1725499271351372,60,60,down,low,0.3
2023-10-31,0.009266448244813192,1.1834153003493946,60,60,down,low,0.3
2023-11-01,0.004589658484222792,1.1888467724230023,60,60,down,low,0.3
2023-11-02,0.023004261531782057,1.216195314497036,60,60,down,high,0.0
2023-11-03,0.016607685424857785,1.2363935036953888,60,60,down,high,0.0
2023-11-06,-0.0050442803640329045,1.2301567882224802,60,60,down,high,0.0
2023-11-07,0.0001112761465492792,1.230293675329525,60,60,down,high,0.0
2023-11-08,-0.0018415485395325809,1.2280280298085258,60,60,down,high,0.0
2023-11-09,-0.008491982820716533,1.2175996368760333,60,60,down,high,0.0
2023-11-10,0.011901256600536635,1.232090602591215,60,60,down,high,0.0
2023-11-13,-0.0012679927941258414,1.2305283205854192,60,60,down,high,0.0
2023-11-14,0.028059505315932973,1.2650563365382919,60,60,neutral,high,0.4
2023-11-15,0.003893559824655723,1.2699819090661635,60,60,neutral,high,0.4
2023-11-16,-0.0031382243724036207,1.2659964208866203,60,60,neutral,high,0.4
2023-11-17,0.004811730575084789,1.2720880545729485,60,60,neutral,high,0.4
2023-11-20,0.0050232605597683505,1.2784780843260373,60,60,neutral,high,0.4
2023-11-21,-0.0019781757498865916,1.275949029982862,60,60,neutral,high,0.4
2023-11-22,0.004813433781997774,1.2820907261478889,60,60,neutral,high,0.4
2023-11-23,0.0,1.2820907261478889,60,60,neutral,high,0.4
2023-11-24,0.0034884867960406287,1.2865632827173819,60,60,neutral,high,0.4
2023-11-27,-0.0021463743306762567,1.2838018363125667,60,60,neutral,high,0.4
2023-11-28,-0.00038393730333523095,1.2833089368975161,60,60,neutral,high,0.4
2023-11-29,0.0038553937273940186,1.2882565981231395,60,60,up,high,0.7
2023-11-30,0.007201546113608905,1.2975340374206843,60,60,up,high,0.7
2023-12-01,0.014562296428017641,1.3164291126990468,60,60,up,high,0.7
2023-12-04,-0.0003652274671881926,1.315948316628483,60,60,up,high,0.7
2023-12-05,-0.007974582833647385,1.3054541777727304,60,60,up,high,0.7
2023-12-06,-0.00022961396250583796,1.3051544272661022,60,60,up,high,0.7
2023-12-07,0.005035928551802192,1.3117270917108828,60,60,up,high,0.7
2023-12-08,0.003925292329719464,1.3168760040026608,60,60,up,high,0.7
2023-12-11,0.00851823377696097,1.3280934616600255,60,60,up,high,0.7
2023-12-12,0.0021985383167803414,1.3310133260237507,60,60,up,high,0.7
2023-12-13,0.01989578039447882,1.357494874860444,60,60,up,high,0.7
2023-12-14,0.01212264890700279,1.3739513086214328,60,60,up,high,0.7
2023-12-15,-0.0060749641778590985,1.365604603639435,60,60,up,high,0.7
2023-12-18,0.0015337285823683773,1.3676990704522507,60,60,up,high,0.7
2023-12-19,0.007891879592125423,1.3784927868345218,60,60,up,high,0.7
2023-12-20,-0.016517837565893007,1.355723066895834,60,60,up,high,0.7
2023-12-21,0.01158150379289027,1.3714243787371971,60,60,up,high,0.7
2023-12-22,0.0028954654408533034,1.3753952906305744,60,60,up,high,0.7
2023-12-25,0.0,1.3753952906305744,60,60,up,high,0.7
2023-12-26,0.0057010323382268285,1.383236463660304,60,60,up,high,0.7
2023-12-27,0.001853396081100808,1.3858001487012879,60,60,up,high,0.7
2023-12-28,0.0012255822171560098,1.3874985607200685,60,60,up,high,0.7
2023-12-29,-0.003979452470236748,1.381977076145161,60,60,up,high,0.7
2024-01-01,0.0,1.381977076145161,60,60,up,high,0.7
2024-01-02,-0.0017839167830272962,1.3795117440452669,60,60,up,high,0.7
2024-01-03,-0.01314573896071553,1.3613770427648064,60,60,up,high,0.7
2024-01-04,-0.0007674849347427334,1.3603322063939798,60,60,up,high,0.7
2024-01-05,0.002221237283366565,1.3633538270085863,60,60,up,high,0.7
2024-01-08,0.011740200958392354,1.3793598749150606,60,60,up,high,0.7
2024-01-09,-0.0045505578157932994,1.3730830180554743,60,60,up,high,0.7
2024-01-10,0.001901841653488696,1.37569440453291,60,60,up,high,0.7
2024-01-11,-0.0025624190862636566,1.3721692989338687,60,60,up,high,0.7
2024-01-12,-0.0010218800094178387,1.3707671065577514,60,60,up,high,0.7
2024-01-15,0.0,1.3707671065577514,60,60,up,high,0.7
2024-01-16,-0.006482728173420892,1.3618807960168708,60,60,up,high,0.7
2024-01-17,-0.0072927348601791175,1.35194896046035,60,60,up,low,1.0
2024-01-18,0.005479820301264702,1.3593573978201543,60,60,up,low,1.0
2024-01-19,0.009117562021576008,1.3717514232042678,60,60,up,low,1.0
2024-01-22,0.004778546521585176,1.3783064011961002,60,60,up,low,1.0
2024-01-23,0.0008856650832860022,1.3795271190497091,60,60,up,low,1.0
2024-01-24,-0.005064906765262831,1.3725399428115708,60,60,up,low,1.0
2024-01-25,0.008673839218148469,1.384445133596005,60,60,up,low,1.0
2024-01-26,0.0006355828200204181,1.3853250631381795,60,60,up,low,1.0
2024-01-29,0.0066580194368023255,1.3945485843348429,60,60,up,low,1.0
2024-01-30,0.00028125409501886207,1.3949408068348896,60,60,up,low,1.0
2024-01-31,-0.01247798137018718,1.37753476143469,60,60,up,low,1.0
2024-02-01,0.011701317758241708,1.3936537334012609,60,60,up,low,1.0
2024-02-02,-0.00024537699990053076,1.3933117628292586,60,60,up,low,1.0
2024-02-05,-0.0091659125938091,1.3805407889952397,60,60,up,low,1.0
2024-02-06,0.00661541011260659,1.3896736324916246,60,60,up,low,1.0
2024-02-07,0.004747454429691372,1.396271044734022,60,60,up,low,1.0
2024-02-08,0.004121547251601113,1.402025841820936,60,60,up,low,1.0
2024-02-09,0.002706733068212719,1.4058207515294814,60,60,up,low,1.0
2024-02-12,0.0065428310438673636,1.4150187991847014,60,60,up,low,1.0
2024-02-13,-0.016594774870700147,1.3915368807744228,60,60,up,low,1.0
2024-02-14,0.0109826430593002,1.4068196336398204,60,60,up,low,1.0
2024-02-15,0.011710573013112107,1.4232942976758394,60,60,up,low,1.0
2024-02-16,-0.004246591231831888,1.4172501485910127,60,60,up,low,1.0
2024-02-19,0.0,1.4172501485910127,60,60,up,low,1.0
2024-02-20,-0.0038022008833610813,1.4118614788240964,60,60,up,low,1.0
2024-02-21,0.0020335220554959254,1.4147325302805902,60,60,up,low,1.0
2024-02-22,0.012215038915642028,1.4320135431931924,60,60,up,low,1.0
2024-02-23,0.002106991559037711,1.4350307836411282,60,60,up,low,1.0
2024-02-26,-0.0029634043926261514,1.4307782071133324,60,60,up,low,1.0
2024-02-27,0.0047694271914839595,1.4376021995993213,60,60,up,low,1.0
2024-02-28,0.0004091203415118981,1.4381903519021797,60,60,up,low,1.0
2024-02-29,0.005719999261924384,1.4464167996535668,60,60,up,low,1.0
2024-03-01,0.005918537338650976,1.4549774714895685,60,60,up,low,1.0
2024-03-04,0.0032976980531442108,1.4597755478646683,60,60,up,low,1.0
2024-03-05,-0.006623843718607479,1.4501062227713681,60,60,up,low,1.0
2024-03-06,0.007075879110303567,1.4603669991007973,60,60,up,low,1.0
2024-03-07,0.007708567479211603,1.4716243366577797,60,60,up,low,1.0
2024-03-08,-0.001739575577453445,1.4690643349025438,60,60,up,low,1.0
2024-03-11,0.0015456493255289877,1.4713349932009447,60,60,up,low,1.0
2024-03-12,0.0033771503111481084,1.4763039126310364,60,60,up,low,1.0
2024-03-13,0.0011563298335786145,1.4780110068886405,60,60,up,low,1.0
2024-03-14,-0.008978146949879477,1.464741206875255,60,60,up,low,1.0
2024-03-15,-0.0020684220747500363,1.4617115038291584,60,60,up,low,1.0
2024-03-18,0.0028536081976363492,1.4658826557590645,60,60,up,low,1.0
2024-03-19,0.0052027266823855695,1.4735092425654284,60,60,up,low,1.0
2024-03-20,0.009355585484515245,1.4872947842464725,60,60,up,low,1.0
2024-03-21,0.007048117631034204,1.4977774128378654,60,60,up,low,1.0
2024-03-22,-0.006235435122036507,1.4884381189528633,60,60,up,low,1.0
2024-03-25,-0.001196680658608518,1.4866569338443767,60,60,up,low,1.0
2024-03-26,-0.0014827026296380815,1.484452663699196,60,60,up,low,1.0
2024-03-27,0.014259264249196208,1.5056198664963059,60,60,up,low,1.0
2024-03-28,0.003401917348099636,1.5107418608397831,60,60,up,low,1.0
2024-03-29,0.0,1.5107418608397831,60,60,up,low,1.0
2024-04-01,-0.0051884515285970725,1.5029034499225935,60,60,up,low,1.0
2024-04-02,-0.008558528191499165,1.4900408083773296,60,60,up,low,1.0
2024-04-03,0.0013780291445008117,1.4920941280377693,60,60,up,low,1.0
2024-04-04,-0.010934587557683584,1.4757786941504347,60,60,up,low,1.0
2024-04-05,0.007040050583855969,1.4861682508078307,60,60,up,low,1.0
2024-04-08,0.002725646410245256,1.4902190199656653,60,60,up,low,1.0
2024-04-09,0.002958668543945931,1.4946280841036277,60,60,up,low,1.0
2024-04-10,-0.01541511421298605,1.4715882214812337,60,60,up,low,1.0
2024-04-11,6.384813716025851e-05,1.471682179647842,60,60,up,low,1.0
2024-04-12,-0.015620436715690285,1.448693861295044,60,60,up,low,1.0
2024-04-15,-0.01000172408002317,1.4342044250179475,60,60,up,low,1.0
2024-04-16,-0.0048621669927834624,1.4272310836017215,60,60,up,low,1.0
2024-04-17,-0.0027401194669179757,1.423320299925754,60,60,up,low,1.0
2024-04-18,-0.000828228567033231,1.422141465393317,60,60,up,low,1.0
2024-04-19,0.00126739845509266,1.4239438852894797,60,60,up,low,1.0
2024-04-22,0.008744177501336445,1.4363951033743934,60,60,up,low,1.0
2024-04-23,0.010006840920688563,1.450768880673117,60,60,up,low,1.0
2024-04-24,0.0015773229671843846,1.453057211748679,60,60,up,low,1.0
2024-04-25,-0.0023726376599131857,1.4496096334860757,60,60,up,low,1.0
2024-04-26,0.0024589800110768733,1.4531741945986825,60,60,up,low,1.0
2024-04-29,0.006340277011659291,1.4623877215386332,60,60,up,low,1.0
2024-04-30,-0.015489895311218157,1.4397354888275888,60,60,up,low,1.0
2024-05-01,-0.003561849328968804,1.4346073679428157,60,60,up,low,1.0
2024-05-02,0.00812180585353552,1.446258970461299,60,60,up,low,1.0
2024-05-03,0.007354603776538027,1.4568956321473054,60,60,up,low,1.0
2024-05-06,0.008832087471004706,1.469763061806555,60,60,up,low,1.0
2024-05-07,0.0022547120955836073,1.473076954359652,60,60,up,low,1.0
2024-05-08,-0.001066577982244952,1.4715058029139796,60,60,up,low,1.0
2024-05-09,0.008290257353391776,1.483704964717146,60,60,up,low,1.0
2024-05-10,0.0016128003210891411,1.4860978845606434,60,60,up,low,1.0
2024-05-13,-0.0005523146550408738,1.4852770909201753,60,60,up,low,1.0
2024-05-14,0.004223775950122922,1.4915505685760726,60,60,up,low,1.0
2024-05-15,0.009144522768204332,1.5051900867103445,60,60,up,low,1.0
2024-05-16,-0.0018558693955924503,1.5023966504938695,60,60,up,low,1.0
2024-05-17,0.001933399585265074,1.505301383554838,60,60,up,low,1.0
2024-05-20,0.00016437662263657878,1.505548819912317,60,60,up,low,1.0
2024-05-21,-0.0007923587158365635,1.504355885182742,60,60,up,low,1.0
2024-05-22,-0.00380078454757186,1.4986381525802908,60,60,up,low,1.0
2024-05-23,-0.013770415366649842,1.4780012827349513,60,60,up,low,1.0
2024-05-24,0.006810782815432615,1.48806762847259,60,60,up,low,1.0
2024-05-27,0.0,1.48806762847259,60,60,up,low,1.0
2024-05-28,-0.007088686843114608,1.4775191830529717,60,60,up,low,1.0
2024-05-29,-0.010962752132702744,1.4613215064778486,60,60,neutral,low,0.6
2024-05-30,0.0034929955145489183,1.4664258959452896,60,60,neutral,low,0.6
2024-05-31,0.011646883583551931,1.4835051876392702,60,60,up,low,1.0
2024-06-03,-0.00468798150648765,1.4765505427548389,60,60,neutral,low,0.6
2024-06-04,-0.0025097644388109557,1.4728447487105258,60,60,neutral,low,0.6
2024-06-05,0.006940668478855355,1.4830672758321486,60,60,neutral,low,0.6
2024-06-06,-0.001979141389961017,1.4801320760024523,60,60,up,low,1.0
2024-06-07,-0.0035591933125590507,1.4748639998158402,60,60,up,low,1.0
2024-06-10,0.003666338612902674,1.4802713506471452,60,60,up,low,1.0
2024-06-11,-0.003554809006050166,1.4750092687184666,60,60,neutral,low,0.6
2024-06-12,0.005881916610866543,1.4836851502373238,60,60,neutral,low,0.6
2024-06-13,-0.0031570085647646307,1.4790011435106105,60,60,down,low,0.3
2024-06-14,-0.006244208601351394,1.469765951848893,60,60,down,low,0.3
2024-06-17,0.0067480360086111645,1.4796839854162,60,60,neutral,low,0.6
2024-06-18,0.0024599032842253996,1.483323864911541,60,60,neutral,low,0.6
2024-06-19,0.0,1.483323864911541,60,60,down,low,0.3
2024-06-20,0.0010015806644711705,1.4848095334137852,60,60,down,low,0.3
2024-06-21,0.0015108914366626979,1.487052919422895,60,60,down,low,0.3
2024-06-24,0.0039739387069196675,1.4929623765786277,60,60,neutral,low,0.6
2024-06-25,-0.00554154696457201,1.4846890554524783,60,60,neutral,low,0.6
2024-06-26,-0.003635037246895431,1.4792921554358507,60,60,neutral,low,0.6
2024-06-27,0.0018835618683412864,1.482078493731966,60,60,neutral,low,0.6
2024-06-28,-1.4346892114109705e-05,1.4820572305117117,60,60,neutral,low,0.6
2024-07-01,-0.006872108452034036,1.471872372491514,60,60,down,low,0.3
2024-07-02,0.004208283866243978,1.4780664292498402,60,60,neutral,low,0.6
2024-07-03,0.0010714843853596439,1.4796501543493057,60,60,neutral,low,0.6
2024-07-04,0.0,1.4796501543493057,60,60,neutral,low,0.6
2024-07-05,-0.00024388897698292075,1.4792892839868688,60,60,up,low,1.0
2024-07-08,0.0016510383780489653,1.4817316473669677,60,60,up,low,1.0
2024-07-09,-0.0019222738890380486,1.4788833533106729,60,60,up,low,1.0
2024-07-10,0.00846960123583928,1.491408905587535,60,60,up,low,1.0
2024-07-11,0.010614962062865168,1.507240154540566,60,60,up,low,1.0
2024-07-12,0.008402992149243057,1.5199054817261943,60,60,up,low,1.0
2024-07-15,0.0015043397941522524,1.5221919360257052,60,60,up,low,1.0
2024-07-16,0.016665067935717277,1.5475593680507744,60,60,up,low,1.0
2024-07-17,-0.005634820772584027,1.5388391483768749,60,60,up,low,1.0
2024-07-18,-0.008541377145672832,1.525695342844062,60,60,up,low,1.0
2024-07-19,-0.005550971788622932,1.5172262510379013,60,60,up,low,1.0
2024-07-22,0.008949973099190704,1.5308053851700765,60,60,up,low,1.0
2024-07-23,-0.0033031034886534237,1.525748976561872,60,60,up,low,1.0
2024-07-24,-0.013845202352767054,1.5046246732418456,60,60,up,low,1.0
2024-07-25,5.372868260100426e-05,1.504705514743348,60,60,up,low,1.0
2024-07-26,0.01448887191731458,1.5265070002197412,60,60,up,low,1.0
2024-07-29,0.0010630148071462575,1.528129699764187,60,60,up,low,1.0
2024-07-30,0.002817957357670844,1.5324359040951128,60,60,up,low,1.0
2024-07-31,0.006654961139947932,1.542634205486327,60,60,up,low,1.0
2024-08-01,-0.012024314340370589,1.5240850868873514,60,60,up,low,1.0
2024-08-02,-0.019135275932503536,1.4949212982051483,60,60,neutral,low,0.6
2024-08-05,-0.023469461628116174,1.459836300159869,60,60,down,low,0.3
2024-08-06,0.01156089427255765,1.4767133132812589,60,60,neutral,low,0.6
2024-08-07,-0.00763559915917036,1.4654377223480328,60,60,down,low,0.3
2024-08-08,0.020915639528361514,1.4960882894999274,60,60,neutral,low,0.6
2024-08-09,0.0023605647308114447,1.4996199027503008,60,60,neutral,low,0.6
2024-08-12,-0.004529210108035927,1.4928278091285523,60,60,neutral,low,0.6
2024-08-13,0.012404290192802854,1.5113452784808687,60,60,neutral,high,0.4
2024-08-14,0.002552622658741573,1.515203172683901,60,60,up,high,0.7
2024-08-15,0.014310428224649122,1.5368863789323546,60,60,up,high,0.7
2024-08-16,0.0024215997652999094,1.5406081026268696,60,60,up,high,0.7
2024-08-19,0.007966771198679667,1.55288177488733,60,60,up,high,0.7
2024-08-20,-0.004547116696916267,1.5458206402404029,60,60,up,high,0.7
2024-08-21,0.007832217364807733,1.557927843501772,60,60,up,low,1.0
2024-08-22,-0.003897149733510122,1.5518563654216413,60,60,up,low,1.0
2024-08-23,0.013287544288644907,1.5724767256067969,60,60,up,high,0.7
2024-08-26,-0.00159148962609547,1.569974145210717,60,60,up,low,1.0
2024-08-27,0.0002756165116833853,1.5704068560080529,60,60,up,low,1.0
2024-08-28,-0.003990636220138746,1.564139933528113,60,60,up,low,1.0
2024-08-29,0.003923391034094005,1.5702766661193857,60,60,up,low,1.0
2024-08-30,0.008335474434904849,1.5833656671255516,60,60,up,low,1.0
2024-09-02,0.0,1.5833656671255516,60,60,up,low,1.0
2024-09-03,-0.015230531572624354,1.5592501663413865,60,60,up,high,0.7
2024-09-04,-0.0019041263465012653,1.5562811570188693,60,60,up,high,0.7
2024-09-05,-0.006042019384735769,1.5468780761000622,60,60,up,high,0.7
2024-09-06,-0.012389198564138755,1.5277134964607455,60,60,up,high,0.7
2024-09-09,0.010848414558052744,1.544286765796284,60,60,up,high,0.7
2024-09-10,0.0005668395143840516,1.5451621285566777,60,60,up,high,0.7
2024-09-11,0.0034316799133719236,1.5504646303961487,60,60,up,high,0.7
2024-09-12,0.0060816439489112945,1.5598940042335985,60,60,up,high,0.7
2024-09-13,0.009731471934782271,1.5750740689570328,60,60,up,high,0.7
2024-09-16,0.0064362496807806495,1.5852116389305633,60,60,up,high,0.7
2024-09-17,0.0017760374940107985,1.5880270342372462,60,60,up,high,0.7
2024-09-18,-0.0016268110636616481,1.5854436142885553,60,60,up,high,0.7
2024-09-19,0.012040051604324014,1.6045324372203353,60,60,up,high,0.7
2024-09-20,-0.003311907648763833,1.5992183739688155,60,60,up,high,0.7
2024-09-23,0.005023100314386638,1.607251408285871,60,60,up,high,0.7
2024-09-24,0.0018888627930988152,1.610287285670138,60,60,up,high,0.7
2024-09-25,-0.0062438075156758,1.6002329618134736,60,60,up,high,0.7
2024-09-26,0.008535976829104069,1.613892513296682,60,60,up,high,0.7
2024-09-27,0.0036552419608881595,1.6197916809316473,60,60,up,high,0.7
2024-09-30,0.0011967993833454746,1.6217302466165344,60,60,up,high,0.7
2024-10-01,-0.005469366445108022,1.6128604096226733,60,60,up,high,0.7
2024-10-02,-0.0007184675176532609,1.6117016218078506,60,60,up,high,0.7
2024-10-03,-0.004331572053115507,1.6047204201048668,60,60,up,high,0.7
2024-10-04,0.00779628274374205,1.617231274224661,60,60,up,high,0.7
2024-10-07,-0.008003643944269664,1.6042875309302294,60,60,up,high,0.7
2024-10-08,0.003711995981718135,1.610242639798563,60,60,up,high,0.7
2024-10-09,0.007077786821029167,1.6216395939331885,60,60,up,high,0.7
2024-10-10,-0.0036562603990468335,1.6157104573043641,60,60,up,high,0.7
2024-10-11,0.010458027225228095,1.632607601254939,60,60,up,high,0.7
2024-10-14,0.006877447081209692,1.6438357736369504,60,60,up,high,0.7
2024-10-15,-0.004521967947724188,1.6364024009572418,60,60,up,high,0.7
2024-10-16,0.00613103173388057,1.646435236006909,60,60,up,high,0.7
2024-10-17,-0.0018662588665680074,1.6433625616494811,60,60,up,high,0.7
2024-10-18,0.0037075754749391174,1.649455452379486,60,60,up,high,0.7
2024-10-21,-0.007869865163627041,1.6364744603758499,60,60,up,high,0.7
2024-10-22,-0.004108153164859859,1.6297515726422445,60,60,up,high,0.7
2024-10-23,-0.0037155286007625604,1.6236961840619546,60,60,up,high,0.7
2024-10-24,0.0006683420029398818,1.6247813684217765,60,60,up,low,1.0
2024-10-25,-0.004504815169015487,1.6174620286669763,60,60,up,low,1.0
2024-10-28,0.005512170655182057,1.6263777553972654,60,60,up,low,1.0
2024-10-29,-0.0024747322329680063,1.6223529059430015,60,60,up,low,1.0
2024-10-30,-0.001450674804955843,1.6199993994576032,60,60,up,low,1.0
2024-10-31,-0.011525934697485042,1.6013273921694897,60,60,up,low,1.0
2024-11-01,0.000984125084444465,1.6029032986245317,60,60,up,low,1.0
2024-11-04,0.0013324556527724944,1.6050390961856318,60,60,up,low,1.0
2024-11-05,0.012765582410213706,1.6255283550396045,60,60,up,low,1.0
2024-11-06,0.02345754081160395,1.6636592527683656,60,60,up,low,1.0
2024-11-07,0.002740082434830361,1.668217816264419,60,60,up,low,1.0
2024-11-08,0.005379161331312097,1.6771914290338745,60,60,up,low,1.0
2024-11-11,0.006035523848026214,1.6873141579015138,60,60,up,low,1.0
2024-11-12,-0.0063084341909588875,1.676669847576919,60,60,up,low,1.0
2024-11-13,-5.0246757222183414e-05,1.6765856003541462,60,60,up,low,1.0
2024-11-14,-0.007454260151922973,1.6640878951221385,60,60,up,low,1.0
2024-11-15,-0.007913730939953782,1.6509187512597079,60,60,up,low,1.0
2024-11-18,0.005412673933063349,1.6598546361502569,60,60,up,low,1.0
2024-11-19,-0.001107685309733134,1.6580160395535009,60,60,up,low,1.0
2024-11-20,0.003435966419487051,1.6637129269883775,60,60,up,low,1.0
2024-11-21,0.0122835626254052,1.6841492489177354,60,60,up,low,1.0
2024-11-22,0.008280241686630888,1.6980944117351324,60,60,up,low,1.0
2024-11-25,0.009379216985511352,1.7140212076846806,60,60,up,low,1.0
2024-11-26,-0.0006926822912873766,1.7128339355472264,60,60,up,low,1.0
2024-11-27,-0.00065348351085824,1.711714626813508,60,60,up,low,1.0
2024-11-28,0.0,1.711714626813508,60,60,up,low,1.0
2024-11-29,0.002616238632539015,1.7161928807480595,60,60,up,low,1.0
2024-12-02,-0.001853553272446249,1.7130118258178,60,60,up,low,1.0
2024-12-03,-0.003759623337921592,1.7065715465793196,60,60,up,low,1.0
2024-12-04,0.0010554337078340784,1.70837271971441,60,60,up,low,1.0
2024-12-05,-0.005203716041225711,1.6994828331884397,60,60,up,low,1.0
2024-12-06,-0.0001864112262435985,1.699166030509525,60,60,up,low,1.0
2024-12-09,-0.004609438596980807,1.6913338290258157,60,60,up,low,1.0
2024-12-10,-0.006884183572687885,1.6796903764641051,60,60,up,low,1.0
2024-12-11,0.0013747084678889117,1.681999461048062,60,60,up,low,1.0
2024-12-12,-0.003465181780639354,1.676171027160593,60,60,up,low,1.0
2024-12-13,-0.003691772320554853,1.6699829853580055,60,60,up,low,1.0
2024-12-16,-0.003482577794318083,1.6641671396963087,60,60,up,low,1.0
2024-12-17,-0.0070606127541098995,1.6524170999647985,60,60,up,low,1.0
2024-12-18,-0.029769763221672133,1.6032250341554042,60,60,neutral,low,0.6
2024-12-19,-0.004378251780675537,1.5962057112947896,60,60,neutral,low,0.6
2024-12-20,0.013708075976611112,1.618086620459519,60,60,neutral,low,0.6
2024-12-23,0.0016043558637323426,1.6206826072170801,60,60,neutral,low,0.6
2024-12-24,0.008284672124485,1.634109431235729,60,60,up,low,1.0
2024-12-25,0.0,1.634109431235729,60,60,up,low,1.0
2024-12-26,0.0006096170686466471,1.6351056122370469,60,60,up,low,1.0
2024-12-27,-0.007506571236882991,1.6228315754789622,60,60,neutral,low,0.6
2024-12-30,-0.009909047915756324,1.6067508596383389,60,60,neutral,low,0.6
2024-12-31,0.0006783547866453041,1.607840806774921,60,60,neutral,low,0.6
2025-01-01,0.0,1.607840806774921,60,60,neutral,low,0.6
2025-01-02,-0.0019288931729402325,1.6047394536195583,60,60,neutral,low,0.6
2025-01-03,0.010390856746136311,1.6214140713969922,60,60,neutral,low,0.6
2025-01-06,0.0006392164497968083,1.6224505059433612,60,60,down,low,0.3
2025-01-07,-0.004656339832573242,1.6148958250261585,60,60,down,low,0.3
2025-01-08,0.0015847208998858542,1.6174549841912158,60,60,down,low,0.3
2025-01-09,0.0,1.6174549841912158,60,60,down,low,0.3
2025-01-10,-0.015868983683304576,1.5917876174386056,60,60,down,low,0.3
2025-01-13,0.007357043330068082,1.6034984679123672,60,60,down,low,0.3
2025-01-14,0.0077936362779548575,1.615995551743534,60,60,neutral,low,0.6
2025-01-15,0.010387967859173761,1.6327824615956137,60,60,neutral,low,0.6
2025-01-16,0.007832149205361114,1.645570657454727,60,60,up,low,1.0
2025-01-17,0.005602805556686678,1.6547904698782347,60,60,up,low,1.0
2025-01-20,0.0,1.6547904698782347,60,60,up,low,1.0
2025-01-21,0.012048897637671871,1.6747288708615924,60,60,up,low,1.0
2025-01-22,-0.003051011562965415,1.6696192537117618,60,60,up,low,1.0
2025-01-23,0.004219065510360202,1.6766634867205306,60,60,up,low,1.0
2025-01-24,-0.0005503397586862007,1.6757407521418508,60,60,up,low,1.0
2025-01-27,-0.00010843024254801118,1.6755590511656484,60,60,up,low,1.0
2025-01-28,-0.003204195388978552,1.6701902325799423,60,60,up,low,1.0
2025-01-29,-0.0028654456884134047,1.6654043931791658,60,60,neutral,low,0.6
2025-01-30,0.010515434259258454,1.6829168435907214,60,60,up,low,1.0
2025-01-31,-0.006985169088660923,1.6711613848760847,60,60,neutral,low,0.6
2025-02-03,-0.006124701182344366,1.660926020766246,60,60,down,low,0.3
2025-02-04,0.001462868256409025,1.6633557367182688,60,60,neutral,low,0.6
2025-02-05,0.005808874642132037,1.6730179616781364,60,60,neutral,low,0.6
2025-02-06,-0.0011906703670141688,1.671025948767684,60,60,neutral,low,0.6
2025-02-07,-0.004961515997273364,1.6627351267910142,60,60,neutral,low,0.6
2025-02-10,0.003945113165804093,1.6692948050309624,60,60,neutral,low,0.6
2025-02-11,-0.0005997027761053158,1.668293724302247,60,60,neutral,low,0.6
2025-02-12,-0.004911767786377957,1.660099452929003,60,60,neutral,low,0.6
2025-02-13,0.008487695252592008,1.6741898711744592,60,60,neutral,low,0.6
2025-02-14,-0.0012177226233627788,1.6721511722925253,60,60,down,low,0.3
2025-02-17,0.0,1.6721511722925253,60,60,down,low,0.3
2025-02-18,0.006797062368708539,1.6835168881005067,60,60,down,low,0.3
2025-02-19,0.0020686117921585308,1.6869994309875294,60,60,down,low,0.3
2025-02-20,-0.0033014871808546282,1.681429823992015,60,60,down,low,0.3
2025-02-21,-0.014856842526502474,1.6564490858776009,60,60,down,low,0.3
2025-02-24,-0.00012728011049931878,1.6562382528549138,60,60,down,low,0.3
2025-02-25,-3.4905629091389155e-05,1.6561804408167726,60,60,down,low,0.3
2025-02-26,-0.0012166120181115643,1.6541655117883136,60,60,down,low,0.3
2025-02-27,-0.009706415487891418,1.6381094940451557,60,60,down,low,0.3
2025-02-28,0.01148689442055236,1.656926284852557,60,60,down,low,0.3
2025-03-03,-0.011776047991334781,1.6374142414040291,60,60,down,low,0.3
2025-03-04,-0.015476675495268315,1.612072512538488,60,60,down,low,0.3
2025-03-05,0.010520295501063304,1.6290319917395344,60,60,down,low,0.3
2025-03-06,-0.012827547144415037,1.6081355070657353,60,60,down,low,0.3
2025-03-07,0.008648682693027487,1.6220437607937377,60,60,down,low,0.3
2025-03-10,-0.017509857150931337,1.5936420062496799,60,60,down,high,0.0
2025-03-11,-0.011619001402047498,1.575125477544703,60,60,down,high,0.0
2025-03-12,-0.0027990610261721988,1.5707166052091768,60,60,down,low,0.3
2025-03-13,-0.011738221266577312,1.5522791861501444,60,60,down,low,0.3
2025-03-14,0.020432382022573928,1.5839959474872545,60,60,down,low,0.3
2025-03-17,0.014034317064551298,1.606226248843255,60,60,neutral,low,0.6
2025-03-18,-0.006419769497035769,1.595914646565593,60,60,down,low,0.3
2025-03-19,0.008393560743575426,1.609310053093103,60,60,down,high,0.0
2025-03-20,-0.00360753156343054,1.6035044162812235,60,60,down,high,0.0
2025-03-21,-0.004320193203100877,1.5965769674008632,60,60,down,low,0.3
2025-03-24,0.016604184695379973,1.6230868262479767,60,60,up,high,0.7
2025-03-25,-0.002440201276614065,1.619126167702511,60,60,neutral,high,0.4
2025-03-26,-0.003086179948827851,1.6141292529891251,60,60,neutral,high,0.4
2025-03-27,-0.0036186121649442685,1.6082883452384662,60,60,neutral,high,0.4
2025-03-28,-0.015705614562790265,1.583029188382323,60,60,down,high,0.0
2025-03-31,0.006603680427800625,1.5934830072502806,60,60,down,high,0.0
2025-04-01,0.0017111804877366068,1.596209744279827,60,60,neutral,high,0.4
2025-04-02,0.00918818682557403,1.610876017623072,60,60,neutral,high,0.4
2025-04-03,-0.04915319561801214,1.5316963136124808,60,60,down,high,0.0
2025-04-04,-0.057018168555008616,1.4443617950278391,60,60,down,high,0.0
2025-04-07,-0.006856244204192757,1.4344588978419222,60,60,down,high,0.0
2025-04-08,-0.019700269977246682,1.4061996702831725,60,60,down,high,0.0
2025-04-09,0.08473117176810482,1.5253486160861882,60,60,down,high,0.0
2025-04-10,-0.034044173129258844,1.4734193837176746,60,60,down,high,0.0
2025-04-11,0.015492625547430085,1.4962465185039378,60,60,down,high,0.0
2025-04-14,0.012367371230800159,1.5147511546510681,60,60,down,high,0.0
2025-04-15,-0.0025708758322113075,1.5108569175157616,60,60,down,high,0.0
2025-04-16,-0.014322705142629347,1.4892173593734814,60,60,down,high,0.0
2025-04-17,0.007726122339060251,1.5007232348814534,60,60,down,high,0.0
2025-04-18,0.0,1.5007232348814534,60,60,down,high,0.0
2025-04-21,-0.020653452628238176,1.469728118641733,60,60,down,high,0.0
2025-04-22,0.025491320853816227,1.5071934296819054,60,60,down,high,0.0
2025-04-23,0.0113210107264571,1.5242563826661801,60,60,down,high,0.0
2025-04-24,0.018512156480871237,1.5524736553390632,60,60,down,high,0.0
2025-04-25,-0.0007419469483896765,1.551321802248029,60,60,down,high,0.0
2025-04-28,0.003057728287169634,1.5560653228052657,60,60,down,high,0.0
2025-04-29,0.005553303679835456,1.5647066260884643,60,60,down,high,0.0
2025-04-30,0.0014882055431396112,1.5670352311627964,60,60,down,high,0.0
2025-05-01,-0.00124699636840582,1.5650811439203725,60,60,down,high,0.0
2025-05-02,0.01722024564909093,1.5920322256794415,60,60,down,high,0.0
2025-05-05,-0.0041085603038713715,1.5854912652745308,60,60,down,high,0.0
2025-05-06,-0.007104067173381273,1.5742278288232112,60,60,down,high,0.0
2025-05-07,0.006133100324728347,1.583882726031363,60,60,down,high,0.0
2025-05-08,0.009230405485504868,1.5985026058341192,60,60,down,high,0.0
2025-05-09,4.403437613861906e-05,1.598572994899123,60,60,down,high,0.0
2025-05-12,0.029538607326720805,1.6457926148785482,60,60,neutral,high,0.4
2025-05-13,0.003046925869255808,1.650807222972252,60,60,neutral,high,0.4
2025-05-14,-0.0060626657371384346,1.6407989305829174,60,60,down,high,0.0
2025-05-15,0.008412049757913178,1.6546014128297117,60,60,neutral,high,0.4
2025-05-16,0.009874758695621334,1.6709402025188393,60,60,up,high,0.7
2025-05-19,0.00011176406449615315,1.6711269535874027,60,60,up,high,0.7
2025-05-20,-0.003124375477476099,1.6659057255138647,60,60,up,high,0.7
2025-05-21,-0.021559519125194562,1.6299895991638773,60,60,neutral,high,0.4
2025-05-22,-0.0025511974893337175,1.6258311737908504,60,60,neutral,high,0.4
2025-05-23,-0.004351238830690317,1.618756794055305,60,60,down,high,0.0
2025-05-26,0.0,1.618756794055305,60,60,neutral,high,0.4
2025-05-27,0.01830613120765031,1.6483899683205565,60,60,up,high,0.7
2025-05-28,-0.00858313400462534,1.634241616330581,60,60,up,high,0.7
2025-05-29,0.0030250286740458395,1.6391852440803,60,60,up,high,0.7
2025-05-30,-0.00032191203530243577,1.6386575706221405,60,60,up,high,0.7
2025-06-02,4.102850684878571e-05,1.6387248022954997,60,60,up,high,0.7
2025-06-03,0.008157804248375566,1.6520931984495844,60,60,up,high,0.7
2025-06-04,-0.0019242835357783986,1.6489141027082364,60,60,up,high,0.7
2025-06-05,-0.0024221445745821013,1.6449201943604097,60,60,up,high,0.7
2025-06-06,0.008971527577553142,1.659677641246988,60,60,up,high,0.7
2025-06-09,2.2286413370316545e-06,1.6596813400731854,60,60,up,high,0.7
2025-06-10,0.00538835084374826,1.6686242854223219,60,60,up,high,0.7
2025-06-11,-0.0032601710476385317,1.6631842848376015,60,60,up,high,0.7
2025-06-12,0.0023370501503715093,1.6670712299205765,60,60,up,high,0.7
2025-06-13,-0.012876521802143666,1.6456051508827778,60,60,up,high,0.7
2025-06-16,0.009750876062995122,1.6616512427576622,60,60,up,high,0.7
2025-06-17,-0.010082880870062153,1.644897011229346,60,60,up,high,0.7
2025-06-18,0.00037159421233163567,1.6455082454386005,60,60,up,high,0.7
2025-06-19,0.0,1.6455082454386005,60,60,up,high,0.7
2025-06-20,0.0013404201310230543,1.6477139178165507,60,60,up,high,0.7
2025-06-23,0.008732658128332084,1.6621028401541373,60,60,up,high,0.7
2025-06-24,0.010135164429236069,1.6789485257373997,60,60,up,high,0.7
2025-06-25,-0.0072375141604472375,1.6667971120077132,60,60,up,high,0.7
2025-06-26,0.007450828902283941,1.6792161321041035,60,60,up,high,0.7
2025-06-27,0.0039698974743362335,1.6858824479858083,60,60,up,high,0.7
2025-06-30,0.005235674213297155,1.6947091792453777,60,60,up,high,0.7
2025-07-01,0.010529340014820374,1.7125533484198894,60,60,up,high,0.7
2025-07-02,0.002520416467219282,1.7168696960802383,60,60,up,high,0.7
2025-07-03,0.005257454235964941,1.7258960599364952,60,60,up,high,0.7
2025-07-04,0.0,1.7258960599364952,60,60,up,high,0.7
2025-07-07,-0.0086396981526083,1.710984838935868,60,60,up,high,0.7
2025-07-08,0.002568215505453905,1.7153790167288194,60,60,up,high,0.7
2025-07-09,0.003317719138230063,1.721070162521939,60,60,up,high,0.7
2025-07-10,0.005088128101567264,1.7298271879806357,60,60,up,high,0.7
2025-07-11,-0.007594673315325375,1.7166897155959548,60,60,up,high,0.7
2025-07-14,0.0013508986011830167,1.7190087893314185,60,60,up,high,0.7
2025-07-15,-0.013350576418170121,1.6960590311259434,60,60,up,high,0.7
2025-07-16,0.004391013349394425,1.7035064489729785,60,60,up,high,0.7
2025-07-17,0.007408025213238521,1.7161260676978847,60,60,up,low,1.0
2025-07-18,0.00031975778718417943,1.7166748123718207,60,60,up,low,1.0
2025-07-21,-0.003339462013964857,1.7109420420455748,60,60,up,low,1.0
2025-07-22,0.012392171617045478,1.7321443294574217,60,60,up,low,1.0
2025-07-23,0.008089913048434356,1.746157226470071,60,60,up,high,0.7
2025-07-24,-0.0031008682082285413,1.7407426230399417,60,60,up,high,0.7
2025-07-25,0.005067605365039518,1.749564019695612,60,60,up,low,1.0
2025-07-28,-0.005412296708916243,1.740094860109775,60,60,up,low,1.0
2025-07-29,-0.0008412830521279767,1.7386309477948696,60,60,up,low,1.0
2025-07-30,-0.006220987839205578,1.7278149458117713,60,60,up,low,1.0
2025-07-31,-0.00981688718487478,1.7108531814123966,60,60,up,low,1.0
2025-08-01,-0.010623538372312084,1.6926778669902698,60,60,up,low,1.0
2025-08-04,0.012399962661173313,1.7136670093383435,60,60,up,low,1.0
2025-08-05,-0.0035081761742311963,1.7076551635656168,60,60,up,low,1.0
2025-08-06,-0.0016103066955946892,1.7049053150219602,60,60,up,low,1.0
2025-08-07,-0.00037574843593567923,1.7042646995164223,60,60,up,low,1.0
2025-08-08,0.0016089897409100307,1.7070068439337391,60,60,up,low,1.0
2025-08-11,-0.003440305299690696,1.7011342192419454,60,60,up,low,1.0
2025-08-12,0.013434917942609557,1.7239888178868263,60,60,up,low,1.0
2025-08-13,0.013701741185164764,1.7476104664756298,60,60,up,low,1.0
2025-08-14,-0.006319273959254316,1.73656683716391,60,60,up,low,1.0
2025-08-15,-0.0021508440344333874,1.7328317527418011,60,60,up,low,1.0
2025-08-18,-0.0001624084764789758,1.732550326176844,60,60,up,low,1.0
2025-08-19,0.0041281270720521235,1.7397025140820275,60,60,up,low,1.0
2025-08-20,-0.00044573224811479494,1.7389270725693746,60,60,up,low,1.0
2025-08-21,-0.0031635085133714697,1.7334259619711694,60,60,up,low,1.0
2025-08-22,0.019203638540925983,1.7667140475823206,60,60,up,low,1.0
2025-08-25,-0.008001258538154537,1.7525781117246249,60,60,up,low,1.0
2025-08-26,0.0006585671682486785,1.7537323021287978,60,60,up,low,1.0
2025-08-27,0.0033188657948682457,1.7595527042796886,60,60,up,low,1.0
2025-08-28,-0.00023521916571140881,1.7591388237605625,60,60,up,low,1.0
2025-08-29,-0.0014643396368370723,1.756562847054231,60,60,up,low,1.0
2025-09-01,0.0,1.756562847054231,60,60,up,low,1.0
2025-09-02,-0.007505421578996944,1.743379102357086,60,60,up,low,1.0
2025-09-03,-0.001753978747705335,1.740321252462358,60,60,up,low,1.0
2025-09-04,0.00699359018557102,1.7524923460933195,60,60,up,low,1.0
2025-09-05,0.0007967257227726004,1.753888601824414,60,60,up,low,1.0
2025-09-08,0.00013492019983982846,1.7541252368250688,60,60,up,low,1.0
2025-09-09,-0.002612049999287517,1.7495433740014696,60,60,up,low,1.0
2025-09-10,-0.0021095021928718427,1.745852708417489,60,60,up,low,1.0
2025-09-11,0.015195927865750724,1.7723825602388268,60,60,up,low,1.0
2025-09-12,-0.007634903002272976,1.758850591308483,60,60,up,low,1.0
2025-09-15,-0.002501930962403967,1.754450068555846,60,60,up,low,1.0
2025-09-16,-0.0020419863291149926,1.75086750550074,60,60,up,low,1.0
2025-09-17,0.0015590863007980012,1.7535972590430786,60,60,up,low,1.0
2025-09-18,0.006235494110028791,1.7645318044232046,60,60,up,low,1.0
2025-09-19,-0.0020952428723235708,1.7608346817369986,60,60,up,low,1.0
2025-09-22,0.0005889511668058147,1.7618717273773599,60,60,up,low,1.0
2025-09-23,0.0008479669080521771,1.7633657362984085,60,60,up,low,1.0
2025-09-24,-0.001930471961292169,1.759961608186981,60,60,up,low,1.0
2025-09-25,-0.008283619376320337,1.7453827561078235,60,60,up,low,1.0
2025-09-26,0.010209961739776608,1.7632030472689502,60,60,up,low,1.0
2025-09-29,0.00349601928457705,1.7693672391248274,60,60,up,low,1.0
2025-09-30,0.002483778161326435,1.7737619548327321,60,60,up,low,1.0
2025-10-01,0.001612379813076969,1.7766219328019084,60,60,up,low,1.0
2025-10-02,0.0024933756892704787,1.7810517187381814,60,60,up,low,1.0
2025-10-03,0.00356694182745427,1.7874046266106078,60,60,up,low,1.0
2025-10-06,-0.00042536484846564796,1.7866443275124628,60,60,up,low,1.0
2025-10-07,-0.004546390031518704,1.7785215455519907,60,60,up,low,1.0
2025-10-08,0.003334071644612214,1.7844512638063474,60,60,up,low,1.0
2025-10-09,-0.00809567880834777,1.770004919525421,60,60,up,low,1.0
2025-10-10,-0.022515633043165787,1.7301521382727885,60,60,neutral,low,0.6
2025-10-13,0.010526845741214813,1.7483651829412192,60,60,up,low,1.0
2025-10-14,0.00845837475016688,1.7631535108586802,60,60,up,low,1.0
2025-10-15,0.0012394003775177541,1.7653387639856604,60,60,up,low,1.0
2025-10-16,-0.009051441815028705,1.7493599028796294,60,60,neutral,low,0.6
2025-10-17,0.004992252025989763,1.7580931483989655,60,60,neutral,low,0.6
2025-10-20,0.01008690094345123,1.7758268598362261,60,60,up,low,1.0
2025-10-21,0.004938798929113999,1.7845973116298772,60,60,up,low,1.0
2025-10-22,-0.005093129167642207,1.7755081270095194,60,60,up,low,1.0
2025-10-23,0.004722383632686604,1.7838927575282113,60,60,up,low,1.0
2025-10-24,0.002322306078538215,1.7880355025224794,60,60,up,low,1.0
2025-10-27,0.0050567092633904106,1.7970770782113559,60,60,up,low,1.0
2025-10-28,-0.009098198795694146,1.7807269137026036,60,60,up,low,1.0
2025-10-29,-0.012023274747698598,1.7593167447685358,60,60,up,low,1.0
2025-10-30,-0.003656261633676966,1.7528842224531533,60,60,up,low,1.0
2025-10-31,0.002233674089549436,1.756799594522827,60,60,up,low,1.0
2025-11-03,-0.003305907683789953,1.750991777244415,60,60,up,low,1.0
2025-11-04,-0.006254309185852578,1.740040533287643,60,60,up,low,1.0
2025-11-05,0.005569936040321214,1.7497324477656215,60,60,neutral,low,0.6
2025-11-06,-0.007912573150165601,1.7358875617794578,60,60,neutral,low,0.6
2025-11-07,0.009095067047350676,1.751675575540504,60,60,up,low,1.0
2025-11-10,0.004734977376611482,1.7599697197618511,60,60,up,low,1.0
2025-11-11,0.005967675980476872,1.7704726487848408,60,60,up,low,1.0
2025-11-12,0.002008460078223667,1.7740285724195122,60,60,up,low,1.0
2025-11-13,-0.01177125884900742,1.753146022888027,60,60,up,low,1.0
2025-11-14,-0.0036033895268047676,1.7468287548701928,60,60,down,low,0.3
2025-11-17,-0.013655914835176924,1.7229742101620473,60,60,down,low,0.3
2025-11-18,-0.0002628161688281893,1.7225213846811427,60,60,down,low,0.3
2025-11-19,-0.0030394882065791933,1.717285801246824,60,60,down,low,0.3
2025-11-20,-0.011645038000255705,1.697287942834005,60,60,down,low,0.3
2025-11-21,0.01961409586994267,1.730578711263649,60,60,down,low,0.3
2025-11-24,0.0038769235229178466,1.737288032577608,60,60,neutral,low,0.6
2025-11-25,0.014409591507083245,1.7623216434571958,60,60,up,low,1.0
2025-11-26,0.006201865038149598,1.7732513244437274,60,60,up,low,1.0
2025-11-27,0.0,1.7732513244437274,60,60,up,low,1.0
2025-11-28,0.005133954410552249,1.7823551159018727,60,60,up,low,1.0
2025-12-01,-0.006584708292844835,1.7706188273893992,60,60,up,low,1.0
2025-12-02,-0.00021016283918838524,1.7702467091095146,60,60,up,low,1.0
2025-12-03,0.007993880520978635,1.7843978497947919,60,60,up,low,1.0
2025-12-04,0.00030320394638842313,1.7849388862647766,60,60,neutral,low,0.6
2025-12-05,0.0013808150961628566,1.7874035568246593,60,60,up,low,1.0
2025-12-08,-0.006026827123022192,1.7766311845886023,60,60,up,low,1.0
2025-12-09,-0.0021610436790606914,1.772791806997125,60,60,up,low,1.0
2025-12-10,0.012874814000295153,1.7956161717734602,60,60,up,low,1.0
2025-12-11,0.008079728579308984,1.8101242630740078,60,60,up,low,1.0
2025-12-12,-0.005617440193628643,1.7999559982831534,60,60,up,low,1.0
2025-12-15,0.00013696263440803763,1.800202524998497,60,60,up,low,1.0
2025-12-16,-0.006776832913379085,1.788002853276339,60,60,up,low,1.0
2025-12-17,-0.002826527247790737,1.7829490144924258,60,60,up,low,1.0
2025-12-18,0.0018357604622798178,1.7862220817994918,60,60,up,low,1.0
2025-12-19,0.003074210825420132,1.791713305059964,60,60,up,low,1.0
2025-12-22,0.007424640933615867,1.8050161330060164,60,60,up,low,1.0
2025-12-23,-0.002497989914563746,1.8005072209101425,60,60,up,low,1.0
2025-12-24,0.003688074610678754,1.8071476258779249,60,60,up,low,1.0
2025-12-25,0.0,1.8071476258779249,60,60,up,low,1.0
2025-12-26,0.00015109818670555177,1.807420682607304,60,60,up,low,1.0
2025-12-29,-0.00186643069448727,1.8040472571674346,60,60,up,low,1.0
2025-12-30,-0.0014475803618344703,1.8014357537861378,60,60,up,low,1.0
2025-12-31,-0.008804055490480866,1.7855758134472683,60,60,neutral,low,0.6
2026-01-01,0.0,1.7855758134472683,60,60,up,low,1.0
2026-01-02,0.006581621745762505,1.7973277980497606,60,60,up,low,1.0
2026-01-05,0.00933289858388701,1.8141020761109599,60,60,up,low,1.0
2026-01-06,0.011298475908760685,1.8345986647139323,60,60,up,low,1.0
2026-01-07,-0.011101414256133653,1.8142320249431934,60,60,up,low,1.0
2026-01-08,0.00897805116549838,1.8305202928892192,60,60,up,low,1.0
2026-01-09,0.005027098924435805,1.8397224994847607,60,60,up,low,1.0
2026-01-12,0.00045279238694657985,1.840555511826622,60,60,up,low,1.0
2026-01-13,0.0001160806838956224,1.8407691647691826,60,60,up,low,1.0
2026-01-14,0.003757796224855611,1.847686400187383,60,60,up,low,1.0
2026-01-15,0.00435536557370443,1.8557337499257611,60,60,up,low,1.0
2026-01-16,-0.0031411534771846527,1.8499046054044528,60,60,up,low,1.0
2026-01-19,0.0,1.8499046054044528,60,60,up,low,1.0
2026-01-20,-0.015422927366936361,1.8213736610395388,60,60,up,low,1.0
2026-01-21,0.0,1.8213736610395388,60,60,up,low,1.0
