date,total_pnl,gross_exposure,net_exposure
2021-01-27,0.0,0.9789372725697847,-0.006348879409207101
2021-01-28,0.01056167685281742,0.9809574982664291,0.004323624720504193
2021-01-29,0.0075324273001849745,0.987783564750609,0.0018440528706198593
2021-02-01,-0.003023909450031696,0.9911478954832523,0.0038744962808711344
2021-02-02,-0.017512118183080502,0.9739472043782094,0.00035716859683279173
2021-02-03,-0.001007585024819505,0.9693637529904753,0.002867516290141697
2021-02-04,-0.00250999264139059,0.9763880095167743,0.001983330574239061
2021-02-05,-2.7438405318572065e-05,0.9490946741498067,-7.233122811651767e-05
2021-02-08,-0.00519658452399962,0.9614886109262099,-0.0015151352400941014
2021-02-09,-0.00950257557723605,0.9562330314273191,-0.0006716522765063552
2021-02-10,-0.0003875260483630974,0.9489274798918815,-0.0015214031240854873
2021-02-11,-0.0022612828795823686,0.9321862849874558,-0.0007087839064943403
2021-02-12,0.004913891793413424,0.9415532021520899,0.0016553898313499617
2021-02-15,0.0,0.9400942244106683,0.0014229895373563126
2021-02-16,0.0027137751854277893,0.9299652724760465,-0.001751030599171335
2021-02-17,0.0050776623797197384,0.9366438220693114,0.002495446263383907
2021-02-18,-0.005430446738262125,0.9641772081480816,-0.0016380250213629808
2021-02-19,0.008047582944317597,0.9674384816796259,-0.0013241329841764912
2021-02-22,-0.006086093594294857,0.962260843979281,-0.0006671928584238427
2021-02-23,0.0007797569804650602,0.9630502141940351,-0.0006582601529539101
2021-02-24,-0.0101274413453704,0.9266483442797206,0.0013978342869821504
2021-02-25,-0.007409942661796067,0.9336749991786399,0.0010945183388228127
2021-02-26,-0.0030812127256778614,0.919371113046432,0.0008824623984721811
2021-03-01,0.0039700782517706045,0.9280231840195086,0.001142204739595071
2021-03-02,-0.003248274380889007,0.9365129273362116,0.0006974874774005873
2021-03-03,-0.004648857849037608,0.9310238965093489,0.0005096430923975939
2021-03-04,0.0025461861357013987,0.942297302069196,0.001171595305788183
2021-03-05,0.0006565544513253661,0.964631846379192,-7.336420497029011e-05
2021-03-08,0.0027683297586198713,0.971230145729079,0.000663048572387009
2021-03-09,0.003936014693713866,0.9715830276386027,-0.0007247530433622451
2021-03-10,0.00015222933945550104,0.9524467718130406,-0.00038159949993080405
2021-03-11,-0.0008319779424657801,0.9559123283931388,-0.0008624310757113377
2021-03-12,-0.003345822010719826,0.9447658643975909,0.00029092383514463856
2021-03-15,-0.0012241851375296015,0.9488407440733169,-0.0007809835890886982
2021-03-16,-0.004419653484717421,0.9582714537196477,-0.0005311206274695598
2021-03-17,0.004786128783655419,0.9541612519162986,0.0007682389712287963
2021-03-18,-0.00218046434653291,0.9482881578291571,0.00010649933031444975
2021-03-19,-0.006998478388258969,0.9566451922643446,0.0003187027214730416
2021-03-22,-0.00851136409463038,0.9477559126026307,-0.0001810881738536418
2021-03-23,-0.005672580593917771,0.946324512793334,0.0001722992254214069
2021-03-24,0.0012599574733977584,0.9528496593732376,-0.00015672000952032632
2021-03-25,-0.0004810884424544062,0.9549441584308466,0.0007990355009528641
2021-03-26,0.009749899716408814,0.9579934188238874,0.0006885727789261472
2021-03-29,-0.00239865335203672,0.9655489199107425,9.625977456494345e-05
2021-03-30,0.058925708285308964,0.9648586687365535,-0.0002603111025987429
2021-03-31,0.0415372443577966,0.9748961612933787,-0.00030134970130322666
2021-04-01,0.054173532180997866,0.9887138552024897,0.00028390030910768
2021-04-02,0.0,0.9600373517620683,-0.00013342035090404744
2021-04-05,0.05313465135700618,0.9671934119490725,0.00037716923461065567
2021-04-06,0.036760296553739025,0.9405933649854264,-0.00017768192158519602
2021-04-07,0.062585528632222,0.950050808514203,0.0005261811867021344
2021-04-08,0.054387928484247006,0.9168513207803921,0.0004505289889086988
2021-04-09,0.06716973778413987,0.9202002245277305,0.00040821596639729093
2021-04-12,0.07501010356221682,0.9151922603458309,-2.1914008242093254e-05
2021-04-13,0.05215642555864819,0.9306556017677923,0.0005818285889785078
2021-04-14,0.09723173304045596,0.9041593119151803,0.0003702685009846045
2021-04-15,0.06679728872073715,0.8892048554356594,-0.00034899622599627016
2021-04-16,0.058965872908642136,0.8846854371684789,3.398215362792169e-05
2021-04-19,0.06216000611983516,0.913697118141153,-0.00012552425775690942
2021-04-20,0.06991986359333356,1.0746375093299814,0.00022247577763524643
2021-04-21,0.0877726497717945,1.1297566390024683,0.0004870140832300303
2021-04-22,0.0418872263250385,1.237664768320443,-3.5202886563855443e-06
2021-04-23,0.038123749714264375,1.2723288466529614,0.0008395464856375409
2021-04-26,0.02597141158055638,1.2861381608501055,-9.225962792422599e-05
2021-04-27,0.05247060837367875,1.3490653772393664,1.021919805692758e-05
2021-04-28,0.035830244721491517,1.3809855558135489,5.73466657812486e-06
2021-04-29,0.03162734500888886,1.397494701961385,0.0008815209641084363
2021-04-30,0.06851769070639668,1.418897071818935,-7.522777804758055e-05
2021-05-03,0.05297835562583142,1.4347155684416406,-1.6782699859579486e-05
2021-05-04,0.006777190044711251,1.4780976242773634,-0.0001989092818768302
2021-05-05,0.04379302707735569,1.456365119904164,0.00012274715251130972
2021-05-06,0.030080780387325534,1.4620969392822327,0.00011731451870029656
2021-05-07,0.0429088565803184,1.477653977888604,-7.257609154447207e-05
2021-05-10,0.05590140843314134,1.470468877160206,-2.239150465769245e-05
2021-05-11,0.05390499611882654,1.4617376860453912,-0.0002698305153264664
2021-05-12,0.04834265927187618,1.4750330869267123,-0.00021740607665109656
2021-05-13,0.0382851178217507,1.4686649276522998,-6.474082796540954e-05
2021-05-14,0.08330537673182248,1.484520282322083,-0.000170784934424586
2021-05-17,0.06942076094675942,1.4816153608888243,-0.0001942128210404647
2021-05-18,0.08879580852863488,1.5071290805238469,-3.6034102672169704e-05
2021-05-19,0.09808426762390754,1.5318103602858812,0.00014181478183496264
2021-05-20,0.1298391612799321,1.5424389899025674,-7.521514025514518e-05
2021-05-21,0.13013781573244942,1.5264078678133064,-4.731648542067191e-05
2021-05-24,0.1302483727265351,1.5316985497607294,-0.00017611791902941328
2021-05-25,0.1679763420802819,1.523474793540414,-4.8193288106175396e-05
2021-05-26,0.1500697679971139,1.5518438825527165,-7.684785543711492e-05
2021-05-27,0.16318878221518612,1.559189595966151,0.0007410948905998995
2021-05-28,0.14074237021430785,1.582993794540489,0.00011044781366268803
2021-05-31,0.0,1.678164574387337,0.0003303714745217141
2021-06-01,0.15217879083080543,1.963666678397193,-6.376279939827092e-05
2021-06-02,0.13448970245385622,1.999999882103354,0.0005397977453719407
2021-06-03,0.13507421598581246,2.0000005114523276,-0.005143260309993757
2021-06-04,0.14630698070673054,2.0000002739792504,-0.008461038326649696
2021-06-07,0.1524316762276897,1.9999974692396925,-0.0052153217805331
2021-06-08,0.19544060305739663,2.0000001204839357,-0.013145682143376894
2021-06-09,0.15459753270874016,2.0000024325794863,-0.012654339302338797
2021-06-10,0.13126667957269605,2.000003339209316,-0.013008337657562838
2021-06-11,0.19226095226686554,2.0000000091193497,-0.011575093411840976
2021-06-14,0.1204164254923891,2.000005118556186,-0.011214449013581589
2021-06-15,0.20877584615193756,2.0000003808843023,-0.0034787538856860625
2021-06-16,0.1758994159703693,2.000015025363646,-0.044282504118465765
2021-06-17,0.14196830855300652,2.000005802775698,-0.013573317664628645
2021-06-18,0.15066197607270848,2.0000018243772977,-0.018332141275728627
2021-06-21,0.18824689833659852,2.0000018408214144,0.015295283173201248
2021-06-22,0.15382432188066675,2.00000021826189,-0.011090991406765867
2021-06-23,0.16800036600704107,2.0000095601557297,-0.0007995662825759902
2021-06-24,0.18508656969056533,2.0000095011361783,-0.0371764531732868
2021-06-25,0.2700865748098085,2.000007590273825,-0.017124393098753382
2021-06-28,0.1447987655860398,2.0000006336210223,-0.02828397675897303
2021-06-29,0.1897177037386102,2.000008632076516,-0.05560633168325209
2021-06-30,0.18538827987344217,2.000014018565202,-0.052725355313271965
2021-07-01,0.2850963823022438,2.0000118135432445,-0.028489943984679515
2021-07-02,0.24497905719345373,2.000001667651195,-0.0390961773093905
2021-07-05,0.0,2.0000056767707024,-0.01728828281321931
2021-07-06,0.18510348143661218,2.0000007823509103,0.006213192966131306
2021-07-07,0.19637633464051937,2.000002732420964,-0.02994178917916702
2021-07-08,0.19663141067178672,2.0000061132546563,-0.006534140855687012
2021-07-09,0.14654768170593555,2.000000300438366,-0.004256043934083642
2021-07-12,0.18147517635452712,2.000006864180437,0.00475831845585859
2021-07-13,0.19577970264935762,2.000000682413649,-0.004284681699779007
2021-07-14,0.17218700620492977,2.0000014240599118,-0.02462290249493466
2021-07-15,0.20041379238641724,1.999994645652862,-0.014646746280389583
2021-07-16,0.27724945205873086,2.0000097794577103,-0.017155174439113557
2021-07-19,0.2394423525165687,2.0000086522216476,-0.027434616257493608
2021-07-20,0.17778799671015572,2.000001575463534,0.010239135849882793
2021-07-21,0.1453633856030599,2.0000084989540934,-0.0033976766585497014
2021-07-22,0.27550313839538576,2.0000036689261895,-0.017271660233213547
2021-07-23,0.17968321408426682,2.0000000635170236,-0.008791024601193204
2021-07-26,0.11245145738911848,1.9999993165124552,0.0073678754896386745
2021-07-27,0.1342358645209708,1.999997479622423,0.006669088854955014
2021-07-28,0.15230046699538852,2.000004516758008,0.019042217178192926
2021-07-29,0.13242959023496,2.0000035185664156,0.020061252569581283
2021-07-30,0.20232233693306031,2.0000086974835707,0.015530468630319283
2021-08-02,0.22121527587171813,2.0000000735253787,0.0276018437643
2021-08-03,0.15701264265507908,2.0000050661234092,0.006954610739705112
2021-08-04,0.13792414158801644,2.000005693575655,0.0030287459894133787
2021-08-05,0.16279469403845745,2.00000731411171,0.008908444757840889
2021-08-06,0.13429710232462228,2.0000035621448555,0.004438346770293448
2021-08-09,0.15191259850495736,2.000006296359305,0.0012027328697238144
2021-08-10,0.15921678818692547,1.9999985116028531,0.003713451189980594
2021-08-11,0.14902163234021804,2.0000005238334246,0.008196283993685433
2021-08-12,0.18219773588803584,2.0000039882989293,0.0026604791933033996
2021-08-13,0.09195244012719889,2.0000026480855384,0.01527376874525001
2021-08-16,0.10696383338004622,2.0000000868319048,0.019990201330554562
2021-08-17,0.13842802993180114,2.0000134483623584,0.018152706085291022
2021-08-18,0.21298630714066574,2.0000001706598534,0.0086278792114729
2021-08-19,0.12133225085869519,2.000021449679248,-0.010390484449860488
2021-08-20,0.12759802846960164,2.000000633573177,-0.012948796160777052
2021-08-23,0.09943237592770651,2.000006995264287,0.0028825644916084785
2021-08-24,0.08515242129353631,2.000000981360203,0.008953716551622554
2021-08-25,0.06997209695415785,2.000001180270267,0.01699849790846092
2021-08-26,0.08994356207480955,2.0000016712565136,0.012486525776378363
2021-08-27,0.08178765380848303,2.0000035064207866,0.03408646736100664
2021-08-30,0.11945030970524621,2.0000032718484877,0.027354014606573114
2021-08-31,0.08997952339315024,2.0000001239423195,0.005004705939921659
2021-09-01,0.0947126848553236,2.000003052541895,0.007777577691358481
2021-09-02,0.07573004200253382,2.000007269334306,0.009543914845012004
2021-09-03,0.07432440129829077,2.000005295385296,-0.004307579542245397
2021-09-06,0.0,2.0000003085225915,-0.011090781451823285
2021-09-07,0.04867445503630325,1.9999992899803085,-0.006777962448018648
2021-09-08,0.030191630712807446,2.000002876740467,-0.00014136400020732705
2021-09-09,0.09213786809435624,1.9999959348984646,-0.002949315314928178
2021-09-10,0.10753429727344972,2.0000000905516995,0.009018160816561288
2021-09-13,0.11635825059651185,1.999996969412805,0.014466593314283328
2021-09-14,0.10597778898196845,2.0000045915332123,0.017663546061292654
2021-09-15,0.1399524805259865,2.000002239491601,0.002213061933609736
2021-09-16,0.13208123702960667,1.9999979504894692,-0.002000194574419206
2021-09-17,0.14711541841825237,2.3390099951582037,4.970103810800208e-08
2021-09-20,0.1302060741541362,2.000006624686688,-0.009886777237172769
2021-09-21,0.12240309992237482,2.0000031643599754,0.006673065992459684
2021-09-22,0.10810239470481425,2.000010790049311,0.008008094862511148
2021-09-23,0.11113571131363686,2.0000008521925845,0.01666818230466982
2021-09-24,0.07749870501465694,2.0000017012609086,0.0017239085031030823
2021-09-27,0.038339613971295664,2.0000066900288878,0.005938690604693264
2021-09-28,0.08588115449345157,2.000000179550204,0.008448749396912276
2021-09-29,0.11701301022024799,2.000000049534684,0.0041555548657372186
2021-09-30,0.10058449615444742,2.00000356199714,-0.00872885026284468
2021-10-01,0.1346274305731131,2.0000049975007888,0.006581056246258106
2021-10-04,0.0579947058137912,2.000005112006414,0.01100617603156408
2021-10-05,0.12147693747447363,1.999999465801738,0.009977214427787998
2021-10-06,0.15833804768345555,1.9999982775026575,-4.3384877673898446e-05
2021-10-07,0.14105206075206755,2.000000070197222,-0.0022348594222831586
2021-10-08,0.08824930727154298,2.00000187163958,0.007556266695045475
2021-10-11,0.10701379646040036,2.0000025576187213,0.014556083830472764
2021-10-12,0.1411711507229138,1.9999970897074582,0.0049742161563444565
2021-10-13,0.11069245714523153,2.0000023239839297,0.0012879991731665377
2021-10-14,0.08962909335071612,2.0000000690111506,-0.0022540400863728357
2021-10-15,0.11490946077444236,2.0000049907845114,-0.004500484429328785
2021-10-18,0.12658361410875768,2.000002690710482,-0.004260691164320376
2021-10-19,0.11297306574495647,2.00000070450775,0.014545951521961994
2021-10-20,0.1011363937600921,2.0000009373141694,0.002233193235328228
2021-10-21,0.13682787178873632,2.000004442389037,6.671775197605694e-05
2021-10-22,0.10755557446524923,2.0000098766799477,0.0010513099535333983
2021-10-25,0.1346656137462406,2.0000091695696587,-0.008488210365947541
2021-10-26,0.09189120320016064,2.00000239267181,-0.009608060277732028
2021-10-27,0.08987088803528119,2.000006448827108,-0.012335536586594899
2021-10-28,0.21905420969046047,1.9999990542803783,-0.0008749761472298984
2021-10-29,0.22339406024606623,1.999999514926063,0.003517106099569207
2021-11-01,0.1657207736677622,1.9999969149724586,-0.0034196064455314524
2021-11-02,0.14626152389083555,1.9999996426392137,0.0026318947375248117
2021-11-03,0.14752404010006517,1.9999978459331575,-0.012523634429116312
2021-11-04,0.14712926742866797,2.00000603094833,-0.018321580683441304
2021-11-05,0.12614486725730945,2.0000002209429293,-0.017705241223145637
2021-11-08,0.03570699191813448,2.0000012682693438,-0.008526562864778995
2021-11-09,0.07702463503875773,1.9999984980937844,0.00665488000768355
2021-11-10,0.10905962927001525,2.0000028638949177,-0.0037262754774939626
2021-11-11,0.126510730813588,2.000007423497239,-0.0034180514230742944
2021-11-12,0.06381545757925414,2.0000002617312678,-0.01313510304782326
2021-11-15,0.09551408584523487,2.0000080935459974,-0.016072522128920606
2021-11-16,0.07586021728819894,2.0000021050791514,-0.006303998258106933
2021-11-17,0.11745248223975319,2.000001169619514,0.012246393456114921
2021-11-18,0.12006397010482643,2.000000166857789,0.00036504764298254076
2021-11-19,0.08825584733026452,2.0000024889000487,0.001931885881062509
2021-11-22,0.1672385428081172,2.0000056291553765,-0.005710481252243917
2021-11-23,0.14105526262191287,2.000005203419172,0.002217330946407124
2021-11-24,0.08456520251980901,2.0000000024916416,0.00828585567551599
2021-11-25,0.0,2.0000008252319477,0.002421409358145573
2021-11-26,0.012576952271266859,1.9999967331116424,0.005375866536027624
2021-11-29,0.10720204097601202,2.000001876407437,0.01805664669770768
2021-11-30,0.053550993260448564,2.0000001131186744,0.0077731346315806655
2021-12-01,0.08181131815551279,2.0000013232386387,0.0019147322073234123
2021-12-02,0.06696276215831122,2.0000038065704366,0.003266175513544212
2021-12-03,0.07348935558229905,2.000003952874981,-0.003212387799188708
2021-12-06,0.1523945801843905,2.0000028072230145,-0.0005188536994720806
2021-12-07,0.07043144271869972,2.0000043462061696,0.0028039898225451173
2021-12-08,0.0963612915860799,1.9999996643551774,-0.002163927429165398
2021-12-09,0.11953049544928215,2.0000037191803783,0.004874561351459018
2021-12-10,0.10665115595279903,1.9999989071434363,0.0019999908244937798
2021-12-13,0.07202855715542261,1.9999990399656518,0.003911099422199303
2021-12-14,0.08569316396441787,2.0000000304976266,0.0044255499030936354
2021-12-15,0.0995076534508967,2.000000474051373,0.002289155571048313
2021-12-16,0.0963495265445175,1.9999999400428277,0.0032800405480955834
2021-12-17,0.1371132204161087,2.0000011189065328,8.123342430538949e-05
2021-12-20,0.13027341302988693,2.000002677700659,0.0006101724686941802
2021-12-21,0.13436503665124744,1.9999998995146777,0.0017810376066283089
2021-12-22,0.09538807814150563,2.000000349387448,0.0024637305105725746
2021-12-23,0.08083198856452556,1.999999762017283,0.00014791484175722314
2021-12-24,0.0,1.9999999288844132,0.0003540912959563848
2021-12-27,0.08243052057147242,2.0000016413861674,-0.00017568857601687416
2021-12-28,0.08510940502847009,2.0000001428042893,0.0005558163947695121
2021-12-29,0.10795860764533871,1.999997771514929,-0.0011951048752248945
2021-12-30,0.07866108506162572,2.0000011019823627,0.0002331249372415447
2021-12-31,0.07606467307912512,2.0000016068514603,0.00013324698199104496
2022-01-03,0.15956631825551915,1.9999978385341086,0.0019418281641143415
2022-01-04,0.07192991452881081,1.9829867971438941,0.00014918630553659488
2022-01-05,0.035683855571276846,1.9151244429112357,0.00013611389570831328
2022-01-06,0.030931484099134057,1.9565585166451875,-7.601696912281567e-05
2022-01-07,0.043786505454686875,1.9261785706374823,-0.00014725100528331647
2022-01-10,0.053771501229368024,1.8909159412318353,-6.571576862184113e-05
2022-01-11,0.06831402720667146,1.8895143318200476,-5.413847783858209e-06
2022-01-12,0.09834703621748485,1.8985937613423518,1.7115490866494425e-05
2022-01-13,0.04966862810331141,1.8310587881190874,-0.00013760997738418088
2022-01-14,0.07735049799067137,1.7858261095705557,5.623746933909645e-05
2022-01-17,0.0,1.777208903136784,0.00017520678487337174
2022-01-18,0.0737604988496301,1.7710448830440189,-3.801084206274483e-05
2022-01-19,0.11195263688794632,1.7499015434931646,-0.00013040055975728986
2022-01-20,0.12204902365177916,1.7427424340457274,-9.12963187519834e-05
2022-01-21,0.09294795116509565,1.7416260718799061,-0.0004983184177818647
2022-01-24,0.048965893176846714,1.7619333741301073,-0.0007214494997367246
2022-01-25,0.07190979927008784,1.737333674851119,-0.00017297914669860544
2022-01-26,0.06910621362718472,1.7421455374767052,0.00022522566328448974
2022-01-27,0.024780100220738878,1.7313172155463294,-0.00032124826942375164
2022-01-28,0.07746602874873787,1.69176457120809,6.565449746212971e-06
2022-01-31,0.05353971576675998,1.632915144230596,7.356694338887977e-05
2022-02-01,0.03865606321718637,1.6320581631525344,0.00010114916933759866
2022-02-02,0.047636593292985197,1.6349629003858759,1.655144617983403e-05
2022-02-03,0.018958824130058782,1.587598018497952,-9.74387138598029e-06
2022-02-04,0.014885075800731062,1.5849644891382775,-5.21976235289337e-06
2022-02-07,0.06176467654244533,1.5629680270700492,0.00011228986624569649
2022-02-08,0.03997261907820926,1.5637802375132102,0.0001419718941917088
2022-02-09,0.01686981480196975,1.5564753615179616,0.00022674779018556825
2022-02-10,0.032563497503726446,1.5679161427070993,-1.075176544293021e-05
2022-02-11,0.012916507439446348,1.5595155533696272,2.5006523218509477e-05
2022-02-14,0.07950822638921234,1.5520254100645914,-2.43293075321619e-05
2022-02-15,0.06870861478016188,1.5497281899133406,-7.133325195363827e-05
2022-02-16,0.05379962368172847,1.544786587389902,6.746498808618876e-05
2022-02-17,0.057467774867691224,1.557436812620825,9.233445444170965e-05
2022-02-18,0.06501488759198182,1.5543153233471358,-2.9600179153651835e-05
2022-02-21,0.0,1.5500887195085316,-6.23204052507089e-05
2022-02-22,0.05376579346417998,1.5543590884631304,2.1446537446672938e-05
2022-02-23,0.07156197635749079,1.553893762517752,0.00018309817209734134
2022-02-24,0.023066326340501098,1.5584445707949173,-0.0033218807798432773
2022-02-25,0.04216887603958399,1.5496771818878625,0.0002514153297762675
2022-02-28,0.048789388161974756,1.5616669590492736,0.00014191661616525647
2022-03-01,0.024129652047555336,1.605484395053455,9.931943870353146e-05
2022-03-02,0.055151809876062274,1.574090422977312,0.0002335232090102668
2022-03-03,0.04155492113123676,1.5739577239541236,0.0003908473059414802
2022-03-04,0.022627806870373954,1.5510276314755744,0.00041586301178862285
2022-03-07,0.03278775635721226,1.5230774910204152,0.001327236209936345
2022-03-08,0.06293502708803089,1.4918211827509946,-9.246858708813685e-05
2022-03-09,0.05812993744246453,1.458073069279507,0.0002113925147431547
2022-03-10,0.060508558100591456,1.4385014473087265,0.0006493129564620818
2022-03-11,0.056219269174560216,1.4413089417161788,0.0004690413881941794
2022-03-14,0.05431841340501544,1.4236973158649187,0.0004041138351349085
2022-03-15,0.056651494854839134,1.4152394814242948,0.0005150183494492062
2022-03-16,0.08346718426829058,1.3512738324423488,-0.0010090987854997943
2022-03-17,0.04012057444066051,1.3383903880522874,-0.0014855986727032068
2022-03-18,0.05068159484249107,1.3292592036726472,-0.0012238487958113901
2022-03-21,0.057111863021256204,1.2986026392768157,-0.000708237814356829
2022-03-22,0.060190914893284236,1.2937254115835344,-0.0005543537063281381
2022-03-23,0.054909978122934466,1.2997139963135032,0.0003745551681299707
2022-03-24,0.07068821684594565,1.2970370473121875,0.00047424894731842816
2022-03-25,0.07017029853581248,1.2923244439411858,-0.0001623784854471492
2022-03-28,0.03769060787929124,1.2927204112002064,0.0003973905082442429
2022-03-29,0.03317370100501188,1.2866318834439738,0.00021298801570329088
2022-03-30,0.045588529245989835,1.2936271861698567,-0.00047804648867434446
2022-03-31,0.03976329877737397,1.2585942494302962,0.00020436686516083088
2022-04-01,0.04795930868335818,1.2539348131794923,-0.0002714568348795428
2022-04-04,0.046093215365512585,1.2268426045945717,-0.0008708415109760756
2022-04-05,0.04774238393303101,1.2331076251294166,0.0004800679626859985
2022-04-06,0.0535476728547688,1.2355198245207974,-0.00031443530170572817
2022-04-07,0.03087423776460252,1.242444170402054,1.8956756280916892e-05
2022-04-08,0.044854110885230725,1.2694266053359062,-0.00019867750568586685
2022-04-11,0.06831692488676833,1.2898467873214836,0.00028570234019009537
2022-04-12,0.06726323671039225,1.286878419170207,0.0004587491927054814
2022-04-13,0.05665988121087723,1.3005348322164185,0.0003221699227316287
2022-04-14,0.08251377281230687,1.3004141817150265,0.0001680781261590705
2022-04-15,0.0,1.3035691075510354,0.00010325370757235768
2022-04-18,0.05025281519257341,1.2962698780474664,0.00017201618671805648
2022-04-19,0.038671987671893615,1.3081632215885803,9.083608074240707e-07
2022-04-20,0.02829459125155953,1.318217378792289,-1.511551824820846e-05
2022-04-21,0.034882804388756225,1.3425837003827485,-8.104394586876291e-05
2022-04-22,0.03894372916201483,1.3359206450874292,0.00012052699796528347
2022-04-25,0.03158811572424858,1.4136863988597486,0.0002288013042158572
2022-04-26,0.038689887544795465,1.4272576813217244,0.00015184662418313592
2022-04-27,0.06578718539809447,1.456298269627434,0.00018339655949283634
2022-04-28,0.06967125687570941,1.481709646280503,0.00021193388669001056
2022-04-29,0.061343444100447675,1.4833041053100549,0.0003667029085057446
2022-05-02,0.07171935451216527,1.4678187708816492,0.00020816194836769351
2022-05-03,0.05947193543134821,1.4672500454828459,0.00022933048556602817
2022-05-04,0.026091216624272384,1.4937757757651933,0.00022101002271399453
2022-05-05,0.014162917901847871,1.4494126274836878,0.00025422197458429933
2022-05-06,-0.005395565395045945,1.4654021450061698,0.00022100193200712444
2022-05-09,0.0011036632376664026,1.4405730847612128,-0.0009160707739860096
2022-05-10,0.02612250410682848,1.4541017553121671,0.0003600920124626995
2022-05-11,0.014646553583411048,1.4623020606357082,-3.7404488706556556e-05
2022-05-12,-0.010227188759030947,1.437890127301636,0.00025342228896618074
2022-05-13,0.029870595629705315,1.4367711078081702,0.00023346637574272197
2022-05-16,0.0039371128862186935,1.4409328148127152,0.0008679329462690281
2022-05-17,0.01813464497089544,1.431992472596523,0.0003260264685937303
2022-05-18,0.018658061078833683,1.44249100977217,0.00023519455055787662
2022-05-19,0.027522481369314497,1.4384291348693765,0.00046440668843775743
2022-05-20,-0.0035324118306598318,1.4186757146558155,0.00039301593454230967
2022-05-23,0.005677759950075191,1.4118666681772059,0.0012671316498905922
2022-05-24,-0.0048713688831980425,1.4050130398707266,0.0004673109340490554
2022-05-25,0.024663008716716756,1.4087416811449898,-0.000154560340401099
2022-05-26,0.03926384602987454,1.3982587222135705,0.0004322085553456162
2022-05-27,0.03614661364357556,1.4322025139202164,0.0010033474392510235
2022-05-30,0.0,1.4328697258179761,0.0008999673174185128
2022-05-31,0.03493687746278042,1.4459235776278327,0.0005132700557846346
2022-06-01,0.04593827585151132,1.5183151251100553,-0.0011629090910999667
2022-06-02,0.07169074015997251,1.5443707150801136,-0.000595516899475579
2022-06-03,0.0671461990801247,1.538544509367257,-0.0014188724929478083
2022-06-06,0.07226577532549516,1.5208101212361265,0.0012280920150163676
2022-06-07,0.09090629409992751,1.527885275374103,-0.000526407897261285
2022-06-08,0.09156830089349732,1.7670171493887104,0.0009187516546606258
2022-06-09,0.09375188686840774,1.781772587080976,0.0007756951439605599
2022-06-10,0.08462839020044632,1.8464739337469585,-8.455231391915966e-05
2022-06-13,0.10263362642428264,1.8836597865211786,4.8912535614652804e-05
2022-06-14,0.08219837064175595,1.898799793494491,-0.0003491281102430458
2022-06-15,0.09022490526306663,1.9047992480135096,0.00024259543346319109
2022-06-16,0.12619674216266535,1.8789897899817778,0.00031742518062873124
2022-06-17,0.1198887780173401,1.8709732727802113,0.00037373345436594006
2022-06-20,0.0,1.8681780310228238,0.0005175756543151749
2022-06-21,0.12501493031825506,1.9098286239249995,0.0001656086751011714
2022-06-22,0.1713630948099336,1.9190878804738087,-0.0005037480929161366
2022-06-23,0.13404744972283744,1.942445805830562,-0.00014258789468105017
2022-06-24,0.08044370508443462,1.9250807649380879,0.00047055474130589545
2022-06-27,0.07902263168764269,1.903661814323866,0.0016110083684850627
2022-06-28,0.04571883406636332,1.9071417243932782,0.0012251026707861996
2022-06-29,0.022599853965382888,1.897543205540814,6.091179301173123e-05
2022-06-30,0.03424227694895256,1.9206234349190485,-9.733225404457639e-05
2022-07-01,0.03823582906126814,1.9112638585592205,-0.000921679734890146
2022-07-04,0.0,1.906392871116362,9.286584970834549e-05
2022-07-05,0.08259744005610564,1.9115865650287582,0.0002312690466931039
2022-07-06,0.0723026454410789,1.9217467782052036,-8.334044857825733e-05
2022-07-07,0.09323920780546435,1.9115680694764698,-6.485333953820845e-06
2022-07-08,0.10304855017009246,1.9189850196030935,2.143346689763878e-05
2022-07-11,0.09424385623289397,1.8942838095005263,-0.0014318242891047423
2022-07-12,0.1545330861214217,1.8642183071373544,0.0009618223119789598
2022-07-13,0.12028157648301341,1.8535839905695082,0.0006299841014409945
2022-07-14,0.1236823676917142,1.8486451572679656,0.0018546231779942523
2022-07-15,0.11902207407749721,1.8292809757994806,-7.286597150520709e-05
2022-07-18,0.11577141396573154,1.8294288308462647,-0.0001121656237481573
2022-07-19,0.1716019931948507,1.8110173052701848,-0.00011962066125582697
2022-07-20,0.16998566927243264,1.830592980425667,4.677057540066181e-05
2022-07-21,0.19424987277289318,1.8234704963263084,-5.570813969221246e-05
2022-07-22,0.12538539438279006,1.8238205983104,7.42778551059654e-05
2022-07-25,0.134009899440656,1.8210414885043702,-2.124748301260762e-05
2022-07-26,0.15070256227652706,1.8279108254987024,7.439325698547616e-05
2022-07-27,0.12721432311440167,1.8436748388107114,6.528476371824108e-05
2022-07-28,0.1453349402541536,1.8533778799296092,0.0007949590529127857
2022-07-29,0.09698360805613507,1.860145996687654,0.0002521060895209013
2022-08-01,0.14668602069547276,1.880208775326906,1.8327997765091308e-06
2022-08-02,0.11572875817729056,1.9074048559483683,6.602363089448001e-05
2022-08-03,0.13724817347703322,1.9155527902115994,-0.00013234664988528034
2022-08-04,0.11524319368938452,1.9496223749661206,-0.0001173955748199766
2022-08-05,0.09425914720490822,2.000002884708925,8.33707641661385e-05
2022-08-08,0.10836532385495162,2.0000010352368256,-0.0009664077739632028
2022-08-09,0.1330157878551364,1.9999996493854422,0.0021846822458158697
2022-08-10,0.14017549778591443,1.9999999843717373,-0.0023153370972983367
2022-08-11,0.11338027343161006,2.0000040672177546,0.006536526898079158
2022-08-12,0.1126573496667657,2.0000061359525745,-0.004086999925711466
2022-08-15,0.08758874773976483,2.000000652261469,-0.0024984293837389928
2022-08-16,0.01579915663731722,1.999997132060217,-0.015875219463149234
2022-08-17,-0.03162810097484392,2.000009182958691,-0.0083369269521706
2022-08-18,0.034822367350503376,1.9999999966273465,-0.013516427079618597
2022-08-19,-0.006560366343900494,2.0000015838230283,-0.005441091098042808
2022-08-22,-0.011761254831851989,1.9999990513346857,-0.0029031681501021137
2022-08-23,0.04226208000052081,2.0000018394256474,0.001275655353152819
2022-08-24,0.06388794746993975,2.0000034046697657,0.0012509130166116229
2022-08-25,0.08784042209970445,1.9999969489786138,-0.004576328104571765
2022-08-26,0.015967321635104358,1.9999970280111263,-0.004884601639137891
2022-08-29,0.09280030287870503,2.0000022579339154,0.0063735525730208
2022-08-30,0.0511974965894964,2.0000007951190604,-0.0038500295124063006
2022-08-31,0.08630187798633757,1.9999999825375152,-0.008736739083784745
2022-09-01,0.08791804963919776,2.0000001074924465,0.0030655447927846937
2022-09-02,0.11968512254004995,2.0000032638995955,0.004413867692843883
2022-09-05,0.0,2.0000005440807103,0.0030588106590163644
2022-09-06,0.1649813788694714,2.000001909411248,-0.01182979609415796
2022-09-07,0.1488117235120791,1.9999976418235943,-0.01658132833140909
2022-09-08,0.19617684740820063,2.0000100540263115,0.01575515899077585
2022-09-09,0.19844475947584905,1.999996770167141,0.006807773064693046
2022-09-12,0.1530586134228192,2.0000022872049272,-0.005285309508589689
2022-09-13,0.11263759309302179,2.0000004159501783,0.013183729630444787
2022-09-14,0.15633852854334146,2.0000015755688896,0.0037223241876730645
2022-09-15,0.19372200015975066,2.0000034110265537,0.009425980207915477
2022-09-16,0.1788511058726861,2.000005498496783,0.005866699274325862
2022-09-19,0.2670874358510653,2.0000065640885243,0.04417220992229858
2022-09-20,0.23615594566852793,2.0000046091765187,0.021722716190140778
2022-09-21,0.23529688810296534,2.000007298009665,0.008693214616504723
2022-09-22,0.12418127580406776,2.0000064717117043,0.019400725335697293
2022-09-23,0.243549113902526,2.000001495542432,0.02371646977152323
2022-09-26,0.23499101230579922,2.0000079261648045,-0.0022635514823024644
2022-09-27,0.22531024285810716,2.0000054424870224,-0.008908229607676966
2022-09-28,0.19152334075659852,2.000006474141047,0.012737912126950114
2022-09-29,0.181284425451262,2.000000195742377,0.005845421105628611
2022-09-30,0.1875160537519791,2.0000015167485277,0.004152877131501593
2022-10-03,0.18237986327525843,2.0000006325795883,0.04884542808865735
2022-10-04,0.14135965205092163,2.0000009218554533,0.04718830592867029
2022-10-05,0.12296716986863857,2.000011614333916,-0.0032704779792198514
2022-10-06,0.15469212156985132,1.9999974107295633,0.0005355986302133593
2022-10-07,0.09883400932487332,2.000004011701065,-0.00728050273015
2022-10-10,0.14225590201906627,1.9999990446652125,0.0044323229038796645
2022-10-11,0.19365039195873401,2.0000025630418605,0.030375006890699448
2022-10-12,0.2702372998771507,2.0000090882315744,0.015672988351791692
2022-10-13,0.18025542566091013,2.0000140364551475,0.008068048046946084
2022-10-14,0.16762782738875062,2.000009494412862,-0.019439031620374705
2022-10-17,0.24842818339526085,2.000002475806086,-0.023403696823274506
2022-10-18,0.16332244771263826,2.0000018615256385,-0.013620686789114064
2022-10-19,0.15783365655219334,2.0000120035230293,-0.01820106808303469
2022-10-20,0.0694792185337486,2.000018884158843,-0.02246076650806201
2022-10-21,0.16267317077163476,1.9999981592197758,-0.0037172140435123417
2022-10-24,0.16913278332031487,2.0000002820362672,-0.021269727418559318
2022-10-25,0.13368102366163007,2.0000074154885157,-0.004524574397463527
2022-10-26,0.12251104687721259,2.000004527353868,-0.0060934211066568395
2022-10-27,0.10021059357156561,2.0000000848497024,0.020051410896574324
2022-10-28,0.10698606983418692,2.0000018507400066,0.004731344408540972
2022-10-31,0.08596310194288569,2.0000119773531386,-0.007951547719138453
2022-11-01,0.0816266213764532,2.0000006534306163,0.003707043828038473
2022-11-02,0.1383834212089426,2.000000951022135,0.008769089541488782
2022-11-03,0.09002899450902717,2.00001276040891,-0.0003305884094123561
2022-11-04,0.06107980677401217,2.000003619883655,0.019281826588577116
2022-11-07,0.012645330599604487,2.0000022879580377,0.014632341073991379
2022-11-08,0.0095464885654562,2.0000037383747418,0.0034539011483294326
2022-11-09,0.029167466183019474,2.0000033149979757,-0.009030052291523672
2022-11-10,0.07177657933056249,2.000001710527712,-0.00489143684281115
2022-11-11,0.09788807119044926,2.0000026258918853,0.006377524864817922
2022-11-14,0.09129869063464494,1.9999988855508497,0.01009991683880405
2022-11-15,0.10046323550113019,1.9999992884328675,0.007017337927472805
2022-11-16,0.09490560458039492,1.999998835061332,0.005906356061727441
2022-11-17,0.11232161608498409,2.0000037473947536,0.001955732989103307
2022-11-18,0.13782122281256198,2.0000043059441293,0.0016360961105742118
2022-11-21,0.10816352061231987,2.0000008190960576,0.002885441240624071
2022-11-22,0.12320921984576538,2.0000000864796172,0.0015416003158708969
2022-11-23,0.09040912173208704,1.999999744755749,0.0009451389041180092
2022-11-24,0.0,1.999999785963278,0.0013949189339657825
2022-11-25,0.07754999794550788,2.0000000485232996,-0.0003193610689399412
2022-11-28,0.08378798849777791,2.0000026292399826,-0.0015938979740815623
2022-11-29,0.1384371965659003,1.9999998773411547,-0.000927425003570217
2022-11-30,0.05992484895090622,1.9999996676406333,0.0008157149478749993
2022-12-01,0.11297746646276663,2.000000177742813,-0.0003120369863790426
2022-12-02,0.10215004009880302,2.0000002962903514,-0.00010958178582292158
2022-12-05,0.047679613853117905,2.000002050611476,-0.000985240797517333
2022-12-06,0.06139089736623854,2.000003567030985,0.00366194903243312
2022-12-07,0.03782961983280289,1.999999703325787,-0.00044154549294078953
2022-12-08,0.07128275080776156,2.0000031162074725,3.677403516693864e-05
2022-12-09,0.05910348109706398,2.000001611507561,-0.0015186819159912976
2022-12-12,0.09079969083977565,2.000005143487368,0.0015346691289680574
2022-12-13,0.05229406523477756,2.000003767516321,0.002940166490893008
2022-12-14,0.0922669493084715,2.0000015440815355,0.008040542375758918
2022-12-15,0.12188442203845323,2.0000010293074757,0.0035301848764930158
2022-12-16,0.1248851869668215,2.1014993752410027,1.9408832926254282e-08
2022-12-19,0.08728150383518185,1.9999999826171442,0.00193511607213061
2022-12-20,0.08588906139229699,2.000000004246207,0.00026146562758148006
2022-12-21,0.12025452574303942,2.0000009434741663,0.00012302759037094348
2022-12-22,0.11104817928590219,1.99999790641647,-0.0016756707557821597
2022-12-23,0.11824108672889938,2.0000022216098987,-0.0005261511144201616
2022-12-26,0.0,2.000001389843491,0.003201332140762578
2022-12-27,0.12358064306717398,1.9999996772462927,-0.0027895255043528713
2022-12-28,0.09498317982117488,1.999997747916257,-0.004881765266344408
2022-12-29,0.12396413306898313,2.00000012664866,-0.010735195751487781
2022-12-30,0.13244025055504843,2.0000009715002403,-0.006266790670392009
2023-01-02,0.0,2.000003518505223,-0.008141261159239556
2023-01-03,0.12095463365061149,1.9999998969523543,-0.003388697240847307
2023-01-04,0.05536451361673183,1.9999998420236957,0.005462703658007381
2023-01-05,0.12512436142452144,2.000000254904327,0.0033244173553867527
2023-01-06,0.04167653572622311,2.000004244478739,-0.0028722274615415704
2023-01-09,0.026555763143986326,2.000007554833499,-0.005681169998853172
2023-01-10,0.04159341278608536,1.999999617464255,-0.002707434227511017
2023-01-11,0.004764670012284247,2.0000001166452517,-0.00236756869014004
2023-01-12,0.009201175744728224,2.0000002931055882,-0.003255050132285873
2023-01-13,0.06462825988366107,2.000002117654062,0.0011360673740152837
2023-01-16,0.0,2.000000823068918,-0.0031126665197468767
2023-01-17,0.06179610019113622,2.000006467546636,-0.003751737947391219
2023-01-18,0.1208319430037168,2.000000117868614,-0.0018154345566190342
2023-01-19,0.13414882119790486,2.0000033417130556,-0.0021192554485583975
2023-01-20,0.12980355439630542,2.000006074559481,-0.004598992663675016
2023-01-23,0.15563861741718363,2.000000067222434,-0.012813543462636405
2023-01-24,0.1345024397020723,2.0000004359782615,-0.010368658174056562
2023-01-25,0.13942510485372056,2.000003706329317,-0.0014445426058891913
2023-01-26,0.09987183534587145,2.0000027816794517,-0.010505319557264175
2023-01-27,0.1454579068388473,2.0000014164739666,-0.006262964952310237
2023-01-30,0.12832138479298036,1.999999350869549,0.001329682164563614
2023-01-31,0.10136722225165129,2.00000203299198,-0.005377570944940237
2023-02-01,0.08625086995072713,1.9999990858302854,0.0003176642032499885
2023-02-02,0.04974351182784558,2.0000090832623836,0.0068506398005823135
2023-02-03,0.021014201093987772,2.0000024812678605,0.0184481824474491
2023-02-06,0.06828721493094932,2.000018410721426,-0.0029871057233195933
2023-02-07,0.15049465687393962,2.000007111498139,-0.007408986100258142
2023-02-08,0.11474492216665226,2.0000051724694745,-0.034904254631510666
2023-02-09,0.09456339759929028,2.0000008844554893,-0.01657449748588702
2023-02-10,0.13002802587895168,2.0000007994140043,-0.021816516273570234
2023-02-13,0.12280210237822153,2.000006178278458,0.0007822677149184939
2023-02-14,0.10675805363883484,2.000007202047626,-0.001404003662244177
2023-02-15,0.06164116958593512,2.0000026618435403,-0.017840374410883045
2023-02-16,0.1583775326251256,2.000008654072823,-0.007585148304119492
2023-02-17,0.12264253620063499,1.9999985272233056,-0.0024487640446089914
2023-02-20,0.0,2.000002610815955,0.005056125921701553
2023-02-21,0.09217364371362591,2.0000041292592665,-0.0007109071005304817
2023-02-22,0.11569637199151062,2.0000118122679513,-0.013872634858041737
2023-02-23,0.16735606687502752,2.0000064696442834,0.027890710925906465
2023-02-24,0.03564110922235875,2.000005261306342,0.00762844384529239
2023-02-27,0.09472593986939505,2.000000186134953,-0.010284748782371055
2023-02-28,0.12890949393911916,2.000000881242573,0.00871206203456706
2023-03-01,0.06288132366524786,2.0000083469406533,0.007414754729948094
2023-03-02,0.12547664694637037,2.00000940669098,-0.012703165765656884
2023-03-03,0.10998807017306957,1.999999826606067,-0.027286485215905786
2023-03-06,0.1059746773320972,2.0000034341156847,-0.004884263357093546
2023-03-07,0.15137966743019102,2.000005765345524,-0.01887329920273804
2023-03-08,0.21026696744472656,2.000007843341057,-0.004052372404428983
2023-03-09,0.2007194541355513,2.000000813065233,-0.0008134027142003026
2023-03-10,0.16174837895377325,2.0000003335106333,0.011669305834634536
2023-03-13,0.22679022564474405,2.000005520729787,0.008754097591907813
2023-03-14,0.16968079576918152,2.000000237755798,0.01828807255557041
2023-03-15,0.1582414255222573,2.0000000734874703,-0.006272197052104179
2023-03-16,0.13095684062070875,2.0000005125370963,-0.014488781201487961
2023-03-17,0.14898798840038907,2.000001479337052,-0.0005415134538224366
2023-03-20,0.12903614577915395,2.000004418623618,0.02279233007398941
2023-03-21,0.17591507873576145,2.0000061750429836,0.02777311183648548
2023-03-22,0.10548817728747084,2.000001920573182,0.01099892993100992
2023-03-23,0.14875841354515118,2.000000566712182,0.011397655572891213
2023-03-24,0.1055068817333647,2.000003056855487,0.0056299874715772455
2023-03-27,0.13181807895535674,2.0000063214246917,0.007162025288517653
2023-03-28,0.1384950450387165,1.9999985376675427,0.002125764696379139
2023-03-29,0.13098413711145815,2.000003995267347,0.0046616822448077464
2023-03-30,0.15368381014114463,2.0000007484883695,-0.002446820981264447
2023-03-31,0.17405364277036708,2.0000051728893773,-0.006250368435801536
2023-04-03,0.11693326272670185,2.0000034532287394,0.005072750356646137
2023-04-04,0.12017497305234034,2.000001761193001,-0.020509534305980105
2023-04-05,0.13685524920309136,2.0000017793226506,-0.014638786282308542
2023-04-06,0.14273142087462778,2.0000019953563806,-0.0015373952148330671
2023-04-07,0.0,2.000004420833632,-0.0038071503083490243
2023-04-10,0.13293001575179725,2.000003543411144,0.0009366892650335534
2023-04-11,0.1492624837786338,2.0000006246964643,0.002927380423196119
2023-04-12,0.12443874921109836,1.9999996456122902,0.009609593166788406
2023-04-13,0.18295197966149104,2.0000032446150326,0.004603907764851414
2023-04-14,0.17630482986085483,2.0000054509815457,0.012085643194740661
2023-04-17,0.12711396213865855,2.000005534111043,0.023989947764751867
2023-04-18,0.11829840466744529,2.0000000390866925,0.04217379992321533
2023-04-19,0.14024593346765798,2.0000081765863147,0.018810408894058304
2023-04-20,0.06607173690280331,2.0000005601446516,0.04886851807704371
2023-04-21,0.11605791895342467,2.000000461899451,0.0429372731017643
2023-04-24,0.08902983390367562,2.000006214648248,0.034248255853808224
2023-04-25,0.11084395106710244,2.0000049336461774,0.01650825696487731
2023-04-26,0.1153503588322746,2.0000039081800267,0.012054333256752746
2023-04-27,0.12629342046175288,2.000007069457659,0.0021850980707925306
2023-04-28,0.0628087404805604,2.000001636180633,-0.027555031920706356
2023-05-01,0.026608536812592905,2.0000039595792845,-0.017217272322968748
2023-05-02,0.0809421139862979,2.0000029965565647,-0.00647335405172177
2023-05-03,0.04179892168326296,2.0000024083866905,-0.014897838216865052
2023-05-04,0.053811992630684785,2.0000003444886842,-0.0011332135854729153
2023-05-05,0.10575052471387476,2.0000000529305426,0.007144204782716129
2023-05-08,0.10525994312291334,2.0000014587366195,0.0063111679907854
2023-05-09,0.05223702814693583,2.0000061619719793,-0.0010456106353866133
2023-05-10,0.0407209150481649,2.000000241327017,0.019747039980872703
2023-05-11,0.012950631154372491,2.000001030853648,0.016369334545764464
2023-05-12,0.015730648787480053,2.0000010193610787,-0.01732900161878982
2023-05-15,0.049506515121734235,1.999997943689169,0.0010820547483067515
2023-05-16,0.06722405819966243,2.000004336431755,-0.00012327514492665483
2023-05-17,0.027811571109290813,2.000004147771005,0.0006391188409503206
2023-05-18,0.03911969262365883,2.000000415851105,0.00023934358686245643
2023-05-19,0.023060336151647525,2.00000321636787,0.009518362021918171
2023-05-22,0.03286294456229846,2.0000056673665076,0.012760472626792958
2023-05-23,0.05171919840734798,2.000000733527105,-0.0048566830075710285
2023-05-24,0.054570888646687576,2.000005905343715,0.004274935494210845
2023-05-25,0.08719056698191571,2.0000006187863253,-0.010668909404711928
2023-05-26,0.050838334327852376,2.000000078369933,-0.0005238634411019918
2023-05-29,0.0,2.00000087484897,0.004501374399913297
2023-05-30,0.07806418833880226,2.0000038209895994,0.004766339153557919
2023-05-31,0.08167116681927758,2.0000017137102684,-0.006283405820758483
2023-06-01,0.06741001347340367,2.0000010973948883,-0.007135378167571707
2023-06-02,0.0874119574392177,2.0000000166663265,-0.005113966845029784
2023-06-05,0.08979760356534949,2.0000000370402153,0.0010401597951487532
2023-06-06,0.0756638458769362,2.0000022141938247,0.002184497014503476
2023-06-07,0.09552280720536521,1.999999574130052,0.0026774454271604924
2023-06-08,0.06464664104877338,2.000001416342661,0.006116180667925991
2023-06-09,0.10523862197465284,2.000000000563621,-0.004698550432838617
2023-06-12,0.09847282485335622,2.0000001298310437,-0.003070527186651101
2023-06-13,0.10936702280000174,2.0000000328919034,-0.0005589011786972641
2023-06-14,0.11484787595576255,1.9999996662223527,-0.002414706566864544
2023-06-15,0.13387704030249625,1.9999994685157674,-0.0016375704674646448
2023-06-16,0.1530177524835568,2.0000048048781967,0.004906833062619284
2023-06-19,0.0,2.0000024881524885,-0.003393282997474634
2023-06-20,0.17806148915639358,2.0000028838638313,0.004676944009429088
2023-06-21,0.1582777086106203,2.0000000037104684,0.00832589077546868
2023-06-22,0.14593549589962798,2.000003602698725,0.0026819001031579237
2023-06-23,0.1000534830701719,2.0000056749970367,-0.0038572969791864638
2023-06-26,0.06767703880670493,1.9999980336557266,0.0018939823541756669
2023-06-27,0.06558998578405995,1.9999983505338186,0.004521250600777619
2023-06-28,0.06456173851280918,2.00000365384933,0.005383527614584143
2023-06-29,0.06306285267856998,2.000005496019937,0.0002980420524784904
2023-06-30,0.06359267586815674,2.0000032990608796,-0.0032458647207752865
2023-07-03,0.07342793442903262,2.0000000050778586,-0.003978266773727791
2023-07-04,0.0,2.0000018781291513,0.00010112688976726854
2023-07-05,0.12644512084141674,2.000000521559261,0.002404381103595514
2023-07-06,0.10589601064926782,2.0000038723728704,0.000959586304754804
2023-07-07,0.09069897632936724,2.0000000101440873,-0.00047320616887719207
2023-07-10,0.0966769711661522,2.000001039809028,-0.0011362808605116003
2023-07-11,0.06355819636494106,2.0000039178526317,-0.0036161204491055943
2023-07-12,0.08958878336788409,2.0000081180971154,-0.0003033761853886227
2023-07-13,0.0924108804844128,2.0000000965984612,-0.0030074495257714933
2023-07-14,0.1008651611582733,1.9999986133536898,-0.008820543348334048
2023-07-17,0.07699590102295961,2.000002543448163,-0.012832575901530103
2023-07-18,0.11300514541478558,2.000001139432027,0.0006165162104441403
2023-07-19,0.07151744237513219,2.0000005195869766,0.0028803526577343224
2023-07-20,0.11179311654328833,2.0000017218621267,0.0022558226352324597
2023-07-21,0.08032342261986036,2.0000006136041426,0.0019400567342152087
2023-07-24,0.14456550701356818,2.0000015972720377,9.547745006792483e-05
2023-07-25,0.11481428622442857,1.9999997079472898,0.0005918151603005618
2023-07-26,0.1121052138167834,2.0000000155482365,0.003489173474143799
2023-07-27,0.13534183316152038,2.0000034491954746,0.0010334686892385274
2023-07-28,0.13001249628553868,2.000000256909929,-0.002293969832794682
2023-07-31,0.14964160960062273,2.000002812477137,0.0006908775410045358
2023-08-01,0.11701048777244315,2.0000003346607187,0.0038077805171971993
2023-08-02,0.131391462517457,2.0000004814613686,-0.0009684888256799138
2023-08-03,0.14019016121983793,2.0000018159839543,-0.005675990849910248
2023-08-04,0.16059620454991064,2.000001753861719,-0.0035025129852240796
2023-08-07,0.12830196795156712,2.0000083812809777,-0.001823109607686668
2023-08-08,0.1252070565841772,2.0000000425810236,0.0028756752150254057
2023-08-09,0.18414414203002222,2.0000033910868575,0.003766502341895611
2023-08-10,0.17483172762112625,2.000000725184542,0.007819905118879098
2023-08-11,0.1691531313469496,2.000000156820728,-0.0015050877954020437
2023-08-14,0.12967447139344204,2.000000908983269,-0.008651625052891958
2023-08-15,0.11583087367194847,2.0000000447954975,-0.0002637802369928801
2023-08-16,0.0879816736162689,2.000008969056103,0.009854484417632788
2023-08-17,0.13915501737329003,2.000011920674704,-0.0075132002111778715
2023-08-18,0.18063257246009612,2.0000016910793725,-0.019359692554821444
2023-08-21,0.2035567826398943,2.000008525144467,-0.016088955220874657
2023-08-22,0.17329680510264509,2.000007628981873,-0.005423026568548463
2023-08-23,0.21087940923080162,2.000010854070656,0.0013646285354150355
2023-08-24,0.15394034501347154,2.000008491522161,0.013412241720415927
2023-08-25,0.15485222298485904,2.000002424394966,-0.0007625053447816747
2023-08-28,0.1587162868720164,2.0000133158063678,-0.01859401356125996
2023-08-29,0.18583733593743013,2.000000193615024,-0.007484659918858131
2023-08-30,0.13438906272492157,2.0000058621768733,-0.02455486423434442
2023-08-31,0.2873326082372067,2.0000112544359263,-0.02082720323349914
2023-09-01,0.2627235656706476,2.0000015006107414,-0.019451035691774636
2023-09-04,0.0,2.0000008631770845,0.00919015936343182
2023-09-05,0.330197984977365,2.0000065744857793,-0.03929923451018067
2023-09-06,0.26788551540246586,2.0000032672793107,-0.027467050013694004
2023-09-07,0.3310705325772513,2.0000001249510957,-0.029160680997174712
2023-09-08,0.24970622149744126,2.000001570548732,-0.05051658844518916
2023-09-11,0.29916678125385826,2.000003995227697,-0.02580190194226942
2023-09-12,0.3432144256843554,1.999999376636743,-0.033087543036697364
2023-09-13,0.3080641097396543,2.000004344887128,-0.03624721545282782
2023-09-14,0.3377490595530229,2.0000037118257046,-0.03316067381618805
2023-09-15,0.35971084778137347,2.0000000859080367,-0.033524232591210096
2023-09-18,0.32715805441980883,2.000004131224345,-0.067360301504602
2023-09-19,0.3095409158543922,2.0000076412953702,-0.046295990307301006
2023-09-20,0.3778772552411839,2.000003076550783,-0.022730448360013908
2023-09-21,0.36520985470048006,2.000004749181335,-0.004469917055616591
2023-09-22,0.3381017921290729,2.0000076116675816,-0.01125026529424182
2023-09-25,0.34029468204306557,2.000006265681691,-0.03068106431780364
2023-09-26,0.3060972799200096,1.9999999836402387,-0.014872374086521808
2023-09-27,0.3290978735783981,2.0000058274284704,-0.025948527096652595
2023-09-28,0.2508970088591677,1.9999929084151857,-0.005989706835906556
2023-09-29,0.3775867317758078,2.0000078544372926,0.0022803802991611336
2023-10-02,0.34258177205467233,2.0000115790168933,0.005841428033123877
2023-10-03,0.32826816127176406,2.00000881645232,-0.045631447520998555
2023-10-04,0.29323467534340086,2.000006653196083,-0.05749376897382338
2023-10-05,0.33734032652002716,2.000000914293896,-0.012372496946169903
2023-10-06,0.27478943541603157,2.0000019847027355,-0.010127049976107161
2023-10-09,0.26629770623258053,1.9999986968895225,-0.010990485922228212
2023-10-10,0.26672459893382283,1.9999974856082225,-0.011914201770109748
2023-10-11,0.3278265790215139,2.0000087182149624,-0.0019084006965013997
2023-10-12,0.33557467365653587,2.0000042291879434,-0.002653769113183985
2023-10-13,0.301212413138974,2.0000104846846014,-0.030612375094535887
2023-10-16,0.3374323421180801,2.000007008745005,-0.02544607029276323
2023-10-17,0.32658413138290293,2.0000042003199074,-0.04875447625582506
2023-10-18,0.3686448603001062,2.000004789387461,-0.06483846459752392
2023-10-19,0.25844569895164077,2.000000494043692,-0.009146023399449348
2023-10-20,0.2675220773004555,2.0000141039106394,-0.010999038615652481
2023-10-23,0.1492678338260722,2.0000040853489582,-0.0024055458190215557
2023-10-24,0.15814054959160315,2.0000027985425244,-0.015955056025020203
2023-10-25,0.1889345237431478,2.000006852553285,-0.03540740873121292
2023-10-26,0.1873879848287306,2.000004133703248,-0.03268899015735605
2023-10-27,0.16555280840229994,2.000000031561204,-0.016305895091109034
2023-10-30,0.19490041947694597,2.000000021803773,-0.037992440378170116
2023-10-31,0.19502810431136983,2.000006087661265,0.0013347838972697424
2023-11-01,0.1609635007855483,2.00001467043573,0.01303685750281488
2023-11-02,0.11431360959355007,1.9999970598802221,0.011137996903374279
2023-11-03,0.15245015059185538,2.0000087182992337,-0.00940956933744035
2023-11-06,0.1681590954084805,2.000005116186398,0.0008624043328666467
2023-11-07,0.06805906656167304,2.000000846928863,-0.008457180946647802
2023-11-08,0.054246343086410825,2.000005498131846,0.008959993167446549
2023-11-09,0.09974493957366867,2.0000078929644958,-0.01358920389411069
2023-11-10,0.08138846170843199,2.0000052418941,-0.010517387979938736
2023-11-13,0.10113839460872415,2.00000240493122,0.00416452043964235
2023-11-14,0.10248359123775787,2.0000028184172045,0.00896062746953232
2023-11-15,0.08137736913586911,2.000004999148083,0.022125812749677617
2023-11-16,0.07854741557827512,2.0000047130670717,0.01158357984724661
2023-11-17,0.06613886133574154,2.0000000689908237,-0.0023636975996073626
2023-11-20,0.06945182930653204,2.0000005081228864,0.009529798888530153
2023-11-21,0.13654073426220623,1.999998965258228,-0.001412068927726059
2023-11-22,0.13131222309625887,2.0000086591592607,-0.0025740696706080743
2023-11-23,0.0,1.9999994234579521,0.012433739179127008
2023-11-24,0.15126968346032726,2.0000000391549295,-0.0031094401427446505
2023-11-27,0.12135343333316301,2.0000026819703924,0.01980613929487917
2023-11-28,0.08532403683699043,2.000002114965808,-0.003233801560299317
2023-11-29,0.07191396273640582,2.0000060993389974,-0.0012823149084911385
2023-11-30,0.12482525858516248,2.0000007721228474,-0.0009241516550857552
2023-12-01,0.08167841371484225,2.0000005686853055,0.009963133784525971
2023-12-04,0.06600365623114267,2.0000059785907003,0.01439819208005491
2023-12-05,0.145303958130758,2.0000072311046377,-0.010547892587966902
2023-12-06,0.11233405710053866,2.0000066334139266,-0.005340865830211117
2023-12-07,0.1462430612051778,2.0000002440457223,0.005853946542589179
2023-12-08,0.1756518485748827,2.000002623509294,-0.0015540200216556527
2023-12-11,0.17114350597979106,2.0000056627020433,-0.011991208714477576
2023-12-12,0.1529158742915911,2.000005618828535,0.012357566109637869
2023-12-13,0.1318808558060724,2.0000092606296045,0.00846121717343392
2023-12-14,0.09506677700148244,2.0000066193934574,-0.004140506826502601
2023-12-15,0.17734249127459853,2.000002179753417,0.003636040238420135
2023-12-18,0.1541634543954013,2.0000134555891043,-0.018831491207923177
2023-12-19,0.18511501728444715,2.0000024496209,-0.0015323912303025842
2023-12-20,0.19473957601438907,2.0000047007424353,-0.016087971926142197
2023-12-21,0.25592974230439264,1.9999971690779907,-0.004590313016756008
2023-12-22,0.22449843454488003,2.0000031177656874,-6.969601716353259e-05
2023-12-25,0.0,2.000010630105531,0.00860958141061218
2023-12-26,0.19321946529259923,2.0000030889848373,9.212919547660022e-05
2023-12-27,0.17821198307604652,2.000006236450621,-0.00796214661958988
2023-12-28,0.18063087807353756,2.0000027108335408,-0.002627444996732856
2023-12-29,0.20234726594265204,2.000005250394977,0.005274552089877962
2024-01-01,0.0,2.000000884651151,-0.009242633942637983
2024-01-02,0.1562463040148162,2.000002034599896,0.030984258484785
2024-01-03,0.14729126290459138,1.9999995752856763,0.004401080550230051
2024-01-04,0.2009860770715984,2.000000418629713,0.0232256254897169
2024-01-05,0.15683160228151172,2.0000046610317868,0.0022023456763523366
2024-01-08,0.20792039463539777,2.0000062328241865,-0.007979119980397568
2024-01-09,0.2758135676647869,2.0000032968639783,-0.0030636213699440076
2024-01-10,0.20826837621209796,2.000000657623282,0.0052620001734619
2024-01-11,0.18155201088025136,2.0000068047004174,-0.021052601108811648
2024-01-12,0.15942095107852555,2.0000057930192767,-0.01964656114095718
2024-01-15,0.0,2.000000892649005,-0.0350272885627884
2024-01-16,0.19541774803256834,2.0000044426592343,-0.03654134387657482
2024-01-17,0.15569973433084194,2.0000100674668344,-0.03830303414281746
2024-01-18,0.18333063288506096,2.0000054858828005,-0.03443472896957577
2024-01-19,0.16165750906726267,2.0000080922785064,-0.022195206750115628
2024-01-22,0.20797559591495118,2.0000121469456107,-0.03856738790083985
2024-01-23,0.07346079253299594,2.0000096685376376,-0.019442750710501642
2024-01-24,0.14636407997073078,1.9999989836965237,-0.020511677017715564
2024-01-25,0.19490287307646614,2.000004035531796,0.008051580741104205
2024-01-26,0.13193001913601274,2.00001288152529,-0.018511365439366868
2024-01-29,0.2574786866572671,2.000010375727428,-0.020690909436139444
2024-01-30,0.2574541303462618,2.0000118745215882,-0.025144613824708482
2024-01-31,0.3258032924805452,2.0000015269994003,-0.004067892654019024
2024-02-01,0.27076622704516873,1.9999976930023977,-0.004798911280688934
2024-02-02,0.25109982187884616,2.0000008528184887,-0.029844871384306346
2024-02-05,0.2033971720435482,2.0000001117259347,-0.003357943429441134
2024-02-06,0.13733324781543435,2.000007190118306,0.022113772040621316
2024-02-07,0.21743596440296822,2.000011277444005,-0.02528653670362205
2024-02-08,0.275086604727987,2.0000064230963694,-0.014360603955747382
2024-02-09,0.22355964772608794,2.000000145599608,-0.006522995782021296
2024-02-12,0.24311031412118625,2.000000042144085,-0.008697855026982112
2024-02-13,0.2237113791894943,2.000005813282355,0.0012667043770085609
2024-02-14,0.2328530308634316,2.0000002047085745,-0.01211464221574825
2024-02-15,0.21801474711412705,2.0000058284504414,-0.006478353496269619
2024-02-16,0.23214409062268665,2.0000138706372392,-0.006232745792583802
2024-02-19,0.0,2.0000144082883913,0.007859961339200198
2024-02-20,0.2802847748940335,2.0000011991432722,-0.019280722139786044
2024-02-21,0.3007766467973183,2.000011478597234,-0.009592079589057128
2024-02-22,0.17621033836774888,2.0000032660506095,-0.007888880099842788
2024-02-23,0.13912006068538962,2.0000092735267923,-0.004814586030709705
2024-02-26,0.07189607798131241,1.9999995787858484,0.0006158290086435755
2024-02-27,0.11561578794929658,2.00000086151772,-0.008749344983154377
2024-02-28,0.07677513001938538,2.000000041584715,0.006145870493023061
2024-02-29,0.08991985905386173,2.0000015732345524,0.004589648854548139
2024-03-01,0.0671186776671802,2.000000264296866,0.0006443683204834334
2024-03-04,0.06502997215372512,1.9999997960890172,-0.010225860356902415
2024-03-05,0.06147798333850821,2.0000026853653488,-0.0043331644075647975
2024-03-06,0.07457220968024034,2.0000071364198746,0.0007376769217769105
2024-03-07,0.0903656728911409,2.0000060412404714,0.006315516087790237
2024-03-08,0.1002383136419346,2.000000088465989,-0.0008359180616110385
2024-03-11,0.05625837071383902,2.0000002925769964,0.0025785491753544778
2024-03-12,0.048395900283696225,1.999999572656959,-0.00045120913175812107
2024-03-13,0.07367176554929245,1.9999992149272288,-0.0002845276068427073
2024-03-14,0.05144376155128505,1.9984013231565738,2.3452799587950733e-05
2024-03-15,0.06140090037616264,1.9767409318577658,0.0006981519062454226
2024-03-18,0.10927502812685219,1.9491813375362563,0.00023476047037929767
2024-03-19,0.08402709348608539,1.9518442504591147,-0.0001018971524483726
2024-03-20,0.08185237459500838,1.9258039731433096,5.746135420946902e-05
2024-03-21,0.03499493497480799,1.931927227146208,1.2358673516260632e-05
2024-03-22,0.026565025375017703,1.9561869178241453,-0.00020772245188171567
2024-03-25,0.04408808020145738,1.9264407718768122,-7.604463398066998e-05
2024-03-26,0.030382350670674185,1.9322239341746483,-0.00010335695662888351
2024-03-27,0.08168982633599886,1.9385293523265796,0.0001640247769704099
2024-03-28,0.10097902008105208,1.9063519129985216,-4.5306303475121934e-05
2024-03-29,0.0,1.9041383538180197,0.00021476747851427794
2024-04-01,0.05850494379207449,1.9075295913806556,4.481408110128585e-05
2024-04-02,0.1081039349054933,1.8968418006324845,-1.2884772762538754e-05
2024-04-03,0.10098039195418096,1.8751578000757343,-3.82532760798103e-05
2024-04-04,0.07386464628099176,1.8587445318753586,-7.120064898089463e-05
2024-04-05,0.0927161573885216,1.847650377993198,-0.00043467282392999247
2024-04-08,0.06867030705889776,1.869212765206708,-9.345129441397024e-05
2024-04-09,0.06385779372364053,1.8310402521426015,0.0001232433993334199
2024-04-10,0.05920300313260174,1.7980141504934397,0.00010302603178682663
2024-04-11,0.060945085237105845,1.77794778419644,8.657987407667111e-05
2024-04-12,0.05649734984205779,1.7939910456822912,-8.312070735496703e-05
2024-04-15,0.062121637599118595,1.78422912567711,-1.1282833159019685e-05
2024-04-16,0.029925235896698155,1.7689024760419438,-0.00012645638376627012
2024-04-17,0.05303551270684104,1.7510706602847508,-0.00021274832817824024
2024-04-18,0.011143607306505432,1.7630429728568306,1.6846415896291413e-05
2024-04-19,0.05613267806073097,1.736239597323737,-8.601309848750831e-05
2024-04-22,0.02295026903702113,1.722228635388823,2.9065994573695964e-05
2024-04-23,0.017215024500413234,1.717234951944037,0.0002261318324517335
2024-04-24,0.06243226471432317,1.7096118501810569,0.00016478777529877094
2024-04-25,0.0760495380394488,1.726835759396213,8.267657171883661e-05
2024-04-26,0.06918362506638687,1.7393347705541684,-1.6641357162534322e-05
2024-04-29,0.09457176627347863,1.7406144371981767,3.305207680990912e-05
2024-04-30,0.05081001173433458,1.774488421157606,0.00013482992749506897
2024-05-01,0.054537158916109885,1.798124075338287,-9.117834306257566e-05
2024-05-02,0.0025380248871275865,1.8083729037509102,3.074687699677523e-06
2024-05-03,0.04670815917797522,1.8092419953669179,1.813369953832661e-05
2024-05-06,0.03848669274546168,1.8238625833868687,0.0001222289440385143
2024-05-07,0.04303907935750928,1.8208074576936484,-7.243751610399446e-06
2024-05-08,0.08884868743077456,1.8204781034607462,2.749050000740985e-06
2024-05-09,0.09539608052099524,1.8173572357346097,1.6335752451770297e-06
2024-05-10,0.08141070100713632,1.8444541400434096,0.00012232882279165956
2024-05-13,0.06860004054022362,1.8487341496167962,1.4559372557717025e-05
2024-05-14,0.0478527405857041,1.8652682378427217,9.62369783090852e-05
2024-05-15,0.03010204390454163,1.8938245565491902,-7.676396812132365e-05
2024-05-16,0.12489364882579101,1.932350752595544,0.00010284761419323239
2024-05-17,0.10872420481759093,1.9622359898943327,-7.584861507903837e-05
2024-05-20,0.09544029321380343,1.989069289477852,-0.00015453880426665682
2024-05-21,0.13808265121721774,1.9772342852064908,8.251216725902767e-05
2024-05-22,0.1450193947909959,1.9997513382465812,5.937646875522895e-05
2024-05-23,0.13160647782967816,2.0000000003081237,-6.902499304073037e-05
2024-05-24,0.120770498662222,1.9938637186688613,3.2856119955088775e-05
2024-05-27,0.0,2.0000033944348674,0.00018751192202982013
2024-05-28,0.09205744103491842,1.9999980403109312,-0.0012882151678449867
2024-05-29,0.1189115135796046,2.000000122015479,-0.001802613603076644
2024-05-30,0.10527398901108742,2.000004050030886,0.00031666739856019664
2024-05-31,0.12962860210717025,1.999999982048789,-0.0018177539544701462
2024-06-03,0.12166988478607499,2.000002714760963,-0.006088128197918808
2024-06-04,0.10394241659860443,2.0000024068619857,-0.002574184796058989
2024-06-05,0.08499492481376952,1.9999999188402873,-0.0020393756338840637
2024-06-06,0.08598143417160786,2.0000015512729323,-0.0004426656083106261
2024-06-07,0.08298567039793024,2.0000083715370987,-0.0010481252503823286
2024-06-10,0.10525022940510187,2.0000003210769433,-0.004877179460093423
2024-06-11,0.10131167631344476,2.0000028401002603,-0.0033064704994677932
2024-06-12,0.129725479221592,2.0000024648486194,-0.0035215258881315346
2024-06-13,0.09699687407289552,2.0000041164664317,-0.002177347984006475
2024-06-14,0.10198969502865515,1.9999979391709866,-0.003606639659387259
2024-06-17,0.13593575318816195,2.0000000692204583,-0.0033506649820928113
2024-06-18,0.130712013951155,2.0000005351971977,-0.0007536301683840627
2024-06-19,0.0,2.0000022090008884,-0.0012059099183787175
2024-06-20,0.14340230307791896,2.000000466279661,-0.005271474746013206
2024-06-21,0.1800624014576897,2.091124662861894,3.0141539468335476e-08
2024-06-24,0.20913667183581872,1.999999837623497,0.000987349049969553
2024-06-25,0.16842989701466826,1.999998455021664,0.0004379561287285792
2024-06-26,0.12340035696959056,2.000003975130584,-0.000808878706747508
2024-06-27,0.11829903237918904,2.0000024260140052,0.002822299680559405
2024-06-28,0.18328932671220455,2.0000018802251303,1.5467198059989016e-05
2024-07-01,0.15299878506568537,1.9999998282993008,0.00018060603984369089
2024-07-02,0.1251216992724609,2.0000014820178307,-0.001046122589208868
2024-07-03,0.16133619547819714,2.0000030176167094,-0.003852776858327945
2024-07-04,0.0,2.000000666736793,0.0005653818638911819
2024-07-05,0.16368554216556858,2.000001569400096,-0.0005104582608664381
2024-07-08,0.13074084367986494,2.00000470073809,-0.0021391581076120455
2024-07-09,0.17081467164298578,2.0000064887310423,-0.0006575584695086307
2024-07-10,0.12355605355698701,2.0000012781682805,0.0021872416828163333
2024-07-11,0.09599772603306182,2.000000011318628,0.0019356162829555152
2024-07-12,0.12432978779377463,1.999999911507365,0.0008097498008528986
2024-07-15,0.14472550555313282,2.000000046690037,0.004647432870496683
2024-07-16,0.15210176225862493,1.999997657944623,-0.002779453239435053
2024-07-17,0.16466071903865148,2.0000004930739648,-0.00037723115514877404
2024-07-18,0.1402827752004439,2.0000004656698778,-0.001191146150794389
2024-07-19,0.176943733155227,1.9999996904324697,-0.0018643203279645826
2024-07-22,0.15760581347391162,1.9999998342835459,-0.004003686824265227
2024-07-23,0.19199762033473383,2.0000013056891643,0.003240461228406571
2024-07-24,0.21986119310674865,2.000001709064165,-0.0008878279629247303
2024-07-25,0.1473119256586296,2.000002127082959,0.003957943271891837
2024-07-26,0.14052974772239432,2.000000359881093,-0.0006441253073165299
2024-07-29,0.19340302884384486,2.0000005388455953,-0.0008212395334364899
2024-07-30,0.10846670946186532,2.0000000138750424,0.0018480069915121247
2024-07-31,0.11390893697478915,1.9999993252648285,0.002039457976690324
2024-08-01,0.10625070183909391,1.9999989557528617,-0.00014825560885921817
2024-08-02,0.05883766588331163,1.962253224894642,7.1015315110768e-05
2024-08-05,0.08309076335289878,1.9612202102305445,-0.00034922951207727593
2024-08-06,0.07852420288523376,1.9506388311361382,3.952539204026256e-05
2024-08-07,0.11511903310455107,1.9512511336092535,4.543556279454873e-05
2024-08-08,0.12121393677225889,1.9522043400669151,1.9358274367525363e-05
2024-08-09,0.10108682231221877,1.9640878288111066,-0.00024971096915369143
2024-08-12,0.05429004250003944,1.95961168809567,-4.349546050861708e-06
2024-08-13,0.07152314174228991,2.000002593039499,0.0004983139153021694
2024-08-14,0.035482450922245334,1.977319116139984,-0.0002203119603842326
2024-08-15,0.07019556482183324,1.9441459078777852,0.0001481843313127459
2024-08-16,0.036851576724957424,1.998825683688149,-1.7807346157369154e-05
2024-08-19,0.055096389266230616,1.9792021732288232,4.381989531151249e-05
2024-08-20,0.06030173452206711,1.9853486142190686,-2.4415110491649537e-05
2024-08-21,0.10511715873701655,1.9949518396584474,0.0005641047072556665
2024-08-22,0.07114797757036939,2.000000192441389,-1.783839527656414e-05
2024-08-23,0.12821508403487902,2.000005447731941,0.0001526824189244805
2024-08-26,0.09917158368203194,2.0000000514409417,0.0001896973358371289
2024-08-27,0.12446239311077792,1.9999991422298824,-0.0008113799230755462
2024-08-28,0.12284593553470258,2.00000049327647,0.002484750567624752
2024-08-29,0.10392962273703048,2.000001029952946,0.0037082916150346225
2024-08-30,0.103826504615967,1.9999997936774379,7.356538561364371e-06
2024-09-02,0.0,2.0000045451047157,0.006499701409176749
2024-09-03,0.14364264500259738,2.0000002462958544,0.007427732078631372
2024-09-04,0.12543413682300686,2.000000380749955,0.008800843715268812
2024-09-05,0.12560690132428026,1.9999996662075064,0.008328587083334622
2024-09-06,0.17102866615910972,2.000000534965075,0.005486391085042516
2024-09-09,0.10876474171936823,2.000000687192805,0.002787098462336409
2024-09-10,0.15417565505275552,2.0000031598676546,-0.008704938244376438
2024-09-11,0.1401547370468014,1.9999988706388871,0.008548814247978992
2024-09-12,0.16107594125030736,2.000001895742537,0.00805138705904234
2024-09-13,0.1307460362529414,2.000000772304053,-0.020034436068395986
2024-09-16,0.13918333590204807,2.0000025472709773,0.0002483666588541753
2024-09-17,0.10412468794594666,2.000000262437568,-0.0072551656617300024
2024-09-18,0.1580781749789295,2.000000477061604,-0.011180266914220032
2024-09-19,0.10921617384928685,2.000000894606389,0.015607507772520573
2024-09-20,0.12500625662343404,2.000000579163445,0.011534373734833823
2024-09-23,0.10864776827012491,1.99999968966214,0.0024505125446057895
2024-09-24,0.12348444811118173,2.0000012399633635,-0.008618525111408792
2024-09-25,0.12540205715480549,2.0000033372737027,-0.007614674513735991
2024-09-26,0.12993273909307268,2.000008375146158,0.01127575874901946
2024-09-27,0.10517860635847408,2.000005382248739,0.00041883398411725
2024-09-30,0.12199166995078993,2.000000113625533,-0.011307825795899399
2024-10-01,0.13472019590902287,1.9999987568230262,0.004593254571793042
2024-10-02,0.16041167267195006,2.000006793878775,0.0001044271327241891
2024-10-03,0.16851850469300594,2.000006170954509,-1.0869228101049924e-05
2024-10-04,0.1442747320473405,2.00000003025014,-0.0011595251674274593
2024-10-07,0.15293224991341997,2.000002538658942,-0.0024472183763008743
2024-10-08,0.17083411684034508,2.000002462124775,-0.0038152433029523844
2024-10-09,0.15429313117282914,2.00001240825795,0.015589359577325042
2024-10-10,0.16726825815657198,2.000000660617365,0.020828146250699776
2024-10-11,0.12267041648965751,2.0000038466663455,0.015963342378708563
2024-10-14,0.1262107739717276,2.0000164863698933,0.0023193120041917546
2024-10-15,0.23957488514944417,1.9999929530987826,-0.024397032137124817
2024-10-16,0.15861910932850687,1.9999993768948197,-0.02683458547150521
2024-10-17,0.12754815960245755,2.000000677633172,-0.03092547476187119
2024-10-18,0.12683866940359406,2.000002459051009,-0.016781605753429813
2024-10-21,0.06682606253423759,2.0000106862523,-0.023551371199121974
2024-10-22,0.13907139943803953,2.0000107498489594,-0.02735682432957645
2024-10-23,0.19191072200606546,2.000000203140824,0.0002982945686560673
2024-10-24,0.2742020366142118,2.000007186262147,0.024931142983547348
2024-10-25,0.17580856894627978,2.00000492016623,0.0038461061495806163
2024-10-28,0.2180812234468086,2.0000028557741083,0.01360913469854808
2024-10-29,0.1693597976086069,2.0000032245624735,0.0025112321717239484
2024-10-30,0.2607884537219138,1.9999987063717883,0.043124022039057616
2024-10-31,0.2363587629266288,2.0000079574683305,0.00949169716308971
2024-11-01,0.27368434571945544,2.0000001017670166,-0.01466442900687548
2024-11-04,0.1945383283313711,2.000004083864896,-0.02161137551505818
2024-11-05,0.20252884738246918,2.000007771144399,-0.07425799136769176
2024-11-06,0.19832181923371786,2.0000043858027143,-0.0014116920458657318
2024-11-07,0.06655759699541268,2.0000056506290917,0.009974638035059241
2024-11-08,0.0658081259863203,2.0000026236584736,-0.010829904352391064
2024-11-11,0.14818357427404186,2.0000057408938936,-0.0061460436696928475
2024-11-12,0.08110961692347403,2.0000001391132827,-0.0027630165986862383
2024-11-13,0.060304425167638315,2.0000030885557996,-0.005180511492692805
2024-11-14,0.09896753784850651,2.0000000069088655,-0.00510287902014936
2024-11-15,0.08502583416074212,2.000000648682527,-0.008077634643198472
2024-11-18,0.09126162250155892,2.00000142523779,0.0019967936483549207
2024-11-19,0.11097453519943448,2.0000045435681857,-0.0008616051384664515
2024-11-20,0.12102851591885352,2.0000030152065316,0.004521573318199498
2024-11-21,0.09199905426519095,2.000004303975427,-0.0010474524795585022
2024-11-22,0.059368011793072065,2.000001141544748,0.0007033805747498935
2024-11-25,0.10705067664414375,2.000001186286453,-7.003744646456606e-05
2024-11-26,0.10254484067808622,2.0000012760836205,-0.0024833567309632846
2024-11-27,0.08565882337231115,2.000002541775057,0.0022355454804357704
2024-11-28,0.0,2.0000000734785406,-0.0005479041771150849
2024-11-29,0.13344440606319521,2.0000020038801916,-0.001911900359594047
2024-12-02,0.1478957725366986,2.0000028604285305,0.00020389597499407284
2024-12-03,0.11420591133572239,2.000002740114757,0.0005204003362026819
2024-12-04,0.09876596954586603,1.9890200282789359,4.0113415338573905e-05
2024-12-05,0.03501466108811613,2.000000008904502,-2.2147964396687647e-05
2024-12-06,0.009501735992606536,1.969158430539112,-8.924140537877884e-05
2024-12-09,0.028210743183148423,1.8489061006666199,5.402465376348146e-05
2024-12-10,0.0729668135676107,1.8393962862534705,-3.5227517453370605e-05
2024-12-11,0.08139203584472643,1.7984416159572172,-2.038696993894064e-05
2024-12-12,0.057513909258819496,1.7862291032836217,0.00011111981388311348
2024-12-13,0.10421916353782595,1.7996799124605596,-0.0003478290366487908
2024-12-16,0.11109882087657041,1.783913966084549,0.0002083797809073278
2024-12-17,0.08528560768399363,1.781497537824647,-0.00017928195773184207
2024-12-18,0.09604604288550254,1.7538456595073566,0.0006688625612507895
2024-12-19,0.1252162249035902,1.7550268788865164,0.0004957798369072355
2024-12-20,0.13536202602547942,1.7390879000890194,0.0006499845981889508
2024-12-23,0.13133114523000788,1.746462168814774,-8.174490612962437e-05
2024-12-24,0.12096966942022863,1.7459771565987237,0.003696037995440513
2024-12-25,0.0,1.7393683907766957,-0.0021423144617304605
2024-12-26,0.10362519219891198,1.7257778158118722,0.0003983917529574539
2024-12-27,0.11859687991730894,1.7229874271447925,0.00012859810232176104
2024-12-30,0.1077588957259944,1.7144894019197576,0.0022979085145993757
2024-12-31,0.07567845757043346,1.6972409945540945,-0.0007785664364477335
2025-01-01,0.0,1.6831265597599823,-0.0008674454226196126
2025-01-02,0.046203881568058686,1.686393431150578,0.00014966396990718014
2025-01-03,0.05481043096746124,1.6852781155351508,0.00022639740470509206
2025-01-06,0.03817346842548289,1.6662990924815426,-6.461765502806228e-05
2025-01-07,0.10346178870501876,1.631601543524027,6.424516335491964e-05
2025-01-08,0.07982678396846625,1.6535394022025884,7.408695810694843e-05
2025-01-09,0.0,1.6206785973698727,2.8263126554617314e-05
2025-01-10,0.0827204024129145,1.6207552426621359,0.00012621175445736712
2025-01-13,0.04294792510050238,1.5983206400354146,-0.0001426538968292996
2025-01-14,0.0309347246410155,1.5889504211883874,-6.0099225737176735e-05
2025-01-15,0.07014695690077105,1.5949524850359669,1.525871446271342e-05
2025-01-16,0.1028260173336083,1.5850554935603298,-2.4289293457707283e-05
2025-01-17,0.09175678298221289,1.595052905322625,0.00048574572006712365
2025-01-20,0.0,1.6013466184112577,-0.00010196743354843349
2025-01-21,0.11481900621627639,1.6202908511165677,0.00018290607285287338
2025-01-22,0.1092072498592005,1.6276192160689968,0.0005009870062883312
2025-01-23,0.0974096408394397,1.6016457232296548,-7.460625808970256e-05
2025-01-24,0.10888943469687995,1.604605845987983,-7.308898975958561e-05
2025-01-27,0.006825954386753097,1.4935978711950533,2.9826017090449873e-05
2025-01-28,0.09922844251373619,1.4664398593547565,-0.0002688484902747335
2025-01-29,0.07812529429043891,1.53421101333644,3.96864735850537e-05
2025-01-30,0.08097038930272049,1.5300755719806072,-4.337595241017157e-06
2025-01-31,0.07758460591015481,1.5566142362649926,0.0001608764409803008
2025-02-03,0.06625430159351842,1.5963264374685906,4.1091434496783215e-05
2025-02-04,0.08446593912951528,1.6120921475806886,1.2291051691627752e-05
2025-02-05,0.08884371646144373,1.6067320335816846,-1.1290510822261398e-05
2025-02-06,0.07319576217697282,1.6438475817824942,6.63158633977378e-05
2025-02-07,0.05975273135619119,1.634835544920171,-5.483984250671684e-05
2025-02-10,0.07556187860868846,1.684061167998982,-1.802262630613144e-05
2025-02-11,0.07677027623311083,1.6811196089932547,0.00014118793442596464
2025-02-12,0.1252243273120014,1.667065462361966,1.2161760749167541e-05
2025-02-13,0.0657978129614758,1.6449932654025408,4.045405257509867e-05
2025-02-14,0.09029125236756785,1.6549149078199117,1.0147507390496219e-06
2025-02-17,0.0,1.6667264115363287,9.70114907311477e-05
2025-02-18,0.1087089693955825,1.6700508919000883,-1.3233567772397647e-05
2025-02-19,0.09093763466801703,1.6736319991390889,9.004747632437513e-05
2025-02-20,0.0751390110458462,1.6461063567838137,4.3228909481301874e-05
2025-02-21,0.05279888531298382,1.6511875201077846,-0.00021616554923567944
2025-02-24,0.1306022468207768,1.6284598929676524,-0.00022818463212672443
2025-02-25,0.10654889817467073,1.629032370257586,3.083851478618248e-05
2025-02-26,0.09275085900486602,1.6409088135541905,3.2550770179275504e-05
2025-02-27,0.10218095660394105,1.630270138925166,-1.7335362524491596e-05
2025-02-28,0.07915427916725204,1.6171436312778438,-0.0004922610193390351
2025-03-03,0.05973868607471755,1.6503782318425546,0.00016019366181854733
2025-03-04,0.07651755665550185,1.6783550429849128,-0.0009876375975309219
2025-03-05,0.08065969513435434,1.7082841531849442,-2.3441774997300623e-05
2025-03-06,0.07899889169265986,1.71379875666179,4.7144498842414256e-05
2025-03-07,0.037925001965151695,1.70900143378053,0.0004625522326087016
2025-03-10,0.07110240570560178,1.7023973145523867,-7.543596628780975e-05
2025-03-11,0.06032649577060767,1.7304158366898126,6.307306215237252e-05
2025-03-12,0.11307630607791452,1.7197396204719797,0.0001003937590430817
2025-03-13,0.10054783359010955,1.7135980678780143,-1.504850843918066e-05
2025-03-14,0.10547230761561621,1.712719494013951,-0.000456439401079917
2025-03-17,0.12883139360237372,1.7017977151589545,0.00041766964657750927
2025-03-18,0.10538331617609409,1.7107887055026165,0.00024582942638372383
2025-03-19,0.12137015378450672,1.6944280871501902,-0.0004347797171292758
2025-03-20,0.12645471095311756,1.6952381167994945,4.611779445492809e-05
2025-03-21,0.13653139625496605,1.7082299157559555,-0.0014146518310104318
2025-03-24,0.11213130717428693,1.6891659439021691,-0.0005148773031027638
2025-03-25,0.1584923678009993,1.7056816138236697,-9.741388689382506e-05
2025-03-26,0.14124980775840812,1.7050786418807342,-0.0003643963199347648
2025-03-27,0.14977507607890317,1.707080326386465,0.0004601283943269632
2025-03-28,0.1372500840552413,1.7080450919356143,0.0002810593486495313
2025-03-31,0.15757831159098146,1.705341598815504,0.00014462692718012447
2025-04-01,0.11287243470601593,1.675993560007902,0.000362269467687977
2025-04-02,0.10976472903200173,1.6773267564376528,0.0010434718796055544
2025-04-03,0.026448362560371405,1.4671655680130788,0.0007461868726475934
2025-04-04,0.032961313837345935,1.4137258992130262,0.003215663358581765
2025-04-07,0.05435181204920332,1.3937083201240175,-0.004039577155490877
2025-04-08,0.04537768574090982,1.3694024417436927,0.0003968458695235907
2025-04-09,0.05268968124542269,1.2432522636010437,-0.0008057093942265855
2025-04-10,0.06539832657238431,1.1571131800137273,-0.0011713727594224366
2025-04-11,0.0489367031083972,1.1242842259664139,-0.00038475444832787706
2025-04-14,0.06532863714322859,1.103703102134642,-0.0007383435673081204
2025-04-15,0.03384738723057967,1.0962928980780666,0.0003595933044206372
2025-04-16,0.05174944075766919,1.0818034655837168,0.00018156602470668627
2025-04-17,0.04631971480858291,1.0644470887810258,-0.0014798181800793956
2025-04-18,0.0,1.0519555947867878,0.0002583486110485959
2025-04-21,0.03981330969312569,1.0499781384495104,0.0002869073047964547
2025-04-22,0.031334884801460114,1.0644205996309348,-0.0012768997638435082
2025-04-23,0.03606663421284755,1.064246001937143,-0.0007933748634887509
2025-04-24,0.039148778353369336,1.049877876520927,-0.001035490708504369
2025-04-25,0.025340322804365156,1.0491547984195528,0.00040001309439502896
2025-04-28,0.03621526616782779,1.0504819807225558,-0.0014421995901413962
2025-04-29,0.04940376198250018,1.0428959833689957,0.00021051131818144346
2025-04-30,0.056823215597480575,1.0419968683556162,-0.00047659927235627433
2025-05-01,0.032995499926569166,1.0263036561871068,-0.0010064154036127817
2025-05-02,0.04380514377376864,1.0286450603966149,-0.0011058053480279561
2025-05-05,0.04897681636671875,1.0097068077497555,-0.0006967886799901023
2025-05-06,0.07054597286409425,1.021536172483935,-0.0005791735633979785
2025-05-07,0.02548655517864673,0.9934227923222184,1.4909915237389148e-05
2025-05-08,0.025426899612913084,0.9914972825877958,-8.542869027576474e-05
2025-05-09,0.051720602469959784,0.9887214441554377,0.001107407138813471
2025-05-12,0.020216151690786593,0.9855433901600618,7.528721768577606e-05
2025-05-13,0.04116490413868989,0.9835720977075527,-0.0004917370399057174
2025-05-14,0.06781880942246543,0.9759929700796532,6.717538350241282e-06
2025-05-15,0.0625187904694311,0.97683631055637,-0.00010505136498216612
2025-05-16,0.06015992535983994,0.9707356020863207,2.6017454360532846e-05
2025-05-19,0.049320964489183494,0.9713831346651154,0.00013122044474503792
2025-05-20,0.056072918459839236,0.9694459782536984,0.0011699244302013512
2025-05-21,0.06262390982068333,0.9743316107561663,-2.174387709979542e-05
2025-05-22,0.0635345607702581,0.9706458931656095,8.808468244272472e-05
2025-05-23,0.05397434200443102,0.9666646091533271,0.00022784261664137622
2025-05-26,0.0,0.964634401205674,-0.0002688186716058704
2025-05-27,0.0279297641945071,0.9700602242596732,-2.5428301488207745e-05
2025-05-28,0.02692155713120707,0.9752116650528202,0.00023174688961142978
2025-05-29,0.01817230324261601,0.9700263859794156,0.0005826800887770536
2025-05-30,0.033087407129624324,0.9745090323359329,-0.0009302242076681551
2025-06-02,0.028261720215770718,0.9830436876376989,0.0004160753798205317
2025-06-03,0.018480900950721413,0.9892389353136591,-8.55212372549278e-05
2025-06-04,0.03453481318620607,1.0025808858493068,0.00015808777575408375
2025-06-05,0.014379196583370652,1.0089376825094345,-0.00018365903229149478
2025-06-06,0.03859131936076124,0.9908333497635515,-0.00035464448597489985
2025-06-09,0.03746199009600648,0.9992003125637025,-0.00034590445794329143
2025-06-10,0.029705440754934254,0.9956272951111959,3.063584859417019e-05
2025-06-11,0.024029159486902846,0.988666861972811,-6.919176561211767e-05
2025-06-12,0.0437719142291223,1.0021118106213927,-7.835189055145977e-05
2025-06-13,0.03442347705715543,1.0028428820485467,3.6557488220703444e-05
2025-06-16,0.03181085479850054,1.016286780826598,-2.4492415155842086e-05
2025-06-17,0.0422815402286376,1.03253951178664,1.8588115543102042e-05
2025-06-18,0.05196212952472545,1.048255943754932,-0.000401327174254785
2025-06-19,0.0,1.0432280881234597,-0.00018860588369002903
2025-06-20,0.04760496698355332,1.0317564928193899,0.0014479960636586634
2025-06-23,0.0406394729571723,1.0365621360281065,-3.0653214007689885e-05
2025-06-24,0.053627207082227346,1.0576981547773445,0.00014397600200759014
2025-06-25,0.049073407499687804,1.0536552599123015,-0.0003819774783960616
2025-06-26,0.025393174064467686,1.1828537779986052,6.543493598952857e-06
2025-06-27,0.040316886842729854,1.2001270296667728,0.00024599268413387325
2025-06-30,0.04655642465455645,1.2236684270794647,9.878799483347637e-06
2025-07-01,0.01605561497198881,1.256374475892117,-0.0005990046974790478
2025-07-02,0.033698054848120385,1.5648093161519738,5.540322841657633e-05
2025-07-03,0.06509472941175296,1.999998758232622,0.0010064817536006637
2025-07-04,0.0,2.0000037338087844,0.0024676380240028916
2025-07-07,0.14138495697271186,2.000001197917138,-0.0015947431366328362
2025-07-08,0.144854555673951,2.000000099541963,-0.0010397286280261872
2025-07-09,0.1311920171485736,2.0000022863921805,0.005275096346058459
2025-07-10,0.08151051135176762,2.000000418710802,0.008070446002010892
2025-07-11,0.11713007809247075,2.0000005008156427,0.0038062068221631244
2025-07-14,0.1510146023597612,2.000001132145502,-0.0010407822100273454
2025-07-15,0.12124476820557739,1.9999998987768925,0.00036064354317691264
2025-07-16,0.1220790044749413,2.000000390133968,0.0009137840813894672
2025-07-17,0.13094115548676022,2.000002045400489,0.005183586809824619
2025-07-18,0.15528452215166122,2.0000031940634244,0.0019641920327184816
2025-07-21,0.14918809538552452,1.99999764095241,-0.014077268986777233
2025-07-22,0.13117687410902046,2.000000402310864,-0.014085539581496394
2025-07-23,0.13553332611413693,2.0000000080267366,-0.004451880818045204
2025-07-24,0.09556386920051332,2.00000454242252,0.0008920500096018715
2025-07-25,0.1057891445643744,2.0000015892408642,-0.004437496117130571
2025-07-28,0.1621715213542662,2.00000061202027,-0.004834539964578302
2025-07-29,0.13877087787671558,2.0000006016080882,0.0020976101441250727
2025-07-30,0.2381342911297093,1.9999999114320737,0.002258949944573964
2025-07-31,0.1423275826159151,2.0000022610051715,-0.000673839165604275
2025-08-01,0.069903427063995,1.9999988403153262,-0.00019352434865039982
2025-08-04,0.054803202674919,2.0000009017711085,0.0037917319991223847
2025-08-05,0.07207083826448325,2.0000013193271213,0.011468661430173414
2025-08-06,0.13974274585566365,2.0000091527226624,-0.00043241830913477643
2025-08-07,0.0876734579164136,2.0000000689667736,-0.0015122954078779938
2025-08-08,0.06577286175006564,2.0000014211049493,-0.008835611847208918
2025-08-11,0.11023612509544567,2.0000048221591884,-0.007724046924847699
2025-08-12,0.20455488833401553,1.9999990899257356,-0.0053167882363996544
2025-08-13,0.10790242141239166,2.000004370097347,-0.004986459179305818
2025-08-14,0.08649541554698102,2.000004428624366,-0.0022742337855339192
2025-08-15,0.08223380658397882,2.000004584340396,-0.001121379451048969
2025-08-18,0.14936009312373885,2.0000017745379255,-0.0034797961129778704
2025-08-19,0.08330593005523923,2.0000050047504496,-0.004500042355352131
2025-08-20,0.03934248523121546,2.0000009709693245,0.00015863219328575255
2025-08-21,0.09181928436888541,2.000000201232057,-0.00031878946344233994
2025-08-22,0.17598556599866078,2.0000013526869385,0.0016597830434811039
2025-08-25,0.08725172314501511,2.0000007678087712,0.005211253002232725
2025-08-26,0.09911964869872673,2.000000065547877,0.0018429891606865931
2025-08-27,0.15159544597095248,2.0000034841229026,-0.003835169459404315
2025-08-28,0.10747726437218669,2.000005258710294,-0.006969569971560653
2025-08-29,0.10690331391470465,1.999999358249223,-0.0031622016797794015
2025-09-01,0.0,2.0000036714711276,-0.0011274827361296685
2025-09-02,0.046800247281305704,2.000003604942246,0.0016272342523759066
2025-09-03,0.08209642996637602,2.00000574110366,0.00368733080811933
2025-09-04,0.07410844585585784,2.0000009167280783,0.004304332923414905
2025-09-05,0.08560797681782539,2.0000065144987396,-0.007550920039936191
2025-09-08,0.04082162516207148,2.0000021571479856,-0.005743855371840346
2025-09-09,0.05698431756154817,2.000003219411054,-0.0003404772210622804
2025-09-10,0.11193195252653217,2.0000020804832035,-0.004152288978048753
2025-09-11,0.10900901243099187,1.9999993349723875,-0.004793620920343833
2025-09-12,0.12382476544231037,2.0000017890792248,-0.0026027973938785387
2025-09-15,0.1262136701796036,2.0000004429340295,-0.008360183546318442
2025-09-16,0.16068083805980427,2.0000037359269363,-0.00572027828111053
2025-09-17,0.17761733770215823,2.0000010715632937,0.002473103897862913
2025-09-18,0.18857799341097353,2.0000025681948506,3.916017132821756e-05
2025-09-19,0.0978628326508856,2.0000000698564944,-0.0003693751040501742
2025-09-22,0.11114379957428694,1.999997490497373,-0.0009495278516374468
2025-09-23,0.13874289521340716,2.0000040281875457,-0.0010487758127815008
2025-09-24,0.13260786488374948,2.000002423626102,0.00030711255873834293
2025-09-25,0.18344408793117045,2.000000082248005,-0.00444831775823541
2025-09-26,0.10562266009214527,2.000001112353175,0.00955617049727062
2025-09-29,0.07624324065800374,2.0000061199345733,0.00648311439081159
2025-09-30,0.09140396835105008,2.0000000270143468,0.017999736572088053
2025-10-01,0.1373317713283592,2.0000000263771467,0.016213694331344185
2025-10-02,0.12098313392750545,2.000003102816985,0.00032232992807246143
2025-10-03,0.11306070837273074,2.0000003380615308,-0.001063751633660709
2025-10-06,0.10492635982225192,2.000003372133818,-0.00245925801276778
2025-10-07,0.09399927170629148,2.0000055177217533,-0.0015493034460136727
2025-10-08,0.08646052231760928,1.9999999414183158,-0.02573084710993672
2025-10-09,0.1062013800425633,2.0000021317905174,-0.015799916384150115
2025-10-10,0.07622131697562749,2.000000429754225,0.00986361870078263
2025-10-13,0.06800155040205969,2.0000001449299782,0.00036867771489316017
2025-10-14,0.11604507915892995,1.9999963207657077,0.005254510168985567
2025-10-15,0.11426454241364738,1.9999987621242417,0.004303290509109688
2025-10-16,0.10159981932075465,2.0000063239515287,0.008783861117239446
2025-10-17,0.07521971972801517,2.000008119289988,-0.004103164436785947
2025-10-20,0.08614372405375012,2.000000069729628,-0.0011429169009667204
2025-10-21,0.07147126612897381,2.000000945062472,-0.011337156107509728
2025-10-22,0.09065718167099301,2.0000002021498915,-0.0001118008122333149
2025-10-23,0.07291149944199617,1.9999998401826804,-0.005595266650852601
2025-10-24,0.05731015853578962,2.0000000790422297,0.0034016354376599856
2025-10-27,0.04896660356907947,2.0000003839099607,0.009654810069846437
2025-10-28,0.07671279894234995,2.00000105412727,0.0029797270103523454
2025-10-29,0.04917994715498519,1.967923770435516,-9.839368493517586e-05
2025-10-30,0.12338784140430903,1.9509651395692056,4.5273015376209175e-05
2025-10-31,0.06947874045677337,1.9576128400793884,-3.574294587952668e-06
2025-11-03,0.05177363277742231,1.927924862700397,-0.00011819005126556103
2025-11-04,0.08337513013003317,1.9211354992488676,-0.00011259233197146823
2025-11-05,0.04999410605659449,1.9382490332868887,-0.0002480452326535775
2025-11-06,0.09621274859367634,1.9172323319192406,-8.893431318758539e-05
2025-11-07,0.08493535497005489,1.9278596623692112,-1.325919010343457e-06
2025-11-10,0.05567193822728256,1.90390335129015,-0.0003339519148520594
2025-11-11,0.09640652850786702,1.893061499860551,-1.4979705944091412e-05
2025-11-12,0.08535985447717209,1.9135723637508777,-6.181920531344795e-05
2025-11-13,0.07075474064925258,1.8837457827865756,-0.00011270989444073232
2025-11-14,0.08422649101416924,1.8954312722786388,4.973233434283318e-05
2025-11-17,0.10618818863121876,1.9012259399122269,1.0988277129962611e-05
2025-11-18,0.06943310150458304,1.8766080229260664,-8.292735216879087e-05
2025-11-19,0.09807029950053447,1.8825686662726078,-3.06787084656643e-05
2025-11-20,0.0764763653194862,1.8768562409550391,4.5720825788746373e-05
2025-11-21,0.04283777588761151,1.8663502042868942,-0.0001441815352487614
2025-11-24,0.0829021595028081,1.877358136518005,-0.00011856580814195456
2025-11-25,0.04696267224103945,1.887349466440192,0.00016992128286791048
2025-11-26,0.02591426324336394,1.8700470228731523,-0.0005094061357615127
2025-11-27,0.0,1.8639159491119033,-2.7977367782454007e-05
2025-11-28,0.07347184569087575,1.8483530411167537,0.000954878712498131
2025-12-01,0.09043092968119926,1.842099493010073,-7.548777914207459e-05
2025-12-02,0.0808403909128994,1.8522707601001094,-0.00012108030988486427
2025-12-03,0.0683953932702126,1.896177900132471,-0.00017540900005231217
2025-12-04,0.07019873105429086,1.8750447838942899,-6.862623927809762e-05
2025-12-05,0.047196001915946195,1.8600146457609987,5.658439579406564e-05
2025-12-08,0.07882827888470167,1.8817049177513931,8.215307718180105e-05
2025-12-09,0.09440130085033471,1.885990600698374,0.0001240293126437291
2025-12-10,0.05961790269944167,1.8661978579603307,-6.293884489511807e-05
2025-12-11,0.09857027101922711,1.8731373178033566,-2.0086934715688853e-05
2025-12-12,0.12634148224580244,1.8343631986763547,-1.2411992368172378e-05
2025-12-15,0.12498951767978106,1.8229311046863645,7.042752497802424e-06
2025-12-16,0.10818502649206607,1.8159712744370786,1.6492506071956806e-05
2025-12-17,0.10869793955489548,1.8310107802927567,0.00011418711231919298
2025-12-18,0.11862067406750398,1.8257107168482714,-9.675699564169835e-05
2025-12-19,0.1336047146446534,1.8421603231914019,-0.0055801602236353245
2025-12-22,0.11260040075680777,1.8392785183995106,7.075477824048564e-05
2025-12-23,0.1083342262151159,1.8570091766240995,-0.018835304925523166
2025-12-24,0.0701260410576992,1.8587507382011565,0.005462621818743156
2025-12-25,0.0,1.8757175733744478,0.0077575150525867696
2025-12-26,0.12424977218489619,1.9012329064575417,0.00933904689453424
2025-12-29,0.11158943178492542,1.901782860142962,0.01726449589007516
2025-12-30,0.11028233445701656,1.9021705380960539,0.0008049157836850169
2025-12-31,0.09079456762186422,1.9193901193391647,0.036505301201447356
2026-01-01,0.0,1.9466299101985565,-0.00603208367718258
2026-01-02,0.07026736527498609,1.9000635512895683,-0.019999407148551303
2026-01-05,0.07800581296344339,1.8946305186194536,0.020344143758973185
2026-01-06,0.09234240848185778,1.882830160543751,0.03320108642324579
2026-01-07,0.13252076733642626,1.8915552787311563,0.003773984867536344
2026-01-08,0.0344358496506047,1.8884292832752463,0.01374429315913714
2026-01-09,0.05925792137546389,1.9030194089008643,-0.023763880742731513
2026-01-12,0.06617242031213627,1.9018150571282406,-0.007868070428268354
2026-01-13,0.10992567189132486,1.9327925357941311,-0.02920797274113201
2026-01-14,0.04895558561747359,1.9634857513948565,-0.057407548124505985
2026-01-15,0.11285973490061252,1.9484651644051674,-0.02333439975985631
2026-01-16,0.12476317205936777,1.948403811648,-0.0012846395101246593
2026-01-19,0.0,1.9601893834566342,-0.010834351587617471
2026-01-20,0.06375283334776453,1.9675931167626561,-0.01686569899102747
2026-01-21,0.08469887642033701,1.9999979740702307,-0.11857096814053028
