date,pnl,cumulative_return
2021-01-27,0.0025673365565146854,0.0025673365565146854
2021-01-28,-0.011698082787694165,-0.00913074623117948
2021-01-29,-0.011937748824230907,-0.021068495055410388
2021-02-01,0.01217857476646378,-0.008889920288946607
2021-02-02,0.005852850335562045,-0.003037069953384562
2021-02-03,0.0066218976939499226,0.0035848277405653604
2021-02-04,0.016878566795692624,0.020463394536257985
2021-02-05,0.011228382036910444,0.03169177657316843
2021-02-08,0.02332840382413205,0.05502018039730047
2021-02-09,0.008788805270202427,0.0638089856675029
2021-02-10,-0.001115545584352084,0.06269344008315081
2021-02-11,0.008549305978026302,0.07124274606117711
2021-02-12,0.008023830566031785,0.0792665766272089
2021-02-15,0.0,0.0792665766272089
2021-02-16,0.0022024077495477285,0.08146898437675663
2021-02-17,-0.0025981405882656143,0.07887084378849102
2021-02-18,-0.008134589817266445,0.07073625397122457
2021-02-19,0.01708795100962319,0.08782420498084777
2021-02-22,-0.000570169998846558,0.08725403498200121
2021-02-23,-0.00039612238421218697,0.08685791259778902
2021-02-24,0.021053387046342766,0.10791129964413179
2021-02-25,-0.02832366660768099,0.0795876330364508
2021-02-26,-0.0028871473496222036,0.0767004856868286
2021-03-01,0.022477369909096264,0.09917785559592487
2021-03-02,-0.003351914910600397,0.09582594068532448
2021-03-03,0.0005117577572460026,0.09633769844257048
2021-03-04,-0.01792578481631969,0.07841191362625079
2021-03-05,0.02409972354392654,0.10251163717017733
2021-03-08,0.014183463032461619,0.11669510020263896
2021-03-09,-0.002954733649941498,0.11374036655269745
2021-03-10,0.012168875132594388,0.12590924168529183
2021-03-11,0.0073121467839252045,0.13322138846921702
2021-03-12,0.012307408480351684,0.14552879694956872
2021-03-15,0.010046598255587472,0.15557539520515618
2021-03-16,-0.00889709690663382,0.14667829829852236
2021-03-17,0.007718042247754617,0.154396340546277
2021-03-18,-0.006113544431491084,0.1482827961147859
2021-03-19,0.003540022414248065,0.15182281852903395
2021-03-22,-0.0018940826099460846,0.14992873591908787
2021-03-23,-0.021346080652816915,0.12858265526627094
2021-03-24,-0.006428264493423927,0.12215439077284701
2021-03-25,0.014340155482627775,0.13649454625547477
2021-03-26,0.018857755226568206,0.155352301482043
2021-03-29,-0.006115517564229705,0.14923678391781328
2021-03-30,0.004332166134415711,0.15356895005222898
2021-03-31,-0.0012348520429281468,0.15233409800930084
2021-04-01,0.01335027889020607,0.1656843768995069
2021-04-02,0.0,0.1656843768995069
2021-04-05,0.011964562273151631,0.17764893917265853
2021-04-06,-0.0006368136387031558,0.17701212553395537
2021-04-07,-0.002715694502965564,0.1742964310309898
2021-04-08,0.003908871868410756,0.17820530289940056
2021-04-09,0.006579412969555423,0.18478471586895598
2021-04-12,7.384585952526326e-05,0.18485856172848125
2021-04-13,0.0014467999609045219,0.18630536168938577
2021-04-14,-0.0005399808221748813,0.1857653808672109
2021-04-15,0.012321019865074659,0.19808640073228556
2021-04-16,0.0048526050200289935,0.20293900575231455
2021-04-19,-0.005608183972644361,0.19733082177967018
2021-04-20,-0.0055829559976411655,0.19174786578202901
2021-04-21,0.01078787303273886,0.20253573881476788
2021-04-22,-0.0015390718579650843,0.2009966669568028
2021-04-23,0.013133623380876105,0.21413029033767889
2021-04-26,0.0021986859471048613,0.21632897628478376
2021-04-27,0.005003479854189493,0.22133245613897326
2021-04-28,0.001801504505970862,0.22313396064494412
2021-04-29,0.006760659259302108,0.22989461990424623
2021-04-30,-0.008618332051444523,0.2212762878528017
2021-05-03,0.006659421702865424,0.22793570955566714
2021-05-04,-0.0015313906854089523,0.2264043188702582
2021-05-05,0.0040925809763263845,0.23049689984658459
2021-05-06,0.0059629977201076986,0.23645989756669228
2021-05-07,0.013470635552498497,0.24993053311919078
2021-05-10,-0.004152093368977031,0.24577843975021374
2021-05-11,-0.012434122634098002,0.23334431711611575
2021-05-12,-0.023039019765855366,0.21030529735026038
2021-05-13,0.017259676750944704,0.22756497410120508
2021-05-14,0.016513254131658467,0.24407822823286354
2021-05-17,0.0028707562155549085,0.24694898444841845
2021-05-18,-0.010723687880828184,0.23622529656759028
2021-05-19,-0.006532238346010276,0.22969305822158
2021-05-20,0.00829732307433678,0.2379903812959168
2021-05-21,0.0034155670364708706,0.24140594833238765
2021-05-24,0.007795945560699605,0.24920189389308725
2021-05-25,-0.004926655481842476,0.24427523841124477
2021-05-26,0.007156672613972295,0.25143191102521706
2021-05-27,0.006457745999283015,0.25788965702450006
2021-05-28,0.0026045463926766053,0.26049420341717666
2021-05-31,0.0,0.26049420341717666
2021-06-01,0.006288788590414016,0.2667829920075907
2021-06-02,0.0017066819330939025,0.2684896739406846
2021-06-03,-0.00011395868669349331,0.2683757152539911
2021-06-04,0.008932473262666723,0.27730818851665784
2021-06-07,0.005511913523724708,0.28282010204038255
2021-06-08,0.003655268504424409,0.286475370544807
2021-06-09,-0.003220777117602867,0.2832545934272041
2021-06-10,0.003845644961407829,0.28710023838861193
2021-06-11,0.0030359868524626908,0.29013622524107463
2021-06-14,-0.0010003557193111825,0.28913586952176346
2021-06-15,-0.0006925813586567465,0.2884432881631067
2021-06-16,-0.002833814762851605,0.2856094734002551
2021-06-17,3.055268194979977e-05,0.2856400260822049
2021-06-18,-0.010589898495686421,0.2750501275865185
2021-06-21,0.01496360922866931,0.2900137368151878
2021-06-22,0.005390981795124392,0.29540471861031214
2021-06-23,-1.6392012412854756e-05,0.29538832659789926
2021-06-24,0.006234166457580339,0.3016224930554796
2021-06-25,0.0049271619233044375,0.30654965497878406
2021-06-28,0.0017637528570019277,0.308313407835786
2021-06-29,0.00314234773634231,0.3114557555721283
2021-06-30,-0.003099633634402233,0.30835612193772605
2021-07-01,0.005688742998215262,0.3140448649359413
2021-07-02,0.006741207870770101,0.3207860728067114
2021-07-05,0.0,0.3207860728067114
2021-07-06,-0.00030369372578460435,0.3204823790809268
2021-07-07,0.004823855083511092,0.3253062341644379
2021-07-08,-0.008648468865192747,0.3166577652992451
2021-07-09,0.011831320538873055,0.32848908583811814
2021-07-12,0.0034769486362113996,0.33196603447432954
2021-07-13,-0.00540761096071642,0.32655842351361314
2021-07-14,-0.0029414806594751726,0.32361694285413795
2021-07-15,-0.001749009854969209,0.3218679329991687
2021-07-16,-0.0019471343723553116,0.3199207986268134
2021-07-19,-0.00826575923525621,0.3116550393915572
2021-07-20,0.018633901479854897,0.3302889408714121
2021-07-21,0.009818124548233997,0.3401070654196461
2021-07-22,0.0069994621852509965,0.3471065276048971
2021-07-23,0.01518844069047322,0.3622949682953703
2021-07-26,-0.0009541986904943211,0.36134076960487593
2021-07-27,-0.0035555311315210083,0.3577852384733549
2021-07-28,0.006134169813659492,0.3639194082870144
2021-07-29,0.00855999803983549,0.3724794063268499
2021-07-30,0.0017827159875087467,0.3742621223143586
2021-08-02,0.001473696353683091,0.37573581866804173
2021-08-03,0.015684012291392484,0.3914198309594342
2021-08-04,0.009116685404921113,0.40053651636435533
2021-08-05,0.0021487247992586856,0.40268524116361404
2021-08-06,0.0033941682968431103,0.4060794094604572
2021-08-09,0.005328539649491467,0.41140794910994866
2021-08-10,0.0015138273622890643,0.4129217764722377
2021-08-11,-0.00028448777173596467,0.41263728870050176
2021-08-12,0.0026491244283769126,0.41528641312887865
2021-08-13,0.003306036479329432,0.4185924496082081
2021-08-16,-0.002467810197624791,0.4161246394105833
2021-08-17,-0.00635845162242889,0.40976618778815443
2021-08-18,-0.0055182003467074536,0.40424798744144697
2021-08-19,-0.0035138819475315514,0.4007341054939154
2021-08-20,0.009234098355792355,0.4099682038497078
2021-08-23,0.009340764640758554,0.41930896849046634
2021-08-24,0.005910682641950561,0.4252196511324169
2021-08-25,0.0054093793454956145,0.4306290304779125
2021-08-26,-0.0054103037615402935,0.42521872671637223
2021-08-27,0.010467889769881937,0.4356866164862542
2021-08-30,0.002562384959440859,0.438249001445695
2021-08-31,-0.0016762535014903386,0.43657274794420464
2021-09-01,0.00276702297103514,0.4393397709152398
2021-09-02,0.010189730618513264,0.44952950153375304
2021-09-03,0.0018508660433527754,0.4513803675771058
2021-09-06,0.0,0.4513803675771058
2021-09-07,-0.0061832295336325055,0.44519713804347333
2021-09-08,-0.001394358680249514,0.4438027793632238
2021-09-09,0.0002302531003593368,0.44403303246358317
2021-09-10,-0.0030812153211498177,0.44095181714243337
2021-09-13,-0.003100525619750888,0.4378512915226825
2021-09-14,-0.0013429038343560824,0.4365083876883264
2021-09-15,0.010984416065698216,0.4474928037540246
2021-09-16,0.0004783218247640286,0.44797112557878865
2021-09-17,-0.0072832726139955345,0.4406878529647931
2021-09-20,-0.018006767289069057,0.42268108567572404
2021-09-21,0.004153943709827734,0.4268350293855518
2021-09-22,0.013530469715948422,0.4403654991015002
2021-09-23,0.014388316354994327,0.4547538154564945
2021-09-24,0.002763099323121528,0.45751691477961604
2021-09-27,-0.00469909477440039,0.45281782000521564
2021-09-28,-0.020429591349109863,0.43238822865610577
2021-09-29,0.001685077996651487,0.43407330665275723
2021-09-30,-0.012451819491200361,0.4216214871615569
2021-10-01,0.017592981049734842,0.43921446821129173
2021-10-04,-0.0069240627916204315,0.4322904054196713
2021-10-05,0.008938895734986936,0.44122930115465825
2021-10-06,0.002122946317534805,0.44335224747219304
2021-10-07,0.009909431374535649,0.4532616788467287
2021-10-08,0.0022467258286578925,0.45550840467538656
2021-10-11,-0.0016657108066602654,0.4538426938687263
2021-10-12,0.0039260939058375485,0.4577687877745638
2021-10-13,0.003990302625678135,0.46175909040024193
2021-10-14,0.01335778901174073,0.47511687941198266
2021-10-15,0.005991016502457052,0.4811078959144397
2021-10-18,0.00390016321857715,0.48500805913301687
2021-10-19,0.004885747364561367,0.48989380649757824
2021-10-20,0.006866027855031638,0.4967598343526099
2021-10-21,0.00811539544916962,0.5048752298017796
2021-10-22,0.004609347569616759,0.5094845773713963
2021-10-25,0.006812118237842493,0.5162966956092387
2021-10-26,-0.00044319079419868375,0.5158535048150401
2021-10-27,-0.009363355682713473,0.5064901491323266
2021-10-28,0.014502892480117073,0.5209930416124436
2021-10-29,0.006324502221047481,0.5273175438334912
2021-11-01,0.004001920348119725,0.5313194641816109
2021-11-02,0.00728127928021314,0.5386007434618241
2021-11-03,0.006278721864716287,0.5448794653265404
2021-11-04,0.008829143937037508,0.5537086092635779
2021-11-05,0.0043934073680888235,0.5581020166316667
2021-11-08,0.00393164725836383,0.5620336638900305
2021-11-09,0.001938421314110417,0.5639720852041409
2021-11-10,-0.01572556688033011,0.5482465183238108
2021-11-11,0.011034931872858363,0.5592814501966691
2021-11-12,0.008317524762386725,0.5675989749590558
2021-11-15,0.001636909212057162,0.5692358841711129
2021-11-16,0.009828191295458946,0.5790640754665719
2021-11-17,-0.0041908732629632635,0.5748732022036086
2021-11-18,0.001812154067403283,0.5766853562710119
2021-11-19,-0.0019106382148389228,0.574774718056173
2021-11-22,-0.007531656373283149,0.5672430616828898
2021-11-23,0.0011233879851556819,0.5683664496680455
2021-11-24,0.006218560354711932,0.5745850100227574
2021-11-25,0.0,0.5745850100227574
2021-11-26,-0.02152845870625641,0.553056551316501
2021-11-29,0.017843971328854666,0.5709005226453556
2021-11-30,-0.023859038561508006,0.5470414840838476
2021-12-01,-0.01254870378768138,0.5344927802961662
2021-12-02,0.01719042663588576,0.551683206932052
2021-12-03,-0.005206122125234436,0.5464770848068176
2021-12-06,0.0031000677184001815,0.5495771525252178
2021-12-07,0.025648370389906062,0.5752255229151239
2021-12-08,0.002321120414471094,0.5775466433295949
2021-12-09,-0.008531652703012618,0.5690149906265823
2021-12-10,0.011141231878982165,0.5801562225055645
2021-12-13,-0.009452879728260748,0.5707033427773038
2021-12-14,-0.008044659902359377,0.5626586828749445
2021-12-15,0.01774204363023907,0.5804007265051836
2021-12-16,-0.007739970312176083,0.5726607561930075
2021-12-17,-0.008151323433521283,0.5645094327594862
2021-12-20,-0.009128291328486514,0.5553811414309997
2021-12-21,0.019878167438392425,0.5752593088693921
2021-12-22,0.011937559505887561,0.5871968683752797
2021-12-23,0.0064615741595618476,0.5936584425348416
2021-12-24,0.0,0.5936584425348416
2021-12-27,0.016810011174917476,0.610468453709759
2021-12-28,-0.001640321503522725,0.6088281322062362
2021-12-29,0.00414169414412234,0.6129698263503586
2021-12-30,-0.005414194399983889,0.6075556319503747
2021-12-31,0.0005872929956493448,0.608142924946024
2022-01-03,0.0030699389172892276,0.6112128638633132
2022-01-04,0.010070692572629963,0.6212835564359431
2022-01-05,-0.017386390114886022,0.603897166321057
2022-01-06,0.004591602175019326,0.6084887684960764
2022-01-07,-0.00012084878567087869,0.6083679197104055
2022-01-10,-0.0030420927975511767,0.6053258269128543
2022-01-11,0.010109072825135769,0.61543489973799
2022-01-12,0.002888989130532466,0.6183238888685225
2022-01-13,0.0006372564758627962,0.6189611453443853
2022-01-14,0.00792842857681006,0.6268895739211954
2022-01-17,0.0,0.6268895739211954
2022-01-18,-0.018039663211940896,0.6088499107092544
2022-01-19,-0.01780453136573237,0.5910453793435221
2022-01-20,-0.013851273154505439,0.5771941061890167
2022-01-21,-0.017027535687849857,0.5601665705011668
2022-01-24,0.0053713224555559155,0.5655378929567227
2022-01-25,-0.0018360825466934652,0.5637018104100293
2022-01-26,-0.0041579785840926515,0.5595438318259367
2022-01-27,-0.0057526535046086786,0.5537911783213281
2022-01-28,0.018744357295527748,0.5725355356168558
2022-01-31,0.01085628215886918,0.5833918177757249
2022-02-01,0.011731454941422486,0.5951232727171474
2022-02-02,0.009464552116114796,0.6045878248332621
2022-02-03,-0.010394446891421084,0.594193377941841
2022-02-04,0.0023796835872724157,0.5965730615291134
2022-02-07,0.004950160460832526,0.6015232219899459
2022-02-08,0.013229619782329838,0.6147528417722757
2022-02-09,0.015814835710321627,0.6305676774825973
2022-02-10,-0.009106002417062657,0.6214616750655347
2022-02-11,-0.012987237702862609,0.6084744373626721
2022-02-14,-0.007404080190800601,0.6010703571718715
2022-02-15,0.022645339899379457,0.623715697071251
2022-02-16,0.005202031301118091,0.628917728372369
2022-02-17,-0.017636554268786884,0.6112811741035822
2022-02-18,-0.006645649613174066,0.6046355244904081
2022-02-21,0.0,0.6046355244904081
2022-02-22,-0.01183460081420476,0.5928009236762034
2022-02-23,-0.015332236809206643,0.5774686868669968
2022-02-24,0.011856467878927891,0.5893251547459247
2022-02-25,0.028553715558221844,0.6178788703041466
2022-02-28,0.0021712449237096545,0.6200501152278562
2022-03-01,-0.013434068625947251,0.606616046601909
2022-03-02,0.022951495305549248,0.6295675419074583
2022-03-03,-0.0010417315081952838,0.628525810399263
2022-03-04,0.0016620534487650077,0.630187863848028
2022-03-07,-0.024023345716775328,0.6061645181312527
2022-03-08,-0.013312419928173351,0.5928520982030794
2022-03-09,0.016025781765866814,0.6088778799689462
2022-03-10,0.005708785017264687,0.6145866649862108
2022-03-11,-0.008324900066028457,0.6062617649201824
2022-03-14,-0.005812757235642355,0.60044900768454
2022-03-15,0.016240631833609333,0.6166896395181494
2022-03-16,0.009784559730509021,0.6264741992486584
2022-03-17,0.017321403220551836,0.6437956024692103
2022-03-18,0.009523387702878857,0.6533189901720892
2022-03-21,0.004343842488990602,0.6576628326610797
2022-03-22,0.006991707137008634,0.6646545397980883
2022-03-23,-0.005939769818057232,0.6587147699800311
2022-03-24,0.015749931835711068,0.6744647018157421
2022-03-25,0.008035384470670788,0.6825000862864129
2022-03-28,0.002291598813279742,0.6847916850996927
2022-03-29,0.007786250335466011,0.6925779354351587
2022-03-30,-0.003863944584845524,0.6887139908503132
2022-03-31,-0.009745482715188854,0.6789685081351243
2022-04-01,0.005424951718952098,0.6843934598540764
2022-04-04,0.004340595207509181,0.6887340550615856
2022-04-05,-0.00912620834931988,0.6796078467122657
2022-04-06,-0.005334323065060237,0.6742735236472055
2022-04-07,0.006995647717452509,0.681269171364658
2022-04-08,0.0022243868176844064,0.6834935581823425
2022-04-11,-0.00949751151432415,0.6739960466680184
2022-04-12,0.0013961784957692831,0.6753922251637876
2022-04-13,0.015573963731644757,0.6909661888954324
2022-04-14,-0.0028282334129392287,0.6881379554824931
2022-04-15,0.0,0.6881379554824931
2022-04-18,0.00012197707134413865,0.6882599325538372
2022-04-19,0.014081053001405268,0.7023409855552425
2022-04-20,0.005264636420074566,0.7076056219753171
2022-04-21,-0.015501021419668843,0.6921046005556483
2022-04-22,-0.0289586257071265,0.6631459748485218
2022-04-25,0.0037819082332978733,0.6669278830818196
2022-04-26,-0.02156022399152622,0.6453676590902934
2022-04-27,0.00624066004144555,0.6516083191317389
2022-04-28,0.019370177429484044,0.6709784965612229
2022-04-29,-0.02911366356521288,0.64186483299601
2022-05-02,0.001424443547338108,0.6432892765433481
2022-05-03,0.013396428853270035,0.6566857053966182
2022-05-04,0.034183239927421026,0.6908689453240392
2022-05-05,-0.02765959344546485,0.6632093518785743
2022-05-06,-0.005256185354751369,0.657953166523823
2022-05-09,-0.03304553059336117,0.6249076359304618
2022-05-10,0.001865337413737906,0.6267729733441998
2022-05-11,-0.012662789021611746,0.614110184322588
2022-05-12,0.003895135967336819,0.6180053202899248
2022-05-13,0.025575165914331743,0.6435804862042566
2022-05-16,0.0029333959163267303,0.6465138821205832
2022-05-17,0.026522525204108496,0.6730364073246917
2022-05-18,-0.03422599240790986,0.6388104149167818
2022-05-19,-0.0030692019315178643,0.635741212985264
2022-05-20,-0.0016686740743285492,0.6340725389109354
2022-05-23,0.012886604906026378,0.6469591438169617
2022-05-24,-0.006709838733857753,0.640249305083104
2022-05-25,0.014583769518432576,0.6548330746015365
2022-05-26,0.02172205793724029,0.6765551325387767
2022-05-27,0.02497776797535839,0.7015329005141351
2022-05-30,0.0,0.7015329005141351
2022-05-31,-0.010477741391562403,0.6910551591225726
2022-06-01,-0.009723537847516091,0.6813316212750565
2022-06-02,0.020261024514112415,0.7015926457891689
2022-06-03,-0.008731020260390316,0.6928616255287786
2022-06-06,0.007506101767927242,0.7003677272967058
2022-06-07,0.012790471762232134,0.713158199058938
2022-06-08,-0.010625255935532298,0.7025329431234056
2022-06-09,-0.022519057680466827,0.6800138854429388
2022-06-10,-0.026454696426277294,0.6535591890166615
2022-06-13,-0.04287189945507046,0.6106872895615911
2022-06-14,0.004298802530281647,0.6149860920918728
2022-06-15,0.012797322157713332,0.6277834142495862
2022-06-16,-0.03456615757786578,0.5932172566717204
2022-06-17,0.0024158948722332652,0.5956331515439537
2022-06-20,0.0,0.5956331515439537
2022-06-21,0.026562637794254464,0.6221957893382082
2022-06-22,-0.002435237378188832,0.6197605519600193
2022-06-23,0.017248278206834302,0.6370088301668536
2022-06-24,0.030965442636730477,0.6679742728035841
2022-06-27,-0.0035501597188331304,0.664424113084751
2022-06-28,-0.01901028541378009,0.6454138276709709
2022-06-29,-0.003176186116378768,0.6422376415545921
2022-06-30,-0.005329560935355212,0.6369080806192369
2022-07-01,0.01710185752737236,0.6540099381466092
2022-07-04,0.0,0.6540099381466092
2022-07-05,0.006954618255755079,0.6609645564023643
2022-07-06,0.0030143197899587634,0.6639788761923231
2022-07-07,0.01558999608365351,0.6795688722759766
2022-07-08,-0.0011416985132216184,0.678427173762755
2022-07-11,-0.009393668529830262,0.6690335052329247
2022-07-12,-0.012519793737454005,0.6565137114954707
2022-07-13,-0.0018234112148669598,0.6546903002806037
2022-07-14,-0.004967750663568755,0.6497225496170349
2022-07-15,0.016712707336308003,0.6664352569533429
2022-07-18,-0.006778423217102989,0.65965683373624
2022-07-19,0.0295879687316339,0.6892448024678739
2022-07-20,0.009558807952536792,0.6988036104204107
2022-07-21,0.01106953490872671,0.7098731453291375
2022-07-22,-0.007306905735719242,0.7025662395934182
2022-07-25,0.002932812626528885,0.7054990522199471
2022-07-26,-0.010451794957231367,0.6950472572627158
2022-07-27,0.02289467566918345,0.7179419329318992
2022-07-28,0.020782070897595966,0.7387240038294952
2022-07-29,0.014930720540809668,0.7536547243703049
2022-08-01,-0.002366190620407616,0.7512885337498972
2022-08-02,-0.004279471678751093,0.7470090620711461
2022-08-03,0.014329861379968771,0.7613389234511149
2022-08-04,0.004428191394137895,0.7657671148452527
2022-08-05,0.004879660766201596,0.7706467756114543
2022-08-08,0.005479948758609402,0.7761267243700637
2022-08-09,-0.005892615983002041,0.7702341083870616
2022-08-10,0.028922335567828847,0.7991564439548905
2022-08-11,-0.00016509829301043454,0.79899134566188
2022-08-12,0.020904724338234162,0.8198960700001142
2022-08-15,0.003969095857186632,0.8238651658573009
2022-08-16,0.0010798135551647594,0.8249449794124656
2022-08-17,-0.009119764246374321,0.8158252151660913
2022-08-18,0.004790579604469739,0.820615794770561
2022-08-19,-0.015297590699125731,0.8053182040714353
2022-08-22,-0.017509839522585433,0.7878083645488498
2022-08-23,-0.0006132064632452881,0.7871951580856046
2022-08-24,0.008874380088717387,0.796069538174322
2022-08-25,0.01943197613246104,0.8155015143067831
2022-08-26,-0.02847814775149872,0.7870233665552844
2022-08-29,-0.002103041056813264,0.7849203254984711
2022-08-30,-0.012197115209916029,0.7727232102885551
2022-08-31,-0.0016862656975874372,0.7710369445909676
2022-09-01,-0.002126482221576783,0.7689104623693909
2022-09-02,-0.0034504797656996966,0.7654599826036912
2022-09-05,0.0,0.7654599826036912
2022-09-06,-0.002841850642417663,0.7626181319612735
2022-09-07,0.023958194833143813,0.7865763267944172
2022-09-08,0.012590905830671233,0.7991672326250885
2022-09-09,0.012011865494677004,0.8111790981197655
2022-09-12,0.00789291032897828,0.8190720084487438
2022-09-13,-0.031950245066258764,0.7871217633824851
2022-09-14,0.007534092413393673,0.7946558557958787
2022-09-15,-0.006123856421682223,0.7885319993741965
2022-09-16,-0.012315754490480814,0.7762162448837157
2022-09-19,0.010455947716989683,0.7866721926007053
2022-09-20,-0.013936599098464453,0.7727355935022409
2022-09-21,-0.015433612146420818,0.75730198135582
2022-09-22,-0.016207371988490538,0.7410946093673295
2022-09-23,-0.02132940078078884,0.7197652085865407
2022-09-26,-0.007928894406993169,0.7118363141795475
2022-09-27,0.005943527160217646,0.7177798413397651
2022-09-28,0.03279475030419562,0.7505745916439608
2022-09-29,-0.018473432831620902,0.7321011588123398
2022-09-30,-0.007637762125235871,0.7244633966871039
2022-10-03,0.02575670403076684,0.7502201007178707
2022-10-04,0.03829612748095943,0.7885162281988302
2022-10-05,0.00019833316498290887,0.788714561363813
2022-10-06,-0.0018920432529730437,0.7868225181108399
2022-10-07,-0.02025532874402245,0.7665671893668174
2022-10-10,-0.006695122039231375,0.759872067327586
2022-10-11,-0.005037738422046765,0.7548343289055393
2022-10-12,-0.005689558539495373,0.7491447703660439
2022-10-13,0.019979288554484383,0.7691240589205283
2022-10-14,-0.02504706630243291,0.7440769926180953
2022-10-17,0.021496344144354636,0.76557333676245
2022-10-18,0.015309888603853163,0.7808832253663032
2022-10-19,-0.005598798671471426,0.7752844266948318
2022-10-20,-0.00506174895340127,0.7702226777414305
2022-10-21,0.029930603782237046,0.8001532815236675
2022-10-24,0.012671381303922242,0.8128246628275897
2022-10-25,0.01776210366803453,0.8305867664956242
2022-10-26,0.005343223595725227,0.8359299900913495
2022-10-27,0.006831494114313833,0.8427614842056633
2022-10-28,0.021800850191812996,0.8645623343974763
2022-10-31,-0.0014711909855795791,0.8630911434118967
2022-11-01,0.0037653308550256496,0.8668564742669224
2022-11-02,-0.01984258960285139,0.847013884664071
2022-11-03,0.003915641855674961,0.850929526519746
2022-11-04,0.017968157846392354,0.8688976843661383
2022-11-07,0.006108638018978861,0.8750063223851172
2022-11-08,0.003213660707352668,0.8782199830924698
2022-11-09,-0.017835414601898733,0.8603845684905711
2022-11-10,0.055522773935810794,0.9159073424263819
2022-11-11,0.010434401316762945,0.9263417437431449
2022-11-14,-0.009355515679218118,0.9169862280639268
2022-11-15,0.015316840784741655,0.9323030688486684
2022-11-16,-0.014064617953190599,0.9182384508954778
2022-11-17,-0.004616402331901037,0.9136220485635768
2022-11-18,0.005424083496156151,0.919046132059733
2022-11-21,-0.003436561961814931,0.915609570097918
2022-11-22,0.015049094743104076,0.9306586648410221
2022-11-23,0.005825507614957952,0.93648417245598
2022-11-24,0.0,0.93648417245598
2022-11-25,0.0023561426619836826,0.9388403151179637
2022-11-28,-0.015384376235440487,0.9234559388825232
2022-11-29,0.002924429124960218,0.9263803680074835
2022-11-30,0.028611618029954836,0.9549919860374383
2022-12-01,0.003758403792276579,0.9587503898297148
2022-12-02,0.0004300993676704452,0.9591804891973853
2022-12-05,-0.01832198540423788,0.9408585037931474
2022-12-06,-0.010484179969168918,0.9303743238239784
2022-12-07,-0.0005516743840440206,0.9298226494399344
2022-12-08,0.011260276960690773,0.9410829264006252
2022-12-09,-0.010657157113192067,0.9304257692874331
2022-12-12,0.013855719430399822,0.944281488717833
2022-12-13,0.014174687105173197,0.9584561758230062
2022-12-14,-0.00396570547290302,0.9544904703501033
2022-12-15,-0.023786007964315358,0.9307044623857879
2022-12-16,-0.009622410447918938,0.921082051937869
2022-12-19,-0.009628305843913646,0.9114537460939554
2022-12-20,0.003930737537864845,0.9153844836318202
2022-12-21,0.018728513257882343,0.9341129968897026
2022-12-22,-0.011888133598616167,0.9222248632910864
2022-12-23,0.00444333620960194,0.9266681995006883
2022-12-26,0.0,0.9266681995006883
2022-12-27,0.0017239760682018,0.9283921755688902
2022-12-28,-0.015372201543563129,0.9130199740253271
2022-12-29,0.015188407168277157,0.9282083811936043
2022-12-30,-0.002034130939064433,0.9261742502545398
2023-01-02,0.0,0.9261742502545398
2023-01-03,0.0027228506302441734,0.9288971008847839
2023-01-04,0.01889286794142428,0.9477899688262083
2023-01-05,-0.003029654037624025,0.9447603147885842
2023-01-06,0.024963234355589323,0.9697235491441736
2023-01-09,0.0019749176969889592,0.9716984668411626
2023-01-10,0.010559303411734831,0.9822577702528974
2023-01-11,0.008837867074513261,0.9910956373274107
2023-01-12,0.008038931630187417,0.9991345689575981
2023-01-13,0.006034731487461552,1.0051693004450597
2023-01-16,0.0,1.0051693004450597
2023-01-17,-0.0014767319799815026,1.0036925684650781
2023-01-18,-0.013576501452386475,0.9901160670126917
2023-01-19,-0.009945811586967324,0.9801702554257244
2023-01-20,0.020497041377331927,1.0006672968030563
2023-01-23,0.01542260931911601,1.0160899061221724
2023-01-24,-0.00225720290255336,1.013832703219619
2023-01-25,0.004737322916350111,1.0185700261359691
2023-01-26,0.013255827320976606,1.0318258534569458
2023-01-27,0.0034751954815277586,1.0353010489384735
2023-01-30,-0.014330006939917898,1.0209710419985556
2023-01-31,0.016504371702134694,1.0374754137006903
2023-02-01,0.016891872933900817,1.054367286634591
2023-02-02,0.018855359739318376,1.0732226463739094
2023-02-03,-0.01083257588011775,1.0623900704937916
2023-02-06,-0.00827578053059382,1.054114289963198
2023-02-07,0.00957422847417123,1.0636885184373692
2023-02-08,-0.007972520234272409,1.0557159982030968
2023-02-09,-0.009109889593477501,1.0466061086096192
2023-02-10,-0.0033729900935515816,1.0432331185160677
2023-02-13,0.01389986932374071,1.0571329878398084
2023-02-14,0.007038412126674115,1.0641713999664826
2023-02-15,0.012124299520226402,1.076295699486709
2023-02-16,-0.012546371124184467,1.0637493283625246
2023-02-17,-0.007235649593183983,1.0565136787693405
2023-02-20,0.0,1.0565136787693405
2023-02-21,-0.022446569046979413,1.034067109722361
2023-02-22,0.0003663482730235464,1.0344334579953847
2023-02-23,0.008485985016169567,1.0429194430115543
2023-02-24,-0.006592410945728223,1.036327032065826
2023-02-27,0.004226015561700778,1.0405530476275269
2023-02-28,0.000215555052090024,1.0407686026796168
2023-03-01,0.002101948555610695,1.0428705512352274
2023-03-02,0.008909180365172914,1.0517797316004003
2023-03-03,0.01622026955858685,1.0680000011589872
2023-03-06,-0.004400264893747448,1.0635997362652398
2023-03-07,-0.009262189329789302,1.0543375469354506
2023-03-08,0.004000604335812877,1.0583381512712635
2023-03-09,-0.019635281074344747,1.0387028701969188
2023-03-10,-0.02069019821000882,1.01801267198691
2023-03-13,-0.0020981857906190037,1.015914486196291
2023-03-14,0.02218696869053541,1.0381014548868264
2023-03-15,-0.01357285482219969,1.0245286000646268
2023-03-16,0.02173169051548024,1.046260290580107
2023-03-17,-0.010072102094444913,1.036188188485662
2023-03-20,0.008912326940935604,1.0451005154265978
2023-03-21,0.014186942736850307,1.0592874581634482
2023-03-22,-0.01806756479273913,1.041219893370709
2023-03-23,0.003963119113781315,1.0451830124844903
2023-03-24,0.004962172100921962,1.0501451845854122
2023-03-27,-0.0008420058598664133,1.0493031787255458
2023-03-28,-0.00011665466562605495,1.0491865240599196
2023-03-29,0.01617330409295161,1.0653598281528713
2023-03-30,0.004865985245424911,1.0702258133982963
2023-03-31,0.016486915301401468,1.0867127286996978
2023-04-03,0.0010478965809596935,1.0877606252806575
2023-04-04,-0.004548327156334308,1.0832122981243233
2023-04-05,-0.004968605776505046,1.0782436923478182
2023-04-06,0.0012297212616659062,1.0794734136094841
2023-04-07,0.0,1.0794734136094841
2023-04-10,0.0065243795489142616,1.0859977931583984
2023-04-11,0.005850346951956002,1.0918481401103544
2023-04-12,-0.0023655624885018218,1.0894825776218526
2023-04-13,0.010957149737768922,1.1004397273596216
2023-04-14,-0.0016813669612601946,1.0987583603983615
2023-04-17,0.0023529702308510148,1.1011113306292124
2023-04-18,0.006377814832212069,1.1074891454614244
2023-04-19,-0.0010206173962875713,1.1064685280651367
2023-04-20,-0.004456613170658224,1.1020119148944785
2023-04-21,0.002292149340467611,1.104304064234946
2023-04-24,1.989969656738962e-05,1.1043239639315134
2023-04-25,-0.01442793462095983,1.0898960293105535
2023-04-26,-0.004211138628092774,1.0856848906824608
2023-04-27,0.021075726850320626,1.1067606175327813
2023-04-28,0.010534122698984828,1.1172947402317661
2023-05-01,0.0003256924026744229,1.1176204326344406
2023-05-02,-0.00560595405526744,1.112014478579173
2023-05-03,0.001370301380581395,1.1133847799597545
2023-05-04,-0.002610218566647672,1.1107745613931068
2023-05-05,0.017011331327309587,1.1277858927204165
2023-05-08,0.0021912247710556346,1.1299771174914721
2023-05-09,5.2178177061035776e-05,1.1300292956685332
2023-05-10,0.006069976202504629,1.1360992718710379
2023-05-11,0.0005971630954358024,1.1366964349664737
2023-05-12,-0.002179426480912707,1.134517008485561
2023-05-15,0.007701046789487411,1.1422180552750483
2023-05-16,-0.005031013477813052,1.1371870417972352
2023-05-17,0.012083148975259441,1.1492701907724947
2023-05-18,0.016058249576962152,1.1653284403494568
2023-05-19,-0.003889045911977427,1.1614393944374795
2023-05-22,0.0016292596685374737,1.163068654106017
2023-05-23,-0.014188161940933931,1.148880492165083
2023-05-24,-0.005847964514130833,1.143032527650952
2023-05-25,0.016255453186317808,1.1592879808372698
2023-05-26,0.017371013788252204,1.176658994625522
2023-05-29,0.0,1.176658994625522
2023-05-30,0.0043154442750945035,1.1809744389006165
2023-05-31,-0.00745601218045169,1.1735184267201648
2023-06-01,0.01250108755034887,1.1860195142705137
2023-06-02,0.014247547239545048,1.2002670615100588
2023-06-05,0.0018276713964976575,1.2020947329065566
2023-06-06,0.006907388318141984,1.2090021212246986
2023-06-07,-0.0023651201369599348,1.2066370010877387
2023-06-08,0.008791236177158924,1.2154282372648977
2023-06-09,0.004318132278147262,1.219746369543045
2023-06-12,0.012780246942711676,1.2325266164857567
2023-06-13,0.011015760210259145,1.2435423766960159
2023-06-14,0.0013553350575864081,1.2448977117536022
2023-06-15,0.011094523887180357,1.2559922356407827
2023-06-16,-0.004817795429753197,1.2511744402110294
2023-06-19,0.0,1.2511744402110294
2023-06-20,-0.004034174387086168,1.2471402658239432
2023-06-21,-0.0041520707600420535,1.2429881950639012
2023-06-22,-0.00041865676357822896,1.242569538300323
2023-06-23,-0.005540323599943695,1.2370292147003794
2023-06-26,-0.0010102070956385292,1.2360190076047408
2023-06-27,0.021754181122366243,1.257773188727107
2023-06-28,0.004834396732685992,1.2626075854597931
2023-06-29,0.006035048450161613,1.2686426339099548
2023-06-30,0.012582867977406653,1.2812255018873615
2023-07-03,0.00454016135017191,1.2857656632375334
2023-07-04,0.0,1.2857656632375334
2023-07-05,-0.002856642332277814,1.2829090209052556
2023-07-06,-0.010031840321808242,1.2728771805834473
2023-07-07,0.00409629370539377,1.276973474288841
2023-07-10,0.014836412599543937,1.291809886888385
2023-07-11,0.011982028536686595,1.3037919154250714
2023-07-12,0.0051955279377698515,1.3089874433628412
2023-07-13,0.016622625931456372,1.3256100692942976
2023-07-14,-0.003011569578817352,1.3225984997154803
2023-07-17,0.006809014647348342,1.3294075143628286
2023-07-18,0.006999387543049196,1.3364069019058777
2023-07-19,0.002045785318115187,1.338452687223993
2023-07-20,-0.008808738344966626,1.3296439488790264
2023-07-21,-0.0007512602400838925,1.3288926886389425
2023-07-24,0.002204891317317584,1.33109757995626
2023-07-25,0.0065844395513015045,1.3376820195075616
2023-07-26,0.004410118588398344,1.3420921380959598
2023-07-27,-0.005908997460141497,1.3361831406358184
2023-07-28,0.01162418243709595,1.3478073230729144
2023-07-31,0.0033465140955366776,1.351153837168451
2023-08-01,-0.0017356902783267174,1.3494181468901243
2023-08-02,-0.011089306398947103,1.3383288404911773
2023-08-03,-0.00124918369268815,1.337079656798489
2023-08-04,-0.0006098381412793988,1.3364698186572097
2023-08-07,0.011658745731294716,1.3481285643885044
2023-08-08,-0.003348437990313755,1.3447801263981907
2023-08-09,-0.00792016821117392,1.3368599581870166
2023-08-10,0.00615854782495731,1.343018506011974
2023-08-11,8.144367159260978e-05,1.3430999496835665
2023-08-14,0.0036060515412680515,1.3467060012248346
2023-08-15,-0.010601622044350542,1.336104379180484
2023-08-16,-0.006725497537555207,1.3293788816429288
2023-08-17,-0.012117738131912055,1.3172611435110169
2023-08-18,0.0022753525598383805,1.3195364960708553
2023-08-21,0.003398636591035596,1.322935132661891
2023-08-22,-0.0009300996570671931,1.3220050330048239
2023-08-23,0.01068566574781103,1.3326906987526348
2023-08-24,-0.011663071952951638,1.3210276267996832
2023-08-25,0.006731742959864156,1.3277593697595473
2023-08-28,0.007496556788590166,1.3352559265481374
2023-08-29,0.013314264825310264,1.3485701913734476
2023-08-30,0.005680708777065149,1.3542509001505127
2023-08-31,0.0012297760921093667,1.3554806762426221
2023-09-01,0.007911370850539588,1.3633920470931618
2023-09-04,0.0,1.3633920470931618
2023-09-05,-0.008719951704818025,1.3546720953883438
2023-09-06,-0.00010473044226825325,1.3545673649460754
2023-09-07,0.0003338095409133979,1.3549011744869888
2023-09-08,0.0013178862045347543,1.3562190606915234
2023-09-11,0.00682367083740048,1.363042731528924
2023-09-12,-0.006860748302410394,1.3561819832265136
2023-09-13,-0.00365975900696987,1.3525222242195438
2023-09-14,0.008856666692334576,1.3613788909118785
2023-09-15,-0.010573182228645409,1.350805708683233
2023-09-18,0.001931616581743506,1.3527373252649766
2023-09-19,-0.0037235867607328618,1.3490137385042438
2023-09-20,-0.003463307857375807,1.345550430646868
2023-09-21,-0.014890722499107091,1.330659708147761
2023-09-22,8.107742953315313e-05,1.3307407855772941
2023-09-25,0.006330583236134011,1.3370713688134281
2023-09-26,-0.0143274171066295,1.3227439517067987
2023-09-27,0.00436971684919095,1.3271136685559897
2023-09-28,0.00967311863221371,1.3367867871882033
2023-09-29,-0.004566976865551572,1.3322198103226517
2023-10-02,-0.003978026240055209,1.3282417840825964
2023-10-03,-0.015453659685018077,1.3127881243975783
2023-10-04,0.011335259832714308,1.3241233842302926
2023-10-05,0.0006993290814446502,1.3248227133117372
2023-10-06,0.013043234871528617,1.3378659481832658
2023-10-09,0.010879900577012505,1.3487458487602784
2023-10-10,0.006713557354433585,1.355459406114712
2023-10-11,0.0074060195764412895,1.3628654256911534
2023-10-12,-0.005891637453094998,1.3569737882380584
2023-10-13,-0.003042481597820652,1.3539313066402376
2023-10-16,0.01105958858459489,1.3649908952248326
2023-10-17,0.004362381395253449,1.369353276620086
2023-10-18,-0.011586485614113526,1.3577667910059725
2023-10-19,-0.012830938548950635,1.3449358524570219
2023-10-20,-0.013591447005496256,1.3313444054515255
2023-10-23,-0.002803639917078376,1.3285407655344472
2023-10-24,0.011196381674422006,1.3397371472088693
2023-10-25,-0.009776081653423684,1.3299610655554457
2023-10-26,-0.005045939560197466,1.3249151259952483
2023-10-27,-0.005647893797932149,1.3192672321973162
2023-10-30,0.01050587389490436,1.3297731060922207
2023-10-31,0.011952611437943603,1.3417257175301642
2023-11-01,0.011897086784443038,1.3536228043146072
2023-11-02,0.019786729233909398,1.3734095335485166
2023-11-03,0.014628005030295531,1.3880375385788122
2023-11-06,-0.0005442929719600544,1.387493245606852
2023-11-07,0.0027629652089164658,1.3902562108157686
2023-11-08,-0.0003060505385839922,1.3899501602771847
2023-11-09,-0.004059581885200122,1.3858905783919846
2023-11-10,0.016209374181642502,1.402099952573627
2023-11-13,0.0017751525825328842,1.40387510515616
2023-11-14,0.023198459345564543,1.4270735645017245
2023-11-15,0.0019992632575622617,1.4290728277592868
2023-11-16,0.001282243913432556,1.4303550716727194
2023-11-17,0.005231476107896718,1.435586547780616
2023-11-20,0.00887752399333387,1.4444640717739499
2023-11-21,-0.0012536386817887895,1.4432104330921611
2023-11-22,0.006164710719743854,1.449375143811905
2023-11-23,0.0,1.449375143811905
2023-11-24,0.004397958040622989,1.453773101852528
2023-11-27,0.0019730819623483154,1.4557461838148762
2023-11-28,0.0017619203492778121,1.457508104164154
2023-11-29,0.007879768854844484,1.4653878730189984
2023-11-30,0.00909865412926201,1.4744865271482603
2023-12-01,0.015021551535209836,1.4895080786834702
2023-12-04,0.0012852948308109784,1.4907933735142813
2023-12-05,-0.0047103436808135155,1.4860830298334677
2023-12-06,-0.0011602483668321207,1.4849227814666357
2023-12-07,0.007104303832860734,1.4920270852994963
2023-12-08,0.007457331522481508,1.4994844168219779
2023-12-11,0.0054829867486727146,1.5049674035706506
2023-12-12,0.005080634335774599,1.5100480379064252
2023-12-13,0.021295548594280587,1.5313435865007057
2023-12-14,0.016588252940954836,1.5479318394416606
2023-12-15,-0.0037857385437441537,1.5441461008979165
2023-12-18,0.0005572020342737467,1.5447033029321902
2023-12-19,0.0095843095671599,1.55428761249935
2023-12-20,-0.016420716769533196,1.537866895729817
2023-12-21,0.014337832806346954,1.552204728536164
2023-12-22,0.00368755383834295,1.555892282374507
2023-12-25,0.0,1.555892282374507
2023-12-26,0.006685343998719939,1.562577626373227
2023-12-27,0.0055767687639589935,1.568154395137186
2023-12-28,0.0011798471606523473,1.5693342422978382
2023-12-29,-0.006698566958214486,1.5626356753396238
2024-01-01,0.0,1.5626356753396238
2024-01-02,-0.005313441575145563,1.5573222337644783
2024-01-03,-0.015771493002468235,1.5415507407620102
2024-01-04,0.0015182395426863837,1.5430689803046966
2024-01-05,0.0042568251999885705,1.5473258055046852
2024-01-08,0.013380406552648863,1.560706212057334
2024-01-09,-0.0027359469665454916,1.5579702650907885
2024-01-10,0.0025329804242653266,1.5605032455150538
2024-01-11,-0.0012501996822312659,1.5592530458328226
2024-01-12,-0.0008924362813993336,1.5583606095514233
2024-01-15,0.0,1.5583606095514233
2024-01-16,-0.0025377564137437766,1.5558228531376794
2024-01-17,-0.006898418840842862,1.5489244342968365
2024-01-18,0.008446569089291166,1.5573710033861277
2024-01-19,0.018513146280241175,1.575884149666369
2024-01-22,0.00698563184450804,1.582869781510877
2024-01-23,-0.0007869119620266962,1.5820828695488502
2024-01-24,-5.6616557409288e-05,1.582026252991441
2024-01-25,0.011705627231464507,1.5937318802229055
2024-01-26,-0.0009169650314336773,1.592814915191472
2024-01-29,0.0094938417521477,1.6023087569436196
2024-01-30,0.002519845930306284,1.6048286028739258
2024-01-31,-0.010880276477071156,1.5939483263968546
2024-02-01,0.019405095365174718,1.6133534217620293
2024-02-02,0.009160701488779533,1.622514123250809
2024-02-05,0.001137759157418793,1.6236518824082278
2024-02-06,0.0034592327353165173,1.6271111151435442
2024-02-07,0.010450011770355329,1.6375611269138997
2024-02-08,0.011083491271589028,1.6486446181854886
2024-02-09,0.0066367971177469206,1.6552814153032356
2024-02-12,0.00889324499009623,1.6641746602933318
2024-02-13,-0.013988618251390294,1.6501860420419416
2024-02-14,0.020987844068817398,1.671173886110759
2024-02-15,0.01663467331276283,1.687808559423522
2024-02-16,-0.007445630449906662,1.6803629289736153
2024-02-19,0.0,1.6803629289736153
2024-02-20,-0.00889785400272754,1.6714650749708877
2024-02-21,-0.0045257080736688,1.666939366897219
2024-02-22,0.030747481043808436,1.6976868479410274
2024-02-23,-0.0008498210571078694,1.6968370268839195
2024-02-26,0.01021766882801332,1.7070546957119328
2024-02-27,0.007352516784516384,1.7144072124964491
2024-02-28,0.002969144482311677,1.7173763569787608
2024-02-29,0.010789014054149048,1.72816537103291
2024-03-01,0.015144786912267161,1.743310157945177
2024-03-04,0.015214236742373563,1.7585243946875506
2024-03-05,-0.01033935058973516,1.7481850440978155
2024-03-06,0.017219148129946342,1.765404192227762
2024-03-07,0.011875895082647097,1.777280087310409
2024-03-08,-0.0038193298272798924,1.7734607574831291
2024-03-11,-0.006385121843668679,1.7670756356394606
2024-03-12,0.012694647125544006,1.7797702827650046
2024-03-13,0.007220610352639612,1.7869908931176441
2024-03-14,-0.010601196428009822,1.7763896966896344
2024-03-15,0.0012613402647673048,1.7776510369544016
2024-03-18,-0.002022042120419156,1.7756289948339825
2024-03-19,0.0001897325359597849,1.7758187273699424
2024-03-20,0.016298775501146553,1.792117502871089
2024-03-21,0.013595430028177766,1.8057129328992667
2024-03-22,-0.0055655216584503345,1.8001474112408165
2024-03-25,0.011344888711401142,1.8114922999522176
2024-03-26,-0.002655560078673248,1.8088367398735443
2024-03-27,0.009425870905415044,1.8182626107789595
2024-03-28,0.00014544133663802492,1.8184080521155974
2024-03-29,0.0,1.8184080521155974
2024-04-01,-0.0019367450847740048,1.8164713070308234
2024-04-02,-0.008862216217938463,1.807609090812885
2024-04-03,0.008963439752976893,1.816572530565862
2024-04-04,-0.013224296105375316,1.8033482344604868
2024-04-05,0.010879695047104983,1.8142279295075918
2024-04-08,0.002394886047258798,1.8166228155548507
2024-04-09,-0.002656952180553508,1.8139658633742972
2024-04-10,-0.006725541929099235,1.807240321445198
2024-04-11,0.004569536376454779,1.8118098578216528
2024-04-12,-0.018516341442504056,1.7932935163791488
2024-04-15,-0.012108637157862532,1.7811848792212863
2024-04-16,-0.0010976798006526898,1.7800871994206335
2024-04-17,-0.005354400474581671,1.774732798946052
2024-04-18,-0.002194001472964244,1.7725387974730877
2024-04-19,-0.003769914732448214,1.7687688827406396
2024-04-22,0.01158403671499523,1.780352919455635
2024-04-23,0.015455130150418476,1.7958080496060533
2024-04-24,0.00363921080208084,1.7994472604081342
2024-04-25,0.0036168528346886375,1.803064113242823
2024-04-26,0.00826163731256033,1.8113257505553833
2024-04-29,0.0061838338152155475,1.8175095843705988
2024-04-30,-0.012269745610286846,1.805239838760312
2024-05-01,-0.00498519176969492,1.8002546469906169
2024-05-02,0.014223951033516204,1.8144785980241331
2024-05-03,0.009648350197715452,1.8241269482218485
2024-05-06,0.012736673239683612,1.8368636214615321
2024-05-07,9.855540616271015e-05,1.836962176867695
2024-05-08,0.0026973660199328515,1.8396595428876277
2024-05-09,0.010089536007407416,1.849749078895035
2024-05-10,0.0026143253491917014,1.8523634042442267
2024-05-13,-0.0013152483075668522,1.8510481559366598
2024-05-14,0.00797043672619022,1.85901859266285
2024-05-15,0.015600260688035161,1.8746188533508852
2024-05-16,-0.004515502620669964,1.8701033507302152
2024-05-17,0.004077843110597985,1.874181193840813
2024-05-20,0.006796506729809889,1.880977700570623
2024-05-21,0.0027021784912124604,1.8836798790618354
2024-05-22,-0.0010482257582213805,1.882631653303614
2024-05-23,-0.008585110684783131,1.8740465426188309
2024-05-24,0.01760518040248907,1.89165172302132
2024-05-27,0.0,1.89165172302132
2024-05-28,-0.002182002754162701,1.889469720267157
2024-05-29,-0.009271693175115284,1.8801980270920418
2024-05-30,0.0027160652749843007,1.882914092367026
2024-05-31,-0.0002640942952123696,1.8826499980718137
2024-06-03,-0.00116174475837022,1.8814882533134434
2024-06-04,-0.002698107193088176,1.878790146120355
2024-06-05,0.017771302492412173,1.8965614486127673
2024-06-06,-0.0038417334012370314,1.8927197152115303
2024-06-07,-0.004875478081323582,1.8878442371302067
2024-06-10,0.010916581753668235,1.898760818883875
2024-06-11,-0.00014864071444791444,1.898612178169427
2024-06-12,0.012778355638998665,1.9113905338084256
2024-06-13,-0.0003842347222978405,1.9110062990861278
2024-06-14,-0.007273169254501442,1.9037331298316265
2024-06-17,0.00940951943813516,1.9131426492697616
2024-06-18,0.009216309958967009,1.9223589592287287
2024-06-19,0.0,1.9223589592287287
2024-06-20,-0.0072364119957623535,1.9151225472329663
2024-06-21,-0.003489976426283101,1.9116325708066833
2024-06-24,-0.002361591923805509,1.9092709788828777
2024-06-25,0.0034049649994023407,1.91267594388228
2024-06-26,-0.003236278347192637,1.9094396655350874
2024-06-27,0.0022015995200540634,1.9116412650551415
2024-06-28,-0.0017196896767262557,1.9099215753784153
2024-07-01,-0.0031503938051019842,1.9067711815733133
2024-07-02,0.006326670617179473,1.9130978521904927
2024-07-03,0.0037481336152491995,1.9168459858057418
2024-07-04,0.0,1.9168459858057418
2024-07-05,0.004836953103546534,1.9216829389092884
2024-07-08,0.003885664613470193,1.9255686035227586
2024-07-09,0.0019395760249758575,1.9275081795477345
2024-07-10,0.009744588071035768,1.9372527676187703
2024-07-11,-2.4331652257028846e-05,1.9372284359665133
2024-07-12,0.009185879784555814,1.9464143157510692
2024-07-15,0.004043198463450408,1.9504575142145195
2024-07-16,0.016724349648089613,1.967181863862609
2024-07-17,-0.009511709362401156,1.957670154500208
2024-07-18,-0.006806999307495095,1.950863155192713
2024-07-19,-0.0032697881121813866,1.9475933670805314
2024-07-22,0.011284878424276631,1.9588782455048082
2024-07-23,-0.0025228524550979336,1.9563553930497102
2024-07-24,-0.015683069280988546,1.9406723237687216
2024-07-25,0.005474483265479654,1.9461468070342012
2024-07-26,0.022154600450471452,1.9683014074846725
2024-07-29,0.0013411459900249277,1.9696425534746975
2024-07-30,0.006511577139350179,1.9761541306140478
2024-07-31,0.0029966056613774756,1.9791507362754253
2024-08-01,-0.008254273499053276,1.970896462776372
2024-08-02,-0.013763381112021515,1.9571330816643506
2024-08-05,-0.02225673065441799,1.9348763510099327
2024-08-06,0.010732166961544234,1.945608517971477
2024-08-07,-0.006254105889182458,1.9393544120822945
2024-08-08,0.021697064222251577,1.9610514763045461
2024-08-09,0.0020644701334617418,1.963115946438008
2024-08-12,-0.00284699141836707,1.9602689550196408
2024-08-13,0.013577836127378068,1.973846791147019
2024-08-14,0.00567023647240124,1.9795170276194203
2024-08-15,0.010517681917420443,1.9900347095368407
2024-08-16,0.0018145045204360493,1.9918492140572768
2024-08-19,0.007540581310796361,1.999389795368073
2024-08-20,-0.0031257149317831727,1.99626408043629
2024-08-21,0.008438132202203517,2.0047022126384935
2024-08-22,-0.0029513415131411256,2.001750871125352
2024-08-23,0.01374814305965844,2.0154990141850107
2024-08-26,-0.003031806237693593,2.012467207947317
2024-08-27,0.0042601341238406925,2.016727342071158
2024-08-28,-0.004866527202566011,2.011860814868592
2024-08-29,0.0058069407322338855,2.0176677556008262
2024-08-30,0.008893523917388738,2.026561279518215
2024-09-02,0.0,2.026561279518215
2024-09-03,-0.017454451474005005,2.0091068280442097
2024-09-04,0.0009387060145510547,2.0100455340587606
2024-09-05,-0.004147914661189327,2.0058976193975715
2024-09-06,-0.010383136719169125,1.9955144826784024
2024-09-09,0.012246166556425443,2.007760649234828
2024-09-10,0.0048107378446004745,2.0125713870794284
2024-09-11,0.007033970439981796,2.0196053575194104
2024-09-12,0.00965826520974186,2.029263622729152
2024-09-13,0.011514050792847997,2.0407776735220002
2024-09-16,0.008530665035034616,2.0493083385570348
2024-09-17,0.002296558232091656,2.0516048967891263
2024-09-18,-0.0007146530044110014,2.0508902437847154
2024-09-19,0.01327113339437105,2.0641613771790865
2024-09-20,0.0036042194670196067,2.067765596646106
2024-09-23,0.007082250160148009,2.074847846806254
2024-09-24,0.0028169509472854883,2.0776647977535396
2024-09-25,-0.002353833451445918,2.0753109643020937
2024-09-26,0.005165473695737886,2.0804764379978318
2024-09-27,0.0018744343649771743,2.082350872362809
2024-09-30,0.002678264764190687,2.0850291371269996
2024-10-01,-0.0033383327063540038,2.0816908044206457
2024-10-02,0.0033815589317105557,2.0850723633523565
2024-10-03,0.00023167947890056503,2.085304042831257
2024-10-04,0.013237711436012987,2.09854175426727
2024-10-07,-0.005423129957200163,2.09311862431007
2024-10-08,0.005044132504098916,2.098162756814169
2024-10-09,0.007113996297098941,2.105276753111268
2024-10-10,-0.0032567294282397886,2.102020023683028
2024-10-11,0.01366465746146684,2.115684681144495
2024-10-14,0.005542347652545052,2.12122702879704
2024-10-15,-0.006234594922324309,2.1149924338747157
2024-10-16,0.009985526274622012,2.1249779601493377
2024-10-17,1.5253717194625761e-05,2.1249932138665324
2024-10-18,0.008297846997360962,2.1332910608638933
2024-10-21,-0.002383301256520614,2.1309077596073727
2024-10-22,-0.0017992897068561924,2.1291084699005163
2024-10-23,-0.006280870286282218,2.122827599614234
2024-10-24,0.007181198808768151,2.130008798423002
2024-10-25,-0.003721301683296031,2.126287496739706
2024-10-28,0.008828326058750599,2.1351158227984564
2024-10-29,0.0040004612791773074,2.139116284077634
2024-10-30,0.0007153907313076897,2.1398316748089417
2024-10-31,-0.006869769268265758,2.132961905540676
2024-11-01,0.0019746302680442506,2.1349365358087202
2024-11-04,1.4002708356552708e-05,2.1349505385170766
2024-11-05,0.020239885130888584,2.1551904236479653
2024-11-06,0.0414615717130686,2.1966519953610337
2024-11-07,0.00986794485233097,2.2065199402133646
2024-11-08,0.016329319512335978,2.2228492597257006
2024-11-11,0.016777069988240415,2.239626329713941
2024-11-12,-0.003291567694055139,2.2363347620198857
2024-11-13,-0.0018060012928799172,2.234528760727006
2024-11-14,-0.010048057734606347,2.2244807029923996
2024-11-15,-0.002261406689573825,2.2222192963028258
2024-11-18,0.008256970762631044,2.2304762670654568
2024-11-19,0.006485285128565443,2.236961552194022
2024-11-20,0.006555748145272042,2.243517300339294
2024-11-21,0.008944404182446868,2.2524617045217408
2024-11-22,0.011503986259057611,2.2639656907807986
2024-11-25,0.0015308211004562637,2.265496511881255
2024-11-26,0.0008545625515502948,2.266351074432805
2024-11-27,-0.000363972705392042,2.265987101727413
2024-11-28,0.0,2.265987101727413
2024-11-29,0.003641973909244033,2.269629075636657
2024-12-02,7.84780348515034e-05,2.2697075536715086
2024-12-03,0.0016820885853407214,2.271389642256849
2024-12-04,0.011673381740759346,2.2830630239976086
2024-12-05,-0.00403239930845413,2.2790306246891543
2024-12-06,0.007958998385445646,2.2869896230746
2024-12-09,-0.01671969767393022,2.2702699254006697
2024-12-10,-0.006123846993218503,2.2641460784074514
2024-12-11,0.011530436416323559,2.275676514823775
2024-12-12,-0.003243388094660803,2.2724331267291142
2024-12-13,0.0024962069212649163,2.274929333650379
2024-12-16,0.006362692133551993,2.281292025783931
2024-12-17,-0.00888295253596402,2.272409073247967
2024-12-18,-0.03832325303544787,2.234085820212519
2024-12-19,0.0020532008927244385,2.2361390211052434
2024-12-20,0.017929379851480926,2.2540684009567244
2024-12-23,0.0011318209861576694,2.255200221942882
2024-12-24,0.012576439661734594,2.267776661604617
2024-12-25,0.0,2.267776661604617
2024-12-26,0.001147071875876206,2.2689237334804933
2024-12-27,-0.010775023277068377,2.258148710203425
2024-12-30,-0.009959678851006907,2.248189031352418
2024-12-31,-0.003534555009139467,2.2446544763432783
2025-01-01,0.0,2.2446544763432783
2025-01-02,0.0016049601580218422,2.2462594365013
2025-01-03,0.014736031711762363,2.2609954682130624
2025-01-06,0.00920725851322044,2.270202726726283
2025-01-07,-0.009221453834680737,2.2609812728916023
2025-01-08,0.0021689507931205547,2.2631502236847227
2025-01-09,0.0,2.2631502236847227
2025-01-10,-0.005253323645242474,2.2578969000394804
2025-01-13,0.0018150005240735296,2.2597119005635538
2025-01-14,0.010648342255005045,2.2703602428185587
2025-01-15,0.01394677320581463,2.2843070160243735
2025-01-16,0.010460723832083171,2.2947677398564568
2025-01-17,0.0101813965258851,2.304949136382342
2025-01-20,0.0,2.304949136382342
2025-01-21,0.01675688767840163,2.3217060240607434
2025-01-22,0.0037994136122023914,2.325505437672946
2025-01-23,0.005844151862986988,2.331349589535933
2025-01-24,-0.00017295617356167698,2.331176633362371
2025-01-27,-0.024582544000109757,2.306594089362261
2025-01-28,0.008074592720559085,2.31466868208282
2025-01-29,0.001830381922604506,2.316499064005425
2025-01-30,0.015114891958053302,2.331613955963478
2025-01-31,-0.007088685528786021,2.324525270434692
2025-02-03,-0.0009794092028128044,2.3235458612318793
2025-02-04,0.009204152654905196,2.3327500138867845
2025-02-05,0.00894126961370582,2.34169128350049
2025-02-06,0.0038326437330921752,2.3455239272335824
2025-02-07,-0.0034670374824828177,2.3420568897510994
2025-02-10,0.008153229738758833,2.350210119489858
2025-02-11,-0.003376392630578837,2.346833726859279
2025-02-12,0.002704889479892517,2.3495386163391716
2025-02-13,0.016544243670565555,2.366082860009737
2025-02-14,0.004776184968211636,2.3708590449779487
2025-02-17,0.0,2.3708590449779487
2025-02-18,0.010337497109575822,2.3811965420875247
2025-02-19,-0.0008213387537361524,2.3803752033337884
2025-02-20,-0.010298102726719497,2.3700771006070687
2025-02-21,-0.020292124340448612,2.34978497626662
2025-02-24,-0.004286447856012419,2.345498528410608
2025-02-25,-0.005980711496251806,2.339517816914356
2025-02-26,0.0023105627142769535,2.341828379628633
2025-02-27,-0.010655193422851705,2.331173186205781
2025-02-28,0.012638488318966233,2.3438116745247473
2025-03-03,-0.006321775228266022,2.3374898992964814
2025-03-04,-0.013384128575981402,2.3241057707205
2025-03-05,0.007630897657751144,2.331736668378251
2025-03-06,-0.012778987874499154,2.318957680503752
2025-03-07,0.010151008281009151,2.3291086887847614
2025-03-10,-0.009767735884145675,2.3193409529006157
2025-03-11,-0.012969850452195302,2.3063711024484204
2025-03-12,-0.006631106831970214,2.29973999561645
2025-03-13,-0.0032407727825728627,2.296499222833877
2025-03-14,0.017554417632368275,2.3140536404662453
2025-03-17,0.014727687959979944,2.328781328426225
2025-03-18,-0.00514100456631043,2.3236403238599146
2025-03-19,0.0050867624720795125,2.328727086331994
2025-03-20,-0.0010926561497489914,2.327634430182245
2025-03-21,-0.002699875425014586,2.3249345547572307
2025-03-24,0.013233695534798199,2.338168250292029
2025-03-25,1.841831844747265e-05,2.338186668610476
2025-03-26,-0.004029144709713596,2.3341575239007626
2025-03-27,0.0003261514466475228,2.33448367534741
2025-03-28,-0.011436487751985058,2.323047187595425
2025-03-31,0.008463807214185595,2.3315109948096104
2025-04-01,0.0024807358042534654,2.333991730613864
2025-04-02,0.005366670817212601,2.339358401431076
2025-04-03,-0.014746296193835457,2.324612105237241
2025-04-04,-0.0576265036865125,2.2669856015507284
2025-04-07,-0.011800192684595607,2.255185408866133
2025-04-08,-0.00872995759066174,2.2464554512754713
2025-04-09,0.0581756756335332,2.3046311269090043
2025-04-10,-0.009969865014823174,2.294661261894181
2025-04-11,0.02058370406270609,2.3152449659568872
2025-04-14,0.009997700230547135,2.3252426661874344
2025-04-15,-0.0005667917434176398,2.324675874444017
2025-04-16,-0.009664489021265061,2.3150113854227516
2025-04-17,0.0033697547446777274,2.3183811401674292
2025-04-18,0.0,2.3183811401674292
2025-04-21,-0.020551413687249043,2.29782972648018
2025-04-22,0.023809268715381384,2.3216389951955616
2025-04-23,0.008895279315171254,2.330534274510733
2025-04-24,0.018400027999452406,2.348934302510185
2025-04-25,0.004809296872953201,2.3537435993831384
2025-04-28,0.00278821194379914,2.3565318113269376
2025-04-29,0.008693602436059907,2.3652254137629973
2025-04-30,0.004219735739229887,2.3694451495022273
2025-05-01,0.0020727572416846625,2.371517906743912
2025-05-02,0.01887016523001321,2.390388071973925
2025-05-05,0.0008702756456030958,2.3912583476195284
2025-05-06,-0.004124926565384833,2.3871334210541435
2025-05-07,0.006085827782858112,2.3932192488370014
2025-05-08,0.007189061439034545,2.400408310276036
2025-05-09,0.0021142051741341755,2.4025225154501704
2025-05-12,0.028104000044076316,2.4306265154942466
2025-05-13,0.013996747882182818,2.4446232633764295
2025-05-14,-0.001513259370601114,2.4431100040058285
2025-05-15,0.005803225491889071,2.4489132294977174
2025-05-16,0.00970885735948801,2.4586220868572055
2025-05-19,0.0016912894651746845,2.46031337632238
2025-05-20,-0.0017126885844328114,2.458600687737947
2025-05-21,-0.018661178851886607,2.4399395088860607
2025-05-22,-0.00010213161717892715,2.4398373772688817
2025-05-23,-0.0011112190348183326,2.4387261582340636
2025-05-26,0.0,2.4387261582340636
2025-05-27,0.020614460620803344,2.459340618854867
2025-05-28,-0.005713282948864112,2.453627335906003
2025-05-29,-5.167664853718374e-05,2.453575659257466
2025-05-30,0.004628917849065682,2.4582045771065313
2025-06-02,0.007576924918908003,2.465781502025439
2025-06-03,0.011159578401319072,2.476941080426758
2025-06-04,-0.0018426814695001348,2.475098398957258
2025-06-05,-0.001358759650582201,2.4737396393066757
2025-06-06,0.007960149742092587,2.4816997890487684
2025-06-09,-0.0015357252023757127,2.480164063846393
2025-06-10,0.00024609551355647653,2.4804101593599492
2025-06-11,0.001878068238973043,2.4822882275989224
2025-06-12,0.0043315458600491985,2.4866197734589717
2025-06-13,-0.007900035956722852,2.478719737502249
2025-06-16,0.016787695312487895,2.495507432814737
2025-06-17,-0.006830230580505676,2.488677202234231
2025-06-18,0.004139757974488579,2.4928169602087196
2025-06-19,0.0,2.4928169602087196
2025-06-20,0.0009802227816029581,2.4937971829903227
2025-06-23,0.007964252894723233,2.501761435885046
2025-06-24,0.012496878887080386,2.5142583147721265
2025-06-25,-0.001406984341276462,2.51285133043085
2025-06-26,0.010583579389055603,2.5234349098199056
2025-06-27,0.0032830632814222216,2.5267179731013276
2025-06-30,0.00891204842031734,2.5356300215216447
2025-07-01,0.00017191900693237853,2.535801940528577
2025-07-02,0.012440843607436358,2.548242784136013
2025-07-03,0.007231439795698447,2.5554742239317116
2025-07-04,0.0,2.5554742239317116
2025-07-07,-0.006815491967743901,2.5486587319639677
2025-07-08,-4.145147194734426e-05,2.5486172804920204
2025-07-09,0.008144073539498043,2.5567613540315186
2025-07-10,0.009923855493024474,2.566685209524543
2025-07-11,-0.0048227731811963355,2.561862436343347
2025-07-14,0.0019987366100172404,2.5638611729533642
2025-07-15,-0.008778022911963062,2.5550831500414013
2025-07-16,0.004954253350496869,2.560037403391898
2025-07-17,0.0114188969067838,2.571456300298682
2025-07-18,0.0027288612979693354,2.574185161596651
2025-07-21,-0.0026986536647687184,2.5714865079318825
2025-07-22,0.00967308088258698,2.5811595888144696
2025-07-23,0.014369972173166955,2.5955295609876368
2025-07-24,0.003539471986904321,2.599069032974541
2025-07-25,0.008083256212943058,2.607152289187484
2025-07-28,-0.0007983073079754708,2.6063539818795083
2025-07-29,-0.0007121332479167264,2.6056418486315915
2025-07-30,0.001504591774606855,2.6071464404061984
2025-07-31,-0.00670915008627036,2.600437290319928
2025-08-01,-0.011128979307049295,2.5893083110128785
2025-08-04,0.02046247152746956,2.609770782540348
2025-08-05,-0.0038333343229802123,2.605937448217368
2025-08-06,0.0005561878502971295,2.606493636067665
2025-08-07,0.0026240638900004868,2.6091176999576655
2025-08-08,0.003232972164565468,2.612350672122231
2025-08-11,-0.002086829627204003,2.610263842495027
2025-08-12,0.015012151660374258,2.625275994155401
2025-08-13,0.00793944187789639,2.6332154360332973
2025-08-14,-0.0070253149381036524,2.6261901210951937
2025-08-15,-0.0024013960693371754,2.6237887250258565
2025-08-18,0.0020564653590318363,2.6258451903848883
2025-08-19,-0.0020965399821184856,2.62374865040277
2025-08-20,-0.003742703825179423,2.6200059465775904
2025-08-21,-0.0016545442500735294,2.6183514023275167
2025-08-22,0.022088780429844676,2.6404401827573616
2025-08-25,-0.003409332448233689,2.6370308503091278
2025-08-26,0.0018534940530260718,2.638884344362154
2025-08-27,0.0027785025251775525,2.6416628468873316
2025-08-28,0.00421286786056137,2.645875714747893
2025-08-29,-0.0027991639876825424,2.6430765507602105
2025-09-01,0.0,2.6430765507602105
2025-09-02,-0.0031116549480986093,2.639964895812112
2025-09-03,0.002594220706953505,2.6425591165190654
2025-09-04,0.010175937646958228,2.6527350541660235
2025-09-05,0.004263135583543176,2.6569981897495665
2025-09-08,0.0037932782988628765,2.6607914680484295
2025-09-09,-0.002563166312735873,2.6582283017356936
2025-09-10,0.0071455729277971666,2.6653738746634907
2025-09-11,0.016561180178505323,2.681935054841996
2025-09-12,-0.0030438158478444917,2.6788912389941517
2025-09-15,0.007006980190972048,2.6858982191851237
2025-09-16,-0.0008550652122365165,2.685043153972887
2025-09-17,-0.000685884245690696,2.6843572697271965
2025-09-18,0.01376632757195197,2.6981235972991486
2025-09-19,0.002975629763143677,2.701099227062292
2025-09-22,0.005600764532450794,2.706699991594743
2025-09-23,0.001357471919285638,2.7080574635140287
2025-09-24,-0.003303701034625561,2.704753762479403
2025-09-25,-0.006625053711470492,2.6981287087679324
2025-09-26,0.011043242613128574,2.709171951381061
2025-09-29,0.007270749360387905,2.716442700741449
2025-09-30,0.006103993841848279,2.7225466945832975
2025-10-01,0.012343091476896483,2.7348897860601937
2025-10-02,0.00446386385132004,2.739353649911514
2025-10-03,0.0019555966414767493,2.7413092465529907
2025-10-06,0.004049698565948229,2.745358945118939
2025-10-07,-0.007634056792249093,2.73772488832669
2025-10-08,0.009347567079740169,2.74707245540643
2025-10-09,-0.007374275467479047,2.739698179938951
2025-10-10,-0.028961091854786167,2.710737088084165
2025-10-13,0.01718168754836068,2.7279187756325256
2025-10-14,0.0015554549028046886,2.72947423053533
2025-10-15,0.011488384591331429,2.7409626151266617
2025-10-16,-0.0043170348739100676,2.736645580252752
2025-10-17,-0.0004789243160398018,2.736166655936712
2025-10-20,0.011710291622176397,2.7478769475588884
2025-10-21,5.859322864410657e-05,2.7479355407875325
2025-10-22,-0.00719511348373065,2.740740427303802
2025-10-23,0.014056911683089104,2.754797338986891
2025-10-24,0.01090752890732654,2.7657048678942173
2025-10-27,0.007467938497079758,2.773172806391297
2025-10-28,-0.0036964862001175746,2.7694763201911794
2025-10-29,0.007211556647354755,2.776687876838534
2025-10-30,-0.00416220673946785,2.7725256700990664
2025-10-31,0.00551908364664215,2.7780447537457085
2025-11-03,0.0033723326361662807,2.781417086381875
2025-11-04,-0.011713029792797919,2.769704056589077
2025-11-05,0.014749975418901629,2.7844540320079787
2025-11-06,-0.004106921654704445,2.7803471103532744
2025-11-07,0.006534464353796899,2.7868815747070714
2025-11-10,0.01495404473615075,2.801835619443222
2025-11-11,0.00010153043433121227,2.801937149877553
2025-11-12,0.0026647675881234408,2.8046019174656767
2025-11-13,-0.017007999082355806,2.7875939183833207
2025-11-14,-0.0029578217156810485,2.7846360966676396
2025-11-17,-0.008622813104002702,2.776013283563637
2025-11-18,-0.0019068340921474863,2.7741064494714895
2025-11-19,0.0022003113689177812,2.7763067608404075
2025-11-20,-0.016400465569743426,2.759906295270664
2025-11-21,0.018570214355417093,2.778476509626081
2025-11-24,0.01288078070959034,2.791357290335671
2025-11-25,0.0179328301395967,2.809290120475268
2025-11-26,0.0078113783355978255,2.8171014988108656
2025-11-27,0.0,2.8171014988108656
2025-11-28,0.005066806075312255,2.8221683048861776
2025-12-01,-0.005575230472265069,2.8165930744139125
2025-12-02,0.0034470955462967004,2.820040169960209
2025-12-03,0.00872750113839648,2.8287676710986056
2025-12-04,0.00017522678896612415,2.828942897887572
2025-12-05,0.008603293174421742,2.8375461910619935
2025-12-08,-0.00396966249127614,2.8335765285707173
2025-12-09,0.0018413528423976131,2.835417881413115
2025-12-10,0.022191067495497152,2.857608948908612
2025-12-11,0.007745344184660136,2.8653542930932723
2025-12-12,-0.011689416894472473,2.8536648761988
2025-12-15,0.0020281976616815913,2.8556930738604813
2025-12-16,-0.006264001690509483,2.849429072169972
2025-12-17,-0.005826585617033174,2.843602486552939
2025-12-18,0.007536506643985468,2.8511389931969244
2025-12-19,0.010571792919907917,2.8617107861168325
2025-12-22,0.010799885997305868,2.8725106721141382
2025-12-23,-0.0037511965434068612,2.8687594755707315
2025-12-24,0.00418247791488378,2.8729419534856153
2025-12-25,0.0,2.8729419534856153
2025-12-26,-0.0001777172477584488,2.872764236237857
2025-12-29,-0.00454702207906096,2.868217214158796
2025-12-30,-0.0032630069726440067,2.8649542071861522
2025-12-31,-0.009611817477970248,2.855342389708182
2026-01-01,0.0,2.855342389708182
2026-01-02,0.019895711544839385,2.8752381012530215
2026-01-05,0.01564548531095568,2.890883586563977
2026-01-06,0.023070474825810757,2.913954061389788
2026-01-07,-0.011124521450887133,2.902829539938901
2026-01-08,0.003338370117558203,2.906167910056459
2026-01-09,0.014146667408112563,2.9203145774645716
2026-01-12,0.0037227055489674763,2.924037283013539
2026-01-13,0.005268086051826648,2.9293053690653656
2026-01-14,0.004106116239253868,2.9334114853046196
2026-01-15,0.010764350320680932,2.9441758356253005
2026-01-16,0.0009971051768400926,2.9451729408021405
2026-01-19,0.0,2.9451729408021405
2026-01-20,-0.011744365184042475,2.933428575618098
2026-01-21,0.0,2.933428575618098
